Sample_ID,Sample_Longitude_obs,Sample_Latitude_obs,Mean_Temp_Deg_C,pH,Mean_DO_mg_per_L,Mean_DO_percent_saturation,Normalized_Respiration_Rate_mg_DO_per_H_per_L_sediment_obs,Sample_Longitude_pre_avg,Sample_Latitude_pre_avg,Normalized_Respiration_Rate_mg_DO_per_H_per_L_sediment_pre_avg,mean.error,predict.error,pca.dist,mean.error.scaled,pca.dist.scaled,combined.metric
CM_001-1,-117.180494,46.732215,8.66,6.5,10.25,87.93,-41.53,-117.180494,46.732215,-250.60806875673703,112.61297029552574,1144.766528215558,2.521517386394006,0.1920242539867634,0.1731581279326281,0.0332505603380074
CM_001-2,-117.180494,46.732215,8.66,6.5,10.25,87.93,-47.82,-117.180494,46.732215,-250.60806875673703,112.61297029552574,1144.766528215558,2.521517386394006,0.1920242539867634,0.1731581279326281,0.0332505603380074
CM_001-3,-117.180494,46.732215,8.66,6.5,10.25,87.93,-42.31,-117.180494,46.732215,-250.60806875673703,112.61297029552574,1144.766528215558,2.521517386394006,0.1920242539867634,0.1731581279326281,0.0332505603380074
CM_002-1,-77.388447,38.7819267,19.95,6.5,9.42,103.51,-83.28,-77.388447,38.7819267,-241.92802677591948,112.3526615105298,1144.7445166865568,0.4272385377653948,0.1907423421899133,0.0293394072074699,0.0055962672492164
CM_002-2,-77.388447,38.7819267,19.95,6.5,9.42,103.51,-173.76,-77.388447,38.7819267,-241.92802677591948,112.3526615105298,1144.7445166865568,0.4272385377653948,0.1907423421899133,0.0293394072074699,0.0055962672492164
CM_003-1,-77.1803039,40.1046605,14.93,6.5,9.42,93.22,-6.67,-77.1803039,40.1046605,-95.21244113978597,118.59455072468356,1145.3789623404978,0.5788931780643899,0.2009533301547089,0.0397538638946097,0.0079886713361388
CM_003-2,-77.1803039,40.1046605,14.93,6.5,9.42,93.22,-8.08,-77.1803039,40.1046605,-95.21244113978597,118.59455072468356,1145.3789623404978,0.5788931780643899,0.2009533301547089,0.0397538638946097,0.0079886713361388
CM_003-3,-77.1803039,40.1046605,14.93,6.5,9.42,93.22,-9.91,-77.1803039,40.1046605,-95.21244113978597,118.59455072468356,1145.3789623404978,0.5788931780643899,0.2009533301547089,0.0397538638946097,0.0079886713361388
CM_004-1,-73.19778,42.72306,14.89,6.5,11.31,111.85,-7.22,-73.19778,42.72306,-93.82012453245252,118.68712787505362,1145.389128775745,0.6678580808929752,0.2011111391551697,0.0458632788479352,0.0092236162544994
CM_004-2,-73.19778,42.72306,14.89,6.5,11.31,111.85,-17.87,-73.19778,42.72306,-93.82012453245252,118.68712787505362,1145.389128775745,0.6678580808929752,0.2011111391551697,0.0458632788479352,0.0092236162544994
CM_004-3,-73.19778,42.72306,14.89,6.5,11.31,111.85,-9.84,-73.19778,42.72306,-93.82012453245252,118.68712787505362,1145.389128775745,0.6678580808929752,0.2011111391551697,0.0458632788479352,0.0092236162544994
CM_006-1,-119.8217832,38.9745676,17.8,7.5,7.63,80.23,-3657.26,-119.8217832,38.9745676,-2699.514339894017,300.72015358445435,1179.286878003035,5.203126215089193,0.5041069689884774,0.357310086245522,0.1801225045662415
CM_006-2,-119.8217832,38.9745676,17.8,7.5,7.63,80.23,-2199.18,-119.8217832,38.9745676,-2699.514339894017,300.72015358445435,1179.286878003035,5.203126215089193,0.5041069689884774,0.357310086245522,0.1801225045662415
CM_006-3,-119.8217832,38.9745676,17.8,7.5,7.63,80.23,-2196.81,-119.8217832,38.9745676,-2699.514339894017,300.72015358445435,1179.286878003035,5.203126215089193,0.5041069689884774,0.357310086245522,0.1801225045662415
CM_007-1,-121.580361,39.007299,13.15,6.5,10.53,100.23,-2.13,-121.580361,39.007299,-109.5946653363878,117.77476386877764,1145.292356841122,4.76487929002781,0.1996724775175185,0.3272147089440061,0.0653357716150234
CM_007-2,-121.580361,39.007299,13.15,6.5,10.53,100.23,-1.78,-121.580361,39.007299,-109.5946653363878,117.77476386877764,1145.292356841122,4.76487929002781,0.1996724775175185,0.3272147089440061,0.0653357716150234
CM_007-3,-121.580361,39.007299,13.15,6.5,10.53,100.23,-6.94,-121.580361,39.007299,-109.5946653363878,117.77476386877764,1145.292356841122,4.76487929002781,0.1996724775175185,0.3272147089440061,0.0653357716150234
CM_008-1,-117.611779,33.94849,29.98,9.5,18.88,249.65,-2719.07,-117.611779,33.94849,-2909.9293649774427,324.54220471825386,1186.9736431103156,3.98380638883022,0.5474123963033568,0.2735767201361242,0.1497592879425285
CM_008-2,-117.611779,33.94849,29.98,9.5,18.88,249.65,-3664.98,-117.611779,33.94849,-2909.9293649774427,324.54220471825386,1186.9736431103156,3.98380638883022,0.5474123963033568,0.2735767201361242,0.1497592879425285
CM_008-3,-117.611779,33.94849,29.98,9.5,18.88,249.65,-2756.74,-117.611779,33.94849,-2909.9293649774427,324.54220471825386,1186.9736431103156,3.98380638883022,0.5474123963033568,0.2735767201361242,0.1497592879425285
CM_010-1,-79.8466751,33.666607,25.62,6.5,6.36,77.85,-6.64,-79.8466751,33.666607,-147.0351894359625,115.88196264712748,1145.096398109144,3.3876536648530715,0.1968627764035636,0.2326376053781467,0.0457976848906185
CM_010-2,-79.8466751,33.666607,25.62,6.5,6.36,77.85,-4.16,-79.8466751,33.666607,-147.0351894359625,115.88196264712748,1145.096398109144,3.3876536648530715,0.1968627764035636,0.2326376053781467,0.0457976848906185
CM_010-3,-79.8466751,33.666607,25.62,6.5,6.36,77.85,-5.69,-79.8466751,33.666607,-147.0351894359625,115.88196264712748,1145.096398109144,3.3876536648530715,0.1968627764035636,0.2326376053781467,0.0457976848906185
CM_011-1,-73.506215,42.505483,24.95,6.5,8.49,102.7,-93.9,-73.506215,42.505483,-175.38489354227704,114.55680846506868,1144.9625490154583,0.7041418773511458,0.1945457358112142,0.0483549667113175,0.00940725257898
CM_011-2,-73.506215,42.505483,24.95,6.5,8.49,102.7,-82.29,-73.506215,42.505483,-175.38489354227704,114.55680846506868,1144.9625490154583,0.7041418773511458,0.1945457358112142,0.0483549667113175,0.00940725257898
CM_011-3,-73.506215,42.505483,24.95,6.5,8.49,102.7,-105.08,-73.506215,42.505483,-175.38489354227704,114.55680846506868,1144.9625490154583,0.7041418773511458,0.1945457358112142,0.0483549667113175,0.00940725257898
CM_012-1,-73.33724,42.763802,22.49,6.5,10.32,119.16,-38.69,-73.33724,42.763802,-112.17337110906324,117.72446330810428,1145.2887737779874,1.0894999203350326,0.1995562311442316,0.0748183485094886,0.0149304676489891
CM_012-2,-73.33724,42.763802,22.49,6.5,10.32,119.16,-33.77,-73.33724,42.763802,-112.17337110906324,117.72446330810428,1145.2887737779874,1.0894999203350326,0.1995562311442316,0.0748183485094886,0.0149304676489891
CM_012-3,-73.33724,42.763802,22.49,6.5,10.32,119.16,-28.09,-73.33724,42.763802,-112.17337110906324,117.72446330810428,1145.2887737779874,1.0894999203350326,0.1995562311442316,0.0748183485094886,0.0149304676489891
CM_013-1,-83.1577589,41.309341,24.56,7.0,8.56,102.8,-38.07,-83.1577589,41.309341,-197.57093272102756,113.65782578882826,1144.87118305356,3.177003978627704,0.1933895436727665,0.218171829526986,0.0421921505544763
CM_013-2,-83.1577589,41.309341,24.56,7.0,8.56,102.8,-35.25,-83.1577589,41.309341,-197.57093272102756,113.65782578882826,1144.87118305356,3.177003978627704,0.1933895436727665,0.218171829526986,0.0421921505544763
CM_013-3,-83.1577589,41.309341,24.56,7.0,8.56,102.8,-39.92,-83.1577589,41.309341,-197.57093272102756,113.65782578882826,1144.87118305356,3.177003978627704,0.1933895436727665,0.218171829526986,0.0421921505544763
CM_014-1,-77.4402867,35.3667814,27.92,6.5,5.15,65.74,-46.59,-77.4402867,35.3667814,-190.0474667175976,114.0032744075988,1144.9062968424348,3.26258185252388,0.1938530454714463,0.2240486497766802,0.0434325130929749
CM_014-2,-77.4402867,35.3667814,27.92,6.5,5.15,65.74,-56.28,-77.4402867,35.3667814,-190.0474667175976,114.0032744075988,1144.9062968424348,3.26258185252388,0.1938530454714463,0.2240486497766802,0.0434325130929749
CM_014-3,-77.4402867,35.3667814,27.92,6.5,5.15,65.74,-32.54,-77.4402867,35.3667814,-190.0474667175976,114.0032744075988,1144.9062968424348,3.26258185252388,0.1938530454714463,0.2240486497766802,0.0434325130929749
CM_015-1,-106.046835,39.480297,11.05,6.5,7.86,71.4,-40.73,-106.04683500000002,39.480297,-102.35637557528062,118.30992202416034,1145.35030348366,3.69128101284837,0.2003745231314442,0.2534883611380354,0.0507926094824051
CM_015-2,-106.046835,39.480297,11.05,6.5,7.86,71.4,-33.1,-106.04683500000002,39.480297,-102.35637557528062,118.30992202416034,1145.35030348366,3.69128101284837,0.2003745231314442,0.2534883611380354,0.0507926094824051
CM_015-3,-106.046835,39.480297,11.05,6.5,7.86,71.4,-22.8,-106.04683500000002,39.480297,-102.35637557528062,118.30992202416034,1145.35030348366,3.69128101284837,0.2003745231314442,0.2534883611380354,0.0507926094824051
CM_016-1,-83.96496,43.40991,26.1,7.2,11.35,140.2,-3860.77,-83.96496,43.40991,-3673.643079746017,415.4471058347581,1213.5788851674604,3.269237828699706,0.7007255011638822,0.2245057302554384,0.1573168903474054
CM_016-2,-83.96496,43.40991,26.1,7.2,11.35,140.2,-3462.55,-83.96496,43.40991,-3673.643079746017,415.4471058347581,1213.5788851674604,3.269237828699706,0.7007255011638822,0.2245057302554384,0.1573168903474054
CM_016-3,-83.96496,43.40991,26.1,7.2,11.35,140.2,-3840.88,-83.96496,43.40991,-3673.643079746017,415.4471058347581,1213.5788851674604,3.269237828699706,0.7007255011638822,0.2245057302554384,0.1573168903474054
CM_018-1,-102.126046,41.316592,20.47,8.0,8.26,91.71,-1.78,-102.126046,41.316592,-141.24496037034157,116.10681537847977,1145.1195175996415,3.435457814133602,0.1973118351131756,0.2359204211308733,0.0465498912340058
CM_018-2,-102.126046,41.316592,20.47,8.0,8.26,91.71,-1.64,-102.126046,41.316592,-141.24496037034157,116.10681537847977,1145.1195175996415,3.435457814133602,0.1973118351131756,0.2359204211308733,0.0465498912340058
CM_018-3,-102.126046,41.316592,20.47,8.0,8.26,91.71,-0.86,-102.126046,41.316592,-141.24496037034157,116.10681537847977,1145.1195175996415,3.435457814133602,0.1973118351131756,0.2359204211308733,0.0465498912340058
CM_020-1,-79.04489,33.82767,30.16,6.5,4.36,57.87,-18.49,-79.04489,33.82767,-196.03166576447867,115.75455627808404,1145.086229340602,2.153140999223125,0.1965888837877885,0.1478609136753366,0.0290678119752769
CM_020-2,-79.04489,33.82767,30.16,6.5,4.36,57.87,-21.45,-79.04489,33.82767,-196.03166576447867,115.75455627808404,1145.086229340602,2.153140999223125,0.1965888837877885,0.1478609136753366,0.0290678119752769
CM_020-3,-79.04489,33.82767,30.16,6.5,4.36,57.87,-15.72,-79.04489,33.82767,-196.03166576447867,115.75455627808404,1145.086229340602,2.153140999223125,0.1965888837877885,0.1478609136753366,0.0290678119752769
CM_021-1,-111.0953268,32.3504894,32.44,7.0,4.87,67.11,-5.78,-111.0953268,32.3504894,-156.42811877740286,115.71752727700286,1145.0823193649055,3.136526493728279,0.1967487620356879,0.2153921518827128,0.0423781392351265
CM_021-2,-111.0953268,32.3504894,32.44,7.0,4.87,67.11,-4.15,-111.0953268,32.3504894,-156.42811877740286,115.71752727700286,1145.0823193649055,3.136526493728279,0.1967487620356879,0.2153921518827128,0.0423781392351265
CM_021-3,-111.0953268,32.3504894,32.44,7.0,4.87,67.11,-5.71,-111.0953268,32.3504894,-156.42811877740286,115.71752727700286,1145.0823193649055,3.136526493728279,0.1967487620356879,0.2153921518827128,0.0423781392351265
CM_022-1,-123.2497244,44.550507,15.67,6.25,9.42,94.79,-6.39,-123.24972440000002,44.550507,-210.28583676791624,116.26317403717968,1145.142144429075,4.3068210761468855,0.1976967807419272,0.2957588469984282,0.0584705719275334
CM_022-2,-123.2497244,44.550507,15.67,6.25,9.42,94.79,-4.79,-123.24972440000002,44.550507,-210.28583676791624,116.26317403717968,1145.142144429075,4.3068210761468855,0.1976967807419272,0.2957588469984282,0.0584705719275334
CM_022-3,-123.2497244,44.550507,15.67,6.25,9.42,94.79,-9.54,-123.24972440000002,44.550507,-210.28583676791624,116.26317403717968,1145.142144429075,4.3068210761468855,0.1976967807419272,0.2957588469984282,0.0584705719275334
CM_023-1,-123.27687,44.55596,19.14,6.25,8.31,89.78,-2228.76,-123.27687,44.55596,-2335.9463013400064,256.77928777345534,1168.1166908449086,2.39835726553081,0.4333142176961863,0.1647004523759564,0.0713670476754954
CM_023-2,-123.27687,44.55596,19.14,6.25,8.31,89.78,-2718.25,-123.27687,44.55596,-2335.9463013400064,256.77928777345534,1168.1166908449086,2.39835726553081,0.4333142176961863,0.1647004523759564,0.0713670476754954
CM_023-3,-123.27687,44.55596,19.14,6.25,8.31,89.78,-2289.87,-123.27687,44.55596,-2335.9463013400064,256.77928777345534,1168.1166908449086,2.39835726553081,0.4333142176961863,0.1647004523759564,0.0713670476754954
CM_024-1,-84.41527,33.68401,23.66,6.0,7.27,85.82,-4.93,-84.41527,33.68401,-119.00838796989656,117.1589899678694,1145.227608239085,1.0501968625139415,0.1990606065275273,0.0721193213478871,0.0143561158498639
CM_024-2,-84.41527,33.68401,23.66,6.0,7.27,85.82,-5.02,-84.41527,33.68401,-119.00838796989656,117.1589899678694,1145.227608239085,1.0501968625139415,0.1990606065275273,0.0721193213478871,0.0143561158498639
CM_024-3,-84.41527,33.68401,23.66,6.0,7.27,85.82,-5.3,-84.41527,33.68401,-119.00838796989656,117.1589899678694,1145.227608239085,1.0501968625139415,0.1990606065275273,0.0721193213478871,0.0143561158498639
CM_027-1,-95.28318,29.33381,32.93,7.5,10.96,152.38,-3293.85,-95.28318,29.33381,-2590.92850639627,272.48997679427174,1171.7197335038122,2.9155466413643696,0.4731332475244819,0.2002169808715445,0.0947293103693009
CM_027-2,-95.28318,29.33381,32.93,7.5,10.96,152.38,-2717.18,-95.28318,29.33381,-2590.92850639627,272.48997679427174,1171.7197335038122,2.9155466413643696,0.4731332475244819,0.2002169808715445,0.0947293103693009
CM_027-3,-95.28318,29.33381,32.93,7.5,10.96,152.38,-1941.4,-95.28318,29.33381,-2590.92850639627,272.48997679427174,1171.7197335038122,2.9155466413643696,0.4731332475244819,0.2002169808715445,0.0947293103693009
CM_028-1,-96.57826799,28.83182444,33.25,8.0,8.1,113.29,-42.78,-96.57826799,28.83182444,-211.0485228045428,113.11300121043392,1144.8164747250694,3.991841527627172,0.1923375031967702,0.2741285107362076,0.0527251933100511
CM_028-2,-96.57826799,28.83182444,33.25,8.0,8.1,113.29,-30.01,-96.57826799,28.83182444,-211.0485228045428,113.11300121043392,1144.8164747250694,3.991841527627172,0.1923375031967702,0.2741285107362076,0.0527251933100511
CM_028-3,-96.57826799,28.83182444,33.25,8.0,8.1,113.29,-41.12,-96.57826799,28.83182444,-211.0485228045428,113.11300121043392,1144.8164747250694,3.991841527627172,0.1923375031967702,0.2741285107362076,0.0527251933100511
CM_032-1,-96.798,46.804,15.02,7.6,9.38,93.04,-4001.81,-96.798,46.804,-4039.626690500381,459.5305724322278,1229.6629407975654,4.040157105547703,0.774786959828647,0.2774464474150685,0.2149618895079795
CM_032-2,-96.798,46.804,15.02,7.6,9.38,93.04,-3971.85,-96.798,46.804,-4039.626690500381,459.5305724322278,1229.6629407975654,4.040157105547703,0.774786959828647,0.2774464474150685,0.2149618895079795
CM_032-3,-96.798,46.804,15.02,7.6,9.38,93.04,-4007.87,-96.798,46.804,-4039.626690500381,459.5305724322278,1229.6629407975654,4.040157105547703,0.774786959828647,0.2774464474150685,0.2149618895079795
CM_033-1,-111.3042085,32.4712725,28.8,7.5,6.33,82.03,-4.36,-111.3042085,32.4712725,-157.92574394040412,115.70716950671904,1145.0810156511598,3.52745262433466,0.1965285789901612,0.242237906467238,0.0476066715355578
CM_033-2,-111.3042085,32.4712725,28.8,7.5,6.33,82.03,-2.98,-111.3042085,32.4712725,-157.92574394040412,115.70716950671904,1145.0810156511598,3.52745262433466,0.1965285789901612,0.242237906467238,0.0476066715355578
CM_033-3,-111.3042085,32.4712725,28.8,7.5,6.33,82.03,-2.16,-111.3042085,32.4712725,-157.92574394040412,115.70716950671904,1145.0810156511598,3.52745262433466,0.1965285789901612,0.242237906467238,0.0476066715355578
CM_034-1,-84.37418,46.49794,20.7,6.5,6.22,69.32,-1542.53,-84.37418,46.49794,-1926.864784422647,210.6525910786656,1158.8435293166422,4.023058980232807,0.3542211375634398,0.2762722816581078,0.0978614818861819
CM_034-2,-84.37418,46.49794,20.7,6.5,6.22,69.32,-1776.15,-84.37418,46.49794,-1926.864784422647,210.6525910786656,1158.8435293166422,4.023058980232807,0.3542211375634398,0.2762722816581078,0.0978614818861819
CM_034-3,-84.37418,46.49794,20.7,6.5,6.22,69.32,-1842.39,-84.37418,46.49794,-1926.864784422647,210.6525910786656,1158.8435293166422,4.023058980232807,0.3542211375634398,0.2762722816581078,0.0978614818861819
CM_035-1,-92.785556,45.084433,7.86,6.5,13.12,110.39,-2420.28,-92.785556,45.084433,-2756.4967176403143,302.7005447572408,1179.3204926482897,1.4530180729136213,0.5166338211820516,0.0997819371445265,0.051550723471924
CM_035-2,-92.785556,45.084433,7.86,6.5,13.12,110.39,-3023.27,-92.785556,45.084433,-2756.4967176403143,302.7005447572408,1179.3204926482897,1.4530180729136213,0.5166338211820516,0.0997819371445265,0.051550723471924
CM_035-3,-92.785556,45.084433,7.86,6.5,13.12,110.39,-2757.22,-92.785556,45.084433,-2756.4967176403143,302.7005447572408,1179.3204926482897,1.4530180729136213,0.5166338211820516,0.0997819371445265,0.051550723471924
CM_039-1,-97.69147,30.24565,24.59,7.5,9.88,118.65,-16.39,-97.69147,30.24565,-130.15319292996614,116.65150661407247,1145.1754002820612,3.9272782012375855,0.1980639864124942,0.2696948055430375,0.0534168283005964
CM_039-2,-97.69147,30.24565,24.59,7.5,9.88,118.65,-9.11,-97.69147,30.24565,-130.15319292996614,116.65150661407247,1145.1754002820612,3.9272782012375855,0.1980639864124942,0.2696948055430375,0.0534168283005964
CM_039-3,-97.69147,30.24565,24.59,7.5,9.88,118.65,-7.18,-97.69147,30.24565,-130.15319292996614,116.65150661407247,1145.1754002820612,3.9272782012375855,0.1980639864124942,0.2696948055430375,0.0534168283005964
CM_040-1,-91.191226,30.438365,22.7,7.75,8.1,93.9,-3601.52,-91.191226,30.438365,-3292.7354122067254,370.1677823262589,1199.161369760387,7.561283322197224,0.6192094924622283,0.5192499055944587,0.3215244705042047
CM_040-2,-91.191226,30.438365,22.7,7.75,8.1,93.9,-3105.59,-91.191226,30.438365,-3292.7354122067254,370.1677823262589,1199.161369760387,7.561283322197224,0.6192094924622283,0.5192499055944587,0.3215244705042047
CM_040-3,-91.191226,30.438365,22.7,7.75,8.1,93.9,-3855.6,-91.191226,30.438365,-3292.7354122067254,370.1677823262589,1199.161369760387,7.561283322197224,0.6192094924622283,0.5192499055944587,0.3215244705042047
CM_041-1,-80.8599379,37.3724372,15.97,6.0,9.8,99.22,-73.38,-80.8599379,37.3724372,-131.64534231109172,116.92789835501992,1145.2082000772702,1.5313292418004725,0.1980448509875184,0.1051597368273022,0.0208263444098496
CM_041-2,-80.8599379,37.3724372,15.97,6.0,9.8,99.22,-56.24,-80.8599379,37.3724372,-131.64534231109172,116.92789835501992,1145.2082000772702,1.5313292418004725,0.1980448509875184,0.1051597368273022,0.0208263444098496
CM_041-3,-80.8599379,37.3724372,15.97,6.0,9.8,99.22,-47.2,-80.8599379,37.3724372,-131.64534231109172,116.92789835501992,1145.2082000772702,1.5313292418004725,0.1980448509875184,0.1051597368273022,0.0208263444098496
CM_042-1,-80.5627036,37.0421794,14.49,6.0,9.95,97.59,-11.88,-80.5627036,37.0421794,-115.19238309751306,117.39574129848388,1145.2521883289871,0.4760124833746616,0.199215954002652,0.0326888210005933,0.006512134660855
CM_042-2,-80.5627036,37.0421794,14.49,6.0,9.95,97.59,-8.82,-80.5627036,37.0421794,-115.19238309751306,117.39574129848388,1145.2521883289871,0.4760124833746616,0.199215954002652,0.0326888210005933,0.006512134660855
CM_042-3,-80.5627036,37.0421794,14.49,6.0,9.95,97.59,-8.79,-80.5627036,37.0421794,-115.19238309751306,117.39574129848388,1145.2521883289871,0.4760124833746616,0.199215954002652,0.0326888210005933,0.006512134660855
SSS001-1,-120.5731,46.0417,15.84,8.18,9.31,93.99,-2236.81,-120.5731,46.0417,-2541.4889909792423,285.9741537958532,1176.5234467319524,2.365577459145769,0.482598317831206,0.1624493911942031,0.0783978029230259
SSS001-2,-120.5731,46.0417,15.84,8.18,9.31,93.99,-3827.24,-120.5731,46.0417,-2541.4889909792423,285.9741537958532,1176.5234467319524,2.365577459145769,0.482598317831206,0.1624493911942031,0.0783978029230259
SSS001-3,-120.5731,46.0417,15.84,8.18,9.31,93.99,-3800.03,-120.5731,46.0417,-2541.4889909792423,285.9741537958532,1176.5234467319524,2.365577459145769,0.482598317831206,0.1624493911942031,0.0783978029230259
SSS002-1,-120.5476,46.0959,20.57,8.45,9.73,108.23,-5.81,-120.54760000000002,46.0959,-104.23007834437615,118.11131372531004,1145.328575410448,1.3448276098652476,0.200439925556784,0.0923522608144291,0.0185110802826448
SSS002-2,-120.5476,46.0959,20.57,8.45,9.73,108.23,-5.53,-120.54760000000002,46.0959,-104.23007834437615,118.11131372531004,1145.328575410448,1.3448276098652476,0.200439925556784,0.0923522608144291,0.0185110802826448
SSS002-3,-120.5476,46.0959,20.57,8.45,9.73,108.23,-7.38,-120.54760000000002,46.0959,-104.23007834437615,118.11131372531004,1145.328575410448,1.3448276098652476,0.200439925556784,0.0923522608144291,0.0185110802826448
SSS003-1,-120.4811,46.2059,20.46,7.84,8.72,96.75,-37.2,-120.4811,46.2059,-155.76789649446766,115.55764041692436,1145.0651928451853,1.2718789285084342,0.1963086296751877,0.087342714908833,0.0171461286758635
SSS003-2,-120.4811,46.2059,20.46,7.84,8.72,96.75,-31.44,-120.4811,46.2059,-155.76789649446766,115.55764041692436,1145.0651928451853,1.2718789285084342,0.1963086296751877,0.087342714908833,0.0171461286758635
SSS003-3,-120.4811,46.2059,20.46,7.84,8.72,96.75,-67.87,-120.4811,46.2059,-155.76789649446766,115.55764041692436,1145.0651928451853,1.2718789285084342,0.1963086296751877,0.087342714908833,0.0171461286758635
SSS004-1,-120.8161,46.6659,17.86,7.82,8.63,90.92,-3048.94,-120.8161,46.6659,-2537.797650703761,265.5266225796687,1171.690120508179,0.7907614495684071,0.4860789478417592,0.0543033226688847,0.026395701947203
SSS004-2,-120.8161,46.6659,17.86,7.82,8.63,90.92,-2965.18,-120.8161,46.6659,-2537.797650703761,265.5266225796687,1171.690120508179,0.7907614495684071,0.4860789478417592,0.0543033226688847,0.026395701947203
SSS004-3,-120.8161,46.6659,17.86,7.82,8.63,90.92,-3263.52,-120.8161,46.6659,-2537.797650703761,265.5266225796687,1171.690120508179,0.7907614495684071,0.4860789478417592,0.0543033226688847,0.026395701947203
SSS005-1,-120.4612,46.5814,17.54,7.73,9.41,98.43,-4.7,-120.4612,46.5814,-116.37161940047284,117.42472751691616,1145.2561539696585,2.220192626249613,0.1993388946497361,0.1524654959294164,0.0303923034307936
SSS005-2,-120.4612,46.5814,17.54,7.73,9.41,98.43,-4.13,-120.4612,46.5814,-116.37161940047284,117.42472751691616,1145.2561539696585,2.220192626249613,0.1993388946497361,0.1524654959294164,0.0303923034307936
SSS005-3,-120.4612,46.5814,17.54,7.73,9.41,98.43,-4.16,-120.4612,46.5814,-116.37161940047284,117.42472751691616,1145.2561539696585,2.220192626249613,0.1993388946497361,0.1524654959294164,0.0303923034307936
SSS006-1,-120.6206,46.6218,19.43,8.59,9.74,105.93,-58.23,-120.6206,46.6218,-192.83936822610565,113.7229167760232,1144.8775857289097,2.4813055796606114,0.1935021265609086,0.1703966949905769,0.0329721228396271
SSS006-2,-120.6206,46.6218,19.43,8.59,9.74,105.93,-57.26,-120.6206,46.6218,-192.83936822610565,113.7229167760232,1144.8775857289097,2.4813055796606114,0.1935021265609086,0.1703966949905769,0.0329721228396271
SSS006-3,-120.6206,46.6218,19.43,8.59,9.74,105.93,-91.7,-120.6206,46.6218,-192.83936822610565,113.7229167760232,1144.8775857289097,2.4813055796606114,0.1935021265609086,0.1703966949905769,0.0329721228396271
SSS007-1,-121.1237,46.6646,13.61,8.04,9.23,88.83,-5.6,-121.1237,46.6646,-75.06567131077446,119.80135535857052,1145.508299531572,3.5095809556337647,0.2028809296356644,0.2410106197897882,0.0488964585950199
SSS007-2,-121.1237,46.6646,13.61,8.04,9.23,88.83,-3.22,-121.1237,46.6646,-75.06567131077446,119.80135535857052,1145.508299531572,3.5095809556337647,0.2028809296356644,0.2410106197897882,0.0488964585950199
SSS007-3,-121.1237,46.6646,13.61,8.04,9.23,88.83,-7.91,-121.1237,46.6646,-75.06567131077446,119.80135535857052,1145.508299531572,3.5095809556337647,0.2028809296356644,0.2410106197897882,0.0488964585950199
SSS008-1,-121.0893,46.6592,13.16,7.76,8.95,85.27,-3824.62,-121.0893,46.6592,-2954.9025167424466,312.5837501140981,1184.3525476770649,3.558863801763864,0.5788789604009171,0.2443949808975591,0.1414751124691809
SSS008-2,-121.0893,46.6592,13.16,7.76,8.95,85.27,-3976.99,-121.0893,46.6592,-2954.9025167424466,312.5837501140981,1184.3525476770649,3.558863801763864,0.5788789604009171,0.2443949808975591,0.1414751124691809
SSS008-3,-121.0893,46.6592,13.16,7.76,8.95,85.27,-3890.98,-121.0893,46.6592,-2954.9025167424466,312.5837501140981,1184.3525476770649,3.558863801763864,0.5788789604009171,0.2443949808975591,0.1414751124691809
SSS009-1,-121.1511,46.6168,14.2,7.85,8.97,87.47,-2.05,-121.1511,46.6168,-73.01141378282,119.86409631117048,1145.5141909362694,1.7455473123266174,0.2030414898635146,0.1198705614529035,0.0243386973881734
SSS009-2,-121.1511,46.6168,14.2,7.85,8.97,87.47,-2.26,-121.1511,46.6168,-73.01141378282,119.86409631117048,1145.5141909362694,1.7455473123266174,0.2030414898635146,0.1198705614529035,0.0243386973881734
SSS009-3,-121.1511,46.6168,14.2,7.85,8.97,87.47,-3.01,-121.1511,46.6168,-73.01141378282,119.86409631117048,1145.5141909362694,1.7455473123266174,0.2030414898635146,0.1198705614529035,0.0243386973881734
SSS010-1,-121.0675,46.8095,13.61,8.0,9.25,88.98,-4.12,-121.0675,46.8095,-76.25546857888378,119.73472613557736,1145.5011656205645,2.704776206677693,0.2028189649346811,0.1857429129587769,0.0376721853502516
SSS010-2,-121.0675,46.8095,13.61,8.0,9.25,88.98,-4.35,-121.0675,46.8095,-76.25546857888378,119.73472613557736,1145.5011656205645,2.704776206677693,0.2028189649346811,0.1857429129587769,0.0376721853502516
SSS010-3,-121.0675,46.8095,13.61,8.0,9.25,88.98,-4.31,-121.0675,46.8095,-76.25546857888378,119.73472613557736,1145.5011656205645,2.704776206677693,0.2028189649346811,0.1857429129587769,0.0376721853502516
SSS011-1,-121.0672,46.8099,12.59,7.79,9.48,89.11,-11.55,-121.0672,46.8099,-80.10113907866068,119.51306841546598,1145.4775994513604,2.7435648908472783,0.2024416481596844,0.1884066169538465,0.038141346060327
SSS011-2,-121.0672,46.8099,12.59,7.79,9.48,89.11,-9.98,-121.0672,46.8099,-80.10113907866068,119.51306841546598,1145.4775994513604,2.7435648908472783,0.2024416481596844,0.1884066169538465,0.038141346060327
SSS011-3,-121.0672,46.8099,12.59,7.79,9.48,89.11,-10.88,-121.0672,46.8099,-80.10113907866068,119.51306841546598,1145.4775994513604,2.7435648908472783,0.2024416481596844,0.1884066169538465,0.038141346060327
SSS012-1,-120.8178,46.7521,19.15,8.22,9.42,101.88,-35.91,-120.8178,46.7521,-115.76002706878543,117.67133582981332,1145.2848565050865,0.8278940388795881,0.199674108148552,0.0568532989986575,0.0113521317728598
SSS012-2,-120.8178,46.7521,19.15,8.22,9.42,101.88,-58.05,-120.8178,46.7521,-115.76002706878543,117.67133582981332,1145.2848565050865,0.8278940388795881,0.199674108148552,0.0568532989986575,0.0113521317728598
SSS012-3,-120.8178,46.7521,19.15,8.22,9.42,101.88,-13.61,-120.8178,46.7521,-115.76002706878543,117.67133582981332,1145.2848565050865,0.8278940388795881,0.199674108148552,0.0568532989986575,0.0113521317728598
SSS013-1,-119.474,46.2554,22.45,8.19,7.99,92.23,-16.87,-119.474,46.2554,-128.77744251102632,116.78152060118636,1145.1892748095174,2.4361898249740928,0.1982975342003984,0.1672984971895467,0.0331748794681193
SSS013-2,-119.474,46.2554,22.45,8.19,7.99,92.23,-12.45,-119.474,46.2554,-128.77744251102632,116.78152060118636,1145.1892748095174,2.4361898249740928,0.1982975342003984,0.1672984971895467,0.0331748794681193
SSS013-3,-119.474,46.2554,22.45,8.19,7.99,92.23,-12.89,-119.474,46.2554,-128.77744251102632,116.78152060118636,1145.1892748095174,2.4361898249740928,0.1982975342003984,0.1672984971895467,0.0331748794681193
SSS014-1,-119.9999,46.232,22.19,8.22,10.54,121.0,-1599.21,-119.9999,46.232,-2415.753046748724,266.1123196384828,1170.3385898188394,3.5462364982067784,0.446623386998795,0.243527836274016,0.108765227065189
SSS014-2,-119.9999,46.232,22.19,8.22,10.54,121.0,-3564.45,-119.9999,46.232,-2415.753046748724,266.1123196384828,1170.3385898188394,3.5462364982067784,0.446623386998795,0.243527836274016,0.108765227065189
SSS014-3,-119.9999,46.232,22.19,8.22,10.54,121.0,-3049.36,-119.9999,46.232,-2415.753046748724,266.1123196384828,1170.3385898188394,3.5462364982067784,0.446623386998795,0.243527836274016,0.108765227065189
SSS015-1,-120.4704,46.5302,19.08,8.19,9.8,105.77,-13.69,-120.4704,46.5302,-146.8448897099642,115.74359819537116,1145.0819465432437,2.960957512569492,0.1968010399571502,0.2033354449710183,0.0400166270304462
SSS015-2,-120.4704,46.5302,19.08,8.19,9.8,105.77,-25.26,-120.4704,46.5302,-146.8448897099642,115.74359819537116,1145.0819465432437,2.960957512569492,0.1968010399571502,0.2033354449710183,0.0400166270304462
SSS015-3,-120.4704,46.5302,19.08,8.19,9.8,105.77,-26.77,-120.4704,46.5302,-146.8448897099642,115.74359819537116,1145.0819465432437,2.960957512569492,0.1968010399571502,0.2033354449710183,0.0400166270304462
SSS016-1,-120.7135,46.7288,16.28,7.8,9.48,96.65,-132.92,-120.7135,46.7288,-180.8614334912781,114.29037797707238,1144.934826852833,1.690317037647737,0.194241608354018,0.1160777773855779,0.0225471341735342
SSS016-3,-120.7135,46.7288,16.28,7.8,9.48,96.65,-75.22,-120.7135,46.7288,-180.8614334912781,114.29037797707238,1144.934826852833,1.690317037647737,0.194241608354018,0.1160777773855779,0.0225471341735342
SSS017-1,-120.6553,46.6856,17.45,7.81,9.98,104.25,-5.13,-120.65529999999998,46.6856,-119.96175428784144,117.18993205459752,1145.2314417038126,1.6981010023925456,0.1989875238564785,0.1166123193127434,0.0232043966712038
SSS017-2,-120.6553,46.6856,17.45,7.81,9.98,104.25,-5.38,-120.65529999999998,46.6856,-119.96175428784144,117.18993205459752,1145.2314417038126,1.6981010023925456,0.1989875238564785,0.1166123193127434,0.0232043966712038
SSS017-3,-120.6553,46.6856,17.45,7.81,9.98,104.25,-4.77,-120.65529999999998,46.6856,-119.96175428784144,117.18993205459752,1145.2314417038126,1.6981010023925456,0.1989875238564785,0.1166123193127434,0.0232043966712038
SSS018-1,-121.1357,47.0171,13.46,7.19,8.5,81.53,-2.02,-121.1357,47.0171,-75.71527139464722,119.68380178223842,1145.4946399109251,1.6485390416158352,0.2027296680462018,0.1132087907901666,0.0229507805768023
SSS018-2,-121.1357,47.0171,13.46,7.19,8.5,81.53,-6.06,-121.1357,47.0171,-75.71527139464722,119.68380178223842,1145.4946399109251,1.6485390416158352,0.2027296680462018,0.1132087907901666,0.0229507805768023
SSS018-3,-121.1357,47.0171,13.46,7.19,8.5,81.53,-1.54,-121.1357,47.0171,-75.71527139464722,119.68380178223842,1145.4946399109251,1.6485390416158352,0.2027296680462018,0.1132087907901666,0.0229507805768023
SSS019-1,-121.1285,47.0195,12.24,8.02,9.45,88.18,-10.78,-121.1285,47.0195,-88.73113085882156,119.06422374601505,1145.4310865931634,2.84605290304346,0.20171837769306,0.195444693479984,0.0394247864974997
SSS019-2,-121.1285,47.0195,12.24,8.02,9.45,88.18,-18.67,-121.1285,47.0195,-88.73113085882156,119.06422374601505,1145.4310865931634,2.84605290304346,0.20171837769306,0.195444693479984,0.0394247864974997
SSS019-3,-121.1285,47.0195,12.24,8.02,9.45,88.18,-25.35,-121.1285,47.0195,-88.73113085882156,119.06422374601505,1145.4310865931634,2.84605290304346,0.20171837769306,0.195444693479984,0.0394247864974997
SSS020-1,-121.0983,46.9891,18.79,8.29,8.56,91.92,-98.57,-121.0983,46.9891,-142.05168772347508,116.308264149077,1145.1441250264809,2.2450138047817223,0.1973583988166355,0.1541700206853801,0.0304267484279941
SSS020-2,-121.0983,46.9891,18.79,8.29,8.56,91.92,-33.18,-121.0983,46.9891,-142.05168772347508,116.308264149077,1145.1441250264809,2.2450138047817223,0.1973583988166355,0.1541700206853801,0.0304267484279941
SSS020-3,-121.0983,46.9891,18.79,8.29,8.56,91.92,-88.98,-121.0983,46.9891,-142.05168772347508,116.308264149077,1145.1441250264809,2.2450138047817223,0.1973583988166355,0.1541700206853801,0.0304267484279941
SSS021-1,-121.1082,47.3543,14.94,7.69,9.05,89.67,-5.01,-121.10819999999998,47.3543,-77.65776544439991,119.52702061791416,1145.477963569272,2.6764584333946813,0.2025698075523148,0.1837982693741775,0.0372319800555756
SSS021-2,-121.1082,47.3543,14.94,7.69,9.05,89.67,-11.46,-121.10819999999998,47.3543,-77.65776544439991,119.52702061791416,1145.477963569272,2.6764584333946813,0.2025698075523148,0.1837982693741775,0.0372319800555756
SSS021-3,-121.1082,47.3543,14.94,7.69,9.05,89.67,-14.33,-121.10819999999998,47.3543,-77.65776544439991,119.52702061791416,1145.477963569272,2.6764584333946813,0.2025698075523148,0.1837982693741775,0.0372319800555756
SSS022-1,-121.1073,47.4636,14.6,7.85,9.12,89.7,-3.26,-121.10729999999998,47.4636,-76.53665463478076,119.54576623920646,1145.4802355771465,7.01980780790989,0.2025243615928276,0.4820655947182851,0.0976300268161874
SSS022-2,-121.1073,47.4636,14.6,7.85,9.12,89.7,-3.53,-121.10729999999998,47.4636,-76.53665463478076,119.54576623920646,1145.4802355771465,7.01980780790989,0.2025243615928276,0.4820655947182851,0.0976300268161874
SSS022-3,-121.1073,47.4636,14.6,7.85,9.12,89.7,-2.66,-121.10729999999998,47.4636,-76.53665463478076,119.54576623920646,1145.4802355771465,7.01980780790989,0.2025243615928276,0.4820655947182851,0.0976300268161874
SSS023-1,-120.6423,46.8986,13.77,7.55,6.05,58.37,-2936.54,-120.6423,46.8986,-2273.3604577948104,241.06026679401256,1166.006057918928,1.5275669728003944,0.4343068503019113,0.1049013735654235,0.0455593851455432
SSS023-2,-120.6423,46.8986,13.77,7.55,6.05,58.37,-3235.01,-120.6423,46.8986,-2273.3604577948104,241.06026679401256,1166.006057918928,1.5275669728003944,0.4343068503019113,0.1049013735654235,0.0455593851455432
SSS023-3,-120.6423,46.8986,13.77,7.55,6.05,58.37,-1691.56,-120.6423,46.8986,-2273.3604577948104,241.06026679401256,1166.006057918928,1.5275669728003944,0.4343068503019113,0.1049013735654235,0.0455593851455432
SSS024-1,-120.7125,46.8331,17.71,7.9,8.78,92.2,-1740.84,-120.7125,46.8331,-1676.952999862413,179.09956243290654,1153.2898314683323,0.7361121011215606,0.3111560662968392,0.0505504320797277,0.0157290735955335
SSS024-2,-120.7125,46.8331,17.71,7.9,8.78,92.2,-2084.19,-120.7125,46.8331,-1676.952999862413,179.09956243290654,1153.2898314683323,0.7361121011215606,0.3111560662968392,0.0505504320797277,0.0157290735955335
SSS024-3,-120.7125,46.8331,17.71,7.9,8.78,92.2,-1713.76,-120.7125,46.8331,-1676.952999862413,179.09956243290654,1153.2898314683323,0.7361121011215606,0.3111560662968392,0.0505504320797277,0.0157290735955335
SSS025-1,-120.1377,46.2752,18.24,7.5,6.36,67.47,-3555.34,-120.1377,46.2752,-3434.362925478408,384.23602327164906,1203.1264667628045,4.351802994418893,0.6557909964116597,0.2988478539594067,0.1959817319235254
SSS025-2,-120.1377,46.2752,18.24,7.5,6.36,67.47,-3631.26,-120.1377,46.2752,-3434.362925478408,384.23602327164906,1203.1264667628045,4.351802994418893,0.6557909964116597,0.2988478539594067,0.1959817319235254
SSS025-3,-120.1377,46.2752,18.24,7.5,6.36,67.47,-3685.4,-120.1377,46.2752,-3434.362925478408,384.23602327164906,1203.1264667628045,4.351802994418893,0.6557909964116597,0.2988478539594067,0.1959817319235254
SSS026-1,-120.1991,46.3147,20.46,8.83,12.46,138.28,-3114.61,-120.1991,46.3147,-2650.587693164161,287.90707155047846,1175.2895772004376,3.3950703833628686,0.4935017374961701,0.2331469277010819,0.1150584139123778
SSS026-2,-120.1991,46.3147,20.46,8.83,12.46,138.28,-3019.19,-120.1991,46.3147,-2650.587693164161,287.90707155047846,1175.2895772004376,3.3950703833628686,0.4935017374961701,0.2331469277010819,0.1150584139123778
SSS026-3,-120.1991,46.3147,20.46,8.83,12.46,138.28,-2328.29,-120.1991,46.3147,-2650.587693164161,287.90707155047846,1175.2895772004376,3.3950703833628686,0.4935017374961701,0.2331469277010819,0.1150584139123778
SSS027-1,-120.4197,46.2354,23.53,8.28,8.96,105.54,-16.97,-120.4197,46.2354,-143.95098753497874,116.0773052604282,1145.1175365788774,1.8421390818413528,0.1972768582442057,0.126503730065233,0.0249562584234421
SSS027-2,-120.4197,46.2354,23.53,8.28,8.96,105.54,-17.58,-120.4197,46.2354,-143.95098753497874,116.0773052604282,1145.1175365788774,1.8421390818413528,0.1972768582442057,0.126503730065233,0.0249562584234421
SSS027-3,-120.4197,46.2354,23.53,8.28,8.96,105.54,-19.64,-120.4197,46.2354,-143.95098753497874,116.0773052604282,1145.1175365788774,1.8421390818413528,0.1972768582442057,0.126503730065233,0.0249562584234421
SSS028-1,-120.8717,46.2902,15.5,7.69,8.03,80.53,-22.3,-120.8717,46.2902,-94.20128993639364,118.76744650404004,1145.398882533409,2.491480236374963,0.2011880521061126,0.171095410977435,0.0344223524588448
SSS028-2,-120.8717,46.2902,15.5,7.69,8.03,80.53,-15.57,-120.8717,46.2902,-94.20128993639364,118.76744650404004,1145.398882533409,2.491480236374963,0.2011880521061126,0.171095410977435,0.0344223524588448
SSS028-3,-120.8717,46.2902,15.5,7.69,8.03,80.53,-15.99,-120.8717,46.2902,-94.20128993639364,118.76744650404004,1145.398882533409,2.491480236374963,0.2011880521061126,0.171095410977435,0.0344223524588448
SSS029-1,-120.7891,46.3111,18.19,8.03,8.75,92.78,-42.7,-120.7891,46.3111,-148.49346412550983,115.84104647722806,1145.093159387996,0.8435266142940767,0.1966890352950691,0.0579268222304007,0.0113935707822064
SSS029-2,-120.7891,46.3111,18.19,8.03,8.75,92.78,-29.32,-120.7891,46.3111,-148.49346412550983,115.84104647722806,1145.093159387996,0.8435266142940767,0.1966890352950691,0.0579268222304007,0.0113935707822064
SSS029-3,-120.7891,46.3111,18.19,8.03,8.75,92.78,-49.18,-120.7891,46.3111,-148.49346412550983,115.84104647722806,1145.093159387996,0.8435266142940767,0.1966890352950691,0.0579268222304007,0.0113935707822064
SSS030-1,-120.6704,46.3656,19.71,8.41,10.52,115.01,-13.59,-120.6704,46.3656,-178.4863720355366,114.44845865624,1144.9507386970658,3.43646611022981,0.1946748787083576,0.2359896630347219,0.0459412590277106
SSS030-2,-120.6704,46.3656,19.71,8.41,10.52,115.01,-8.92,-120.6704,46.3656,-178.4863720355366,114.44845865624,1144.9507386970658,3.43646611022981,0.1946748787083576,0.2359896630347219,0.0459412590277106
SSS030-3,-120.6704,46.3656,19.71,8.41,10.52,115.01,-13.78,-120.6704,46.3656,-178.4863720355366,114.44845865624,1144.9507386970658,3.43646611022981,0.1946748787083576,0.2359896630347219,0.0459412590277106
SSS031-1,-121.094,46.6674,9.51,8.05,9.85,86.3,-5.72,-121.094,46.6674,-72.20010088927255,119.91970693864845,1145.5204193009893,1.8598469435742249,0.2030906570088181,0.1277197677590039,0.0259386915471897
SSS031-2,-121.094,46.6674,9.51,8.05,9.85,86.3,-2.31,-121.094,46.6674,-72.20010088927255,119.91970693864845,1145.5204193009893,1.8598469435742249,0.2030906570088181,0.1277197677590039,0.0259386915471897
SSS031-3,-121.094,46.6674,9.51,8.05,9.85,86.3,-4.84,-121.094,46.6674,-72.20010088927255,119.91970693864845,1145.5204193009893,1.8598469435742249,0.2030906570088181,0.1277197677590039,0.0259386915471897
SSS032-1,-121.2901,46.6399,5.82,7.46,10.71,85.64,-3.76,-121.29009999999998,46.6399,-102.47568979702358,118.79497135500904,1145.4083005056823,3.845801221531514,0.2004927711560326,0.2640996026895348,0.052950061204432
SSS032-2,-121.2901,46.6399,5.82,7.46,10.71,85.64,-3.7,-121.29009999999998,46.6399,-102.47568979702358,118.79497135500904,1145.4083005056823,3.845801221531514,0.2004927711560326,0.2640996026895348,0.052950061204432
SSS032-3,-121.2901,46.6399,5.82,7.46,10.71,85.64,-3.26,-121.29009999999998,46.6399,-102.47568979702358,118.79497135500904,1145.4083005056823,3.845801221531514,0.2004927711560326,0.2640996026895348,0.052950061204432
SSS033-1,-121.2631,46.6382,12.1,7.5,10.11,94.02,-5.14,-121.26309999999998,46.6382,-78.88869226465245,119.52749470711947,1145.478380191319,1.698863279043648,0.2024548963289578,0.1166646665218422,0.0236193329659319
SSS033-2,-121.2631,46.6382,12.1,7.5,10.11,94.02,-6.74,-121.26309999999998,46.6382,-78.88869226465245,119.52749470711947,1145.478380191319,1.698863279043648,0.2024548963289578,0.1166646665218422,0.0236193329659319
SSS033-3,-121.2631,46.6382,12.1,7.5,10.11,94.02,-5.02,-121.26309999999998,46.6382,-78.88869226465245,119.52749470711947,1145.478380191319,1.698863279043648,0.2024548963289578,0.1166646665218422,0.0236193329659319
SSS034-1,-121.0977,47.3966,15.09,7.6,9.35,92.88,-4.3,-121.0977,47.3966,-73.63120236309548,119.77638691121273,1145.504797523281,3.163911196420328,0.2029088698330673,0.2172727194638581,0.0440865619519685
SSS034-2,-121.0977,47.3966,15.09,7.6,9.35,92.88,-4.1,-121.0977,47.3966,-73.63120236309548,119.77638691121273,1145.504797523281,3.163911196420328,0.2029088698330673,0.2172727194638581,0.0440865619519685
SSS034-3,-121.0977,47.3966,15.09,7.6,9.35,92.88,-4.02,-121.0977,47.3966,-73.63120236309548,119.77638691121273,1145.504797523281,3.163911196420328,0.2029088698330673,0.2172727194638581,0.0440865619519685
SSS035-1,-121.104,47.3956,19.35,7.26,8.33,90.49,-5.28,-121.104,47.3956,-75.67941276252151,119.63732560015244,1145.489652072237,3.33253814549391,0.2027422652381832,0.2288527018102537,0.0463981151708892
SSS035-2,-121.104,47.3956,19.35,7.26,8.33,90.49,-4.86,-121.104,47.3956,-75.67941276252151,119.63732560015244,1145.489652072237,3.33253814549391,0.2027422652381832,0.2288527018102537,0.0463981151708892
SSS035-3,-121.104,47.3956,19.35,7.26,8.33,90.49,-4.03,-121.104,47.3956,-75.67941276252151,119.63732560015244,1145.489652072237,3.33253814549391,0.2027422652381832,0.2288527018102537,0.0463981151708892
SSS036-1,-120.7743,46.8674,16.69,7.74,8.23,84.59,-44.74,-120.7743,46.8674,-162.42658482597318,115.36585478099836,1145.0456629792384,0.7668276508399683,0.1956892608264349,0.0526597362298241,0.0103049448581292
SSS036-2,-120.7743,46.8674,16.69,7.74,8.23,84.59,-47.31,-120.7743,46.8674,-162.42658482597318,115.36585478099836,1145.0456629792384,0.7668276508399683,0.1956892608264349,0.0526597362298241,0.0103049448581292
SSS036-3,-120.7743,46.8674,16.69,7.74,8.23,84.59,-54.98,-120.7743,46.8674,-162.42658482597318,115.36585478099836,1145.0456629792384,0.7668276508399683,0.1956892608264349,0.0526597362298241,0.0103049448581292
SSS037-1,-120.6496,46.0168,14.2,7.84,9.33,90.88,-13.97,-120.6496,46.0168,-90.71521481652064,118.89237144217869,1145.4111638119373,3.390819266121736,0.2014809002208374,0.2328549941585774,0.0469158338439879
SSS037-2,-120.6496,46.0168,14.2,7.84,9.33,90.88,-19.99,-120.6496,46.0168,-90.71521481652064,118.89237144217869,1145.4111638119373,3.390819266121736,0.2014809002208374,0.2328549941585774,0.0469158338439879
SSS037-3,-120.6496,46.0168,14.2,7.84,9.33,90.88,-10.77,-120.6496,46.0168,-90.71521481652064,118.89237144217869,1145.4111638119373,3.390819266121736,0.2014809002208374,0.2328549941585774,0.0469158338439879
SSS038-1,-120.6364,46.029,15.2,7.27,5.21,51.85,-9.63,-120.6364,46.029,-90.30401827220318,118.9823483955286,1145.4209646343436,3.604320730987789,0.2015123146184012,0.2475166079021769,0.0498776445648628
SSS038-2,-120.6364,46.029,15.2,7.27,5.21,51.85,-11.29,-120.6364,46.029,-90.30401827220318,118.9823483955286,1145.4209646343436,3.604320730987789,0.2015123146184012,0.2475166079021769,0.0498776445648628
SSS038-3,-120.6364,46.029,15.2,7.27,5.21,51.85,-14.81,-120.6364,46.029,-90.30401827220318,118.9823483955286,1145.4209646343436,3.604320730987789,0.2015123146184012,0.2475166079021769,0.0498776445648628
SSS039-1,-120.6115,46.0284,18.3,7.84,8.88,94.38,-8.47,-120.6115,46.0284,-87.39565611857208,119.11685073404396,1145.4352250402085,2.657233817591008,0.2018322993601683,0.1824780728525312,0.0368299690266386
SSS039-2,-120.6115,46.0284,18.3,7.84,8.88,94.38,-10.57,-120.6115,46.0284,-87.39565611857208,119.11685073404396,1145.4352250402085,2.657233817591008,0.2018322993601683,0.1824780728525312,0.0368299690266386
SSS039-3,-120.6115,46.0284,18.3,7.84,8.88,94.38,-7.19,-120.6115,46.0284,-87.39565611857208,119.11685073404396,1145.4352250402085,2.657233817591008,0.2018322993601683,0.1824780728525312,0.0368299690266386
SSS040-1,-120.9404,46.6833,11.9,7.42,10.21,94.49,-8.88,-120.9404,46.6833,-76.1024916526383,119.68857573725856,1145.4956481059064,1.8438054739260563,0.2027464575502748,0.1266181648636389,0.0256713843876194
SSS040-2,-120.9404,46.6833,11.9,7.42,10.21,94.49,-6.06,-120.9404,46.6833,-76.1024916526383,119.68857573725856,1145.4956481059064,1.8438054739260563,0.2027464575502748,0.1266181648636389,0.0256713843876194
SSS040-3,-120.9404,46.6833,11.9,7.42,10.21,94.49,-5.3,-120.9404,46.6833,-76.1024916526383,119.68857573725856,1145.4956481059064,1.8438054739260563,0.2027464575502748,0.1266181648636389,0.0256713843876194
SSS041-1,-120.8135,46.7239,13.86,7.43,10.01,96.8,-13.24,-120.8135,46.7239,-102.80956838641846,118.08448350093506,1145.324902711531,0.6672211198095244,0.2003594943861583,0.0458195373336505,0.0091803793331778
SSS041-2,-120.8135,46.7239,13.86,7.43,10.01,96.8,-16.21,-120.8135,46.7239,-102.80956838641846,118.08448350093506,1145.324902711531,0.6672211198095244,0.2003594943861583,0.0458195373336505,0.0091803793331778
SSS041-3,-120.8135,46.7239,13.86,7.43,10.01,96.8,-9.74,-120.8135,46.7239,-102.80956838641846,118.08448350093506,1145.324902711531,0.6672211198095244,0.2003594943861583,0.0458195373336505,0.0091803793331778
SSS042-1,-120.8041,46.7298,15.94,8.09,9.93,100.42,-4.78,-120.80410000000002,46.7298,-97.9967709062987,118.36595336869576,1145.354514651706,0.8390734387482996,0.2008454166834901,0.0576210129010568,0.0115729163458374
SSS042-2,-120.8041,46.7298,15.94,8.09,9.93,100.42,-5.63,-120.80410000000002,46.7298,-97.9967709062987,118.36595336869576,1145.354514651706,0.8390734387482996,0.2008454166834901,0.0576210129010568,0.0115729163458374
SSS042-3,-120.8041,46.7298,15.94,8.09,9.93,100.42,-3.73,-120.80410000000002,46.7298,-97.9967709062987,118.36595336869576,1145.354514651706,0.8390734387482996,0.2008454166834901,0.0576210129010568,0.0115729163458374
SSS043-1,-121.2466,46.9006,16.25,6.92,8.38,85.33,-6.86,-121.2466,46.9006,-73.50396206580528,119.811517861153,1145.508685545413,3.711085757986384,0.2029454610864561,0.2548483964131384,0.0517203253172082
SSS043-2,-121.2466,46.9006,16.25,6.92,8.38,85.33,-7.5,-121.2466,46.9006,-73.50396206580528,119.811517861153,1145.508685545413,3.711085757986384,0.2029454610864561,0.2548483964131384,0.0517203253172082
SSS043-3,-121.2466,46.9006,16.25,6.92,8.38,85.33,-4.79,-121.2466,46.9006,-73.50396206580528,119.811517861153,1145.508685545413,3.711085757986384,0.2029454610864561,0.2548483964131384,0.0517203253172082
SSS044-1,-121.158,46.9754,17.03,7.41,8.87,91.89,-8.09,-121.158,46.9754,-75.92525901860401,119.67628992030816,1145.4943641157,3.0357125384244057,0.2027621587087818,0.2084690365141263,0.042269631867544
SSS044-2,-121.158,46.9754,17.03,7.41,8.87,91.89,-7.1,-121.158,46.9754,-75.92525901860401,119.67628992030816,1145.4943641157,3.0357125384244057,0.2027621587087818,0.2084690365141263,0.042269631867544
SSS044-3,-121.158,46.9754,17.03,7.41,8.87,91.89,-6.14,-121.158,46.9754,-75.92525901860401,119.67628992030816,1145.4943641157,3.0357125384244057,0.2027621587087818,0.2084690365141263,0.042269631867544
SSS045-1,-121.1579,46.976,14.91,7.61,9.46,93.66,-6.33,-121.1579,46.976,-75.35598432505955,119.72032586414312,1145.4992281104692,2.9907912969859285,0.2027993163740805,0.2053841963643543,0.0416517746167309
SSS045-2,-121.1579,46.976,14.91,7.61,9.46,93.66,-8.59,-121.1579,46.976,-75.35598432505955,119.72032586414312,1145.4992281104692,2.9907912969859285,0.2027993163740805,0.2053841963643543,0.0416517746167309
SSS045-3,-121.1579,46.976,14.91,7.61,9.46,93.66,-6.95,-121.1579,46.976,-75.35598432505955,119.72032586414312,1145.4992281104692,2.9907912969859285,0.2027993163740805,0.2053841963643543,0.0416517746167309
SSS046-1,-120.8346,47.1683,17.61,6.94,8.71,91.29,-20.56,-120.8346,47.1683,-116.97534052860884,117.42828407829008,1145.257118670897,0.9043268685691568,0.1991056126317834,0.0621021090100635,0.0123648784601744
SSS046-2,-120.8346,47.1683,17.61,6.94,8.71,91.29,-49.41,-120.8346,47.1683,-116.97534052860884,117.42828407829008,1145.257118670897,0.9043268685691568,0.1991056126317834,0.0621021090100635,0.0123648784601744
SSS046-3,-120.8346,47.1683,17.61,6.94,8.71,91.29,-23.47,-120.8346,47.1683,-116.97534052860884,117.42828407829008,1145.257118670897,0.9043268685691568,0.1991056126317834,0.0621021090100635,0.0123648784601744
SSS047-1,-120.9213,47.1857,13.78,7.55,9.39,90.71,-55.84,-120.9213,47.1857,-161.79860410945716,115.28239221013186,1145.0370780267922,2.057275878336228,0.1955719378241222,0.1412776456176258,0.0276299429246686
SSS047-2,-120.9213,47.1857,13.78,7.55,9.39,90.71,-139.47,-120.9213,47.1857,-161.79860410945716,115.28239221013186,1145.0370780267922,2.057275878336228,0.1955719378241222,0.1412776456176258,0.0276299429246686
SSS047-3,-120.9213,47.1857,13.78,7.55,9.39,90.71,-57.78,-120.9213,47.1857,-161.79860410945716,115.28239221013186,1145.0370780267922,2.057275878336228,0.1955719378241222,0.1412776456176258,0.0276299429246686
SSS048-1,-120.7334,47.0822,21.68,7.58,8.56,97.34,-10.77,-120.7334,47.0822,-140.73917760754102,116.10415363829556,1145.1187392821817,1.3415342672447297,0.1973332824402956,0.0921260997552642,0.0181795456631283
SSS048-2,-120.7334,47.0822,21.68,7.58,8.56,97.34,-10.1,-120.7334,47.0822,-140.73917760754102,116.10415363829556,1145.1187392821817,1.3415342672447297,0.1973332824402956,0.0921260997552642,0.0181795456631283
SSS048-3,-120.7334,47.0822,21.68,7.58,8.56,97.34,-8.33,-120.7334,47.0822,-140.73917760754102,116.10415363829556,1145.1187392821817,1.3415342672447297,0.1973332824402956,0.0921260997552642,0.0181795456631283
S19S_0019-D,-84.278999,35.9563807,18.3,8.0,11.46,121.9,-4.6,-84.278999,35.9563807,-110.97850946788522,117.66819737329452,1145.2819189095978,1.0758171733421775,0.1995924572698227,0.0738787242709079,0.0147456361171901
S19S_0019-M,-84.2789099,35.956601,18.3,8.0,11.46,121.9,-36.16,-84.2789099,35.956601,-110.97850946788522,117.66819737329452,1145.2819189095978,1.0758171733421775,0.1995924572698227,0.0738787242709079,0.0147456361171901
S19S_0019-U,-84.2786976,35.9572803,18.3,8.0,11.46,121.9,-11.18,-84.2786976,35.9572803,-110.97850946788522,117.66819737329452,1145.2819189095978,1.0758171733421775,0.1995924572698227,0.0738787242709079,0.0147456361171901
S19S_0006-D,-76.717163,39.311369,25.7,7.5,,,-1575.97,-76.717163,39.311369,-217.17371998225997,113.6960699496015,1144.8827536518274,0.8469020007501499,0.19208300761324,0.0581586174196533,0.0111712821525947
S19S_0006-M,-76.717316,39.31162,25.7,7.5,,,-3.28,-76.717316,39.31162,-217.17371998225997,113.6960699496015,1144.8827536518274,0.8469020007501499,0.19208300761324,0.0581586174196533,0.0111712821525947
S19S_0006-U,-76.717476,39.311813,25.7,7.5,,,-47.48,-76.717476,39.311813,-217.17371998225997,113.6960699496015,1144.8827536518274,0.8469020007501499,0.19208300761324,0.0581586174196533,0.0111712821525947
S19S_0007-D,-119.195598,37.05255,11.2,6.5,,,-10.36,-119.195598,37.05255,-112.39774718686822,118.3020114974378,1145.3565230987958,2.814735195939545,0.1996037955048958,0.1932940378618558,0.0385822236056934
S19S_0007-U,-119.195359,37.05229,11.2,6.5,,,-16.41,-119.195359,37.05229,-112.39774718686822,118.3020114974378,1145.3565230987958,2.814735195939545,0.1996037955048958,0.1932940378618558,0.0385822236056934
S19S_0008-D,-119.027785,36.961112,12.6,6.5,4.62,41.1,-7.46,-119.027785,36.961112,-79.27911191720071,119.55637480074574,1145.4815857348526,8.213684136680925,0.2024183292996045,0.5640517000644444,0.1141744027656464
S19S_0008-M,-119.028281,36.961369,12.6,6.5,4.62,41.1,-10.64,-119.02828100000002,36.961369,-79.27911191720071,119.55637480074574,1145.4815857348526,8.213684136680925,0.2024183292996045,0.5640517000644444,0.1141744027656464
S19S_0008-U,-119.028254,36.961273,12.6,6.5,4.62,41.1,-15.32,-119.02825400000002,36.961273,-79.27911191720071,119.55637480074574,1145.4815857348526,8.213684136680925,0.2024183292996045,0.5640517000644444,0.1141744027656464
S19S_0009-D,-108.3983,42.9877,25.6,8.0,,,-37.43,-108.39830000000002,42.9877,-177.5039089539591,114.61229977821696,1144.9680629239565,2.5978916758634947,0.1948031066976961,0.1784029178587582,0.0347534426428199
S19S_0009-M,-108.3983,42.9876,25.6,8.0,,,-35.0,-108.39830000000002,42.9876,-177.5039089539591,114.61229977821696,1144.9680629239565,2.5978916758634947,0.1948031066976961,0.1784029178587582,0.0347534426428199
S19S_0009-U,-108.3982,42.9875,25.6,8.0,,,-22.83,-108.3982,42.9875,-177.5039089539591,114.61229977821696,1144.9680629239565,2.5978916758634947,0.1948031066976961,0.1784029178587582,0.0347534426428199
S19S_0010-D,-81.840062,31.667875,30.0,6.7,,,-1.72,-81.840062,31.667875,-122.8290708143824,117.09089204946406,1145.2214456765385,4.379526827255976,0.1986180481112889,0.3007517103512326,0.0597347176760935
S19S_0010-M,-81.839976,31.667835,30.0,6.7,,,-3.09,-81.839976,31.667835000000004,-122.8290708143824,117.09089204946406,1145.2214456765385,4.379526827255976,0.1986180481112889,0.3007517103512326,0.0597347176760935
S19S_0010-U,-81.8403,31.667905,30.0,6.7,,,-21.96,-81.8403,31.667905,-122.8290708143824,117.09089204946406,1145.2214456765385,4.379526827255976,0.1986180481112889,0.3007517103512326,0.0597347176760935
S19S_0011-D,-83.437674,33.955686,24.0,6.7,,,-240.66,-83.437674,33.955686,-447.0503995758298,112.65966445321337,1144.8022462643744,2.3688540839180416,0.1940266456191332,0.1626744042020712,0.0315631689754188
S19S_0011-M,-83.438589,33.957827,24.0,6.7,,,-2420.08,-83.438589,33.957827,-447.0503995758298,112.65966445321337,1144.8022462643744,2.3688540839180416,0.1940266456191332,0.1626744042020712,0.0315631689754188
S19S_0011-U,-83.437673,33.95569,24.0,6.7,,,-17.53,-83.437673,33.95569,-447.0503995758298,112.65966445321337,1144.8022462643744,2.3688540839180416,0.1940266456191332,0.1626744042020712,0.0315631689754188
S19S_0015-D,-84.439009,31.184396,28.2,7.0,6.87,88.3,-12.16,-84.439009,31.184396,-138.40001054973814,116.25100322116997,1145.1341760689647,4.29657244446087,0.1973864188924718,0.2950550509880587,0.0582398598906685
S19S_0015-M,-84.437802,31.184508,28.2,7.0,6.87,88.3,-1.38,-84.437802,31.184508,-138.40001054973814,116.25100322116997,1145.1341760689647,4.29657244446087,0.1973864188924718,0.2950550509880587,0.0582398598906685
S19S_0015-U,-84.437254,31.185895,28.2,7.0,6.87,88.3,-9.4,-84.437254,31.185895,-138.40001054973814,116.25100322116997,1145.1341760689647,4.29657244446087,0.1973864188924718,0.2950550509880587,0.0582398598906685
S19S_0018-D,-83.504941,35.6922935,18.3,6.5,9.8,103.2,-4.62,-83.504941,35.6922935,-73.17861795886951,119.85281215452878,1145.5131130913542,4.030631175705195,0.2029537469947543,0.2767922809249833,0.05617603055295
S19S_0018-M,-83.5044488,35.692083,18.3,6.5,9.8,103.2,-1.45,-83.5044488,35.692083,-73.17861795886951,119.85281215452878,1145.5131130913542,4.030631175705195,0.2029537469947543,0.2767922809249833,0.05617603055295
S19S_0018-U,-83.5041467,35.6918387,18.3,6.5,9.8,103.2,-8.99,-83.5041467,35.6918387,-73.17861795886951,119.85281215452878,1145.5131130913542,4.030631175705195,0.2029537469947543,0.2767922809249833,0.05617603055295
S19S_0022-D,-87.40811,32.96161,22.3,7.0,7.45,84.9,-0.77,-87.40811,32.96161,-90.75026858754832,118.78425622722744,1145.398371556355,1.2468422268165489,0.2013909707957411,0.0856233897049031,0.0172437775754924
S19S_0022-M,-87.40821,32.96156,22.3,7.0,7.45,84.9,-0.87,-87.40821,32.96156,-90.75026858754832,118.78425622722744,1145.398371556355,1.2468422268165489,0.2013909707957411,0.0856233897049031,0.0172437775754924
S19S_0022-U,-87.40828,32.96142,22.3,7.0,7.45,84.9,-0.37,-87.40828,32.96142,-90.75026858754832,118.78425622722744,1145.398371556355,1.2468422268165489,0.2013909707957411,0.0856233897049031,0.0172437775754924
S19S_0026-D,-105.54327,40.03489,9.5,6.0,8.25,98.9,-17.98,-105.54327,40.03489,-72.87173220425753,119.88908709143786,1145.5164967447563,5.7901529047284575,0.2029019341742772,0.39762249621458,0.0806783735531424
S19S_0026-M,-105.54371,40.03496,9.5,6.0,8.25,98.9,-3.11,-105.54371,40.03496,-72.87173220425753,119.88908709143786,1145.5164967447563,5.7901529047284575,0.2029019341742772,0.39762249621458,0.0806783735531424
S19S_0026-U,-105.54393,40.03497,9.5,6.0,8.25,98.9,-5.64,-105.54393,40.03497,-72.87173220425753,119.88908709143786,1145.5164967447563,5.7901529047284575,0.2029019341742772,0.39762249621458,0.0806783735531424
S19S_0029-D,-111.80126,40.78319,12.0,7.5,9.72,90.0,-79.25,-111.80126,40.78319,-143.79684122191,116.05945516833432,1145.1164641595306,3.109137623771041,0.1968427139428901,0.2135112981263293,0.0420281433806561
S19S_0029-M,-111.79582,40.78466,12.0,7.5,9.72,90.0,-110.45,-111.79582,40.78466,-143.79684122191,116.05945516833432,1145.1164641595306,3.109137623771041,0.1968427139428901,0.2135112981263293,0.0420281433806561
S19S_0029-U,-111.79547,40.78464,12.0,7.5,9.72,90.0,-10.71,-111.79547,40.78464,-143.79684122191,116.05945516833432,1145.1164641595306,3.109137623771041,0.1968427139428901,0.2135112981263293,0.0420281433806561
S19S_0034-D,-106.5233,35.8677,13.8,7.0,9.719755395849626,94.0,-115.73,-106.52330000000002,35.8677,-105.9873912476293,118.25918596302726,1145.346628640299,3.84078450779182,0.2003182123042584,0.2637550939567271,0.0528349489075532
S19S_0034-M,-106.5232,35.8678,13.8,7.0,9.719755395849626,94.0,-8.0,-106.5232,35.8678,-105.9873912476293,118.25918596302726,1145.346628640299,3.84078450779182,0.2003182123042584,0.2637550939567271,0.0528349489075532
S19S_0034-U,-106.5233,35.868,13.8,7.0,9.719755395849626,94.0,-27.46,-106.52330000000002,35.868,-105.9873912476293,118.25918596302726,1145.346628640299,3.84078450779182,0.2003182123042584,0.2637550939567271,0.0528349489075532
S19S_0036-D,-119.271902,46.372515,11.0,7.0,,,-41.22,-119.271902,46.372515,-129.34427365575948,116.5816306407602,1145.167868131971,4.033167722559073,0.1980816275033003,0.2769664711594036,0.0548619693711005
S19S_0036-M,-119.271921,46.372735,11.0,7.0,,,-4.84,-119.271921,46.372735,-129.34427365575948,116.5816306407602,1145.167868131971,4.033167722559073,0.1980816275033003,0.2769664711594036,0.0548619693711005
S19S_0036-U,-119.271963,46.372753,11.0,7.0,,,-16.74,-119.271963,46.372753,-129.34427365575948,116.5816306407602,1145.167868131971,4.033167722559073,0.1980816275033003,0.2769664711594036,0.0548619693711005
S19S_0039-D,-84.359197,35.966194,22.8,7.5,6.13,71.0,-1671.03,-84.359197,35.966194,-649.0101490281481,129.38400769678282,1146.8829255214928,1.0705550291036656,0.2206864420499006,0.0735173612875833,0.0162242848914538
S19S_0039-M,-84.358455,35.966319,22.8,7.5,6.13,71.0,-11.12,-84.358455,35.966319,-649.0101490281481,129.38400769678282,1146.8829255214928,1.0705550291036656,0.2206864420499006,0.0735173612875833,0.0162242848914538
S19S_0039-U,-84.357361,35.966243,22.8,7.5,6.13,71.0,-1694.52,-84.357361,35.966243,-649.0101490281481,129.38400769678282,1146.8829255214928,1.0705550291036656,0.2206864420499006,0.0735173612875833,0.0162242848914538
S19S_0040-D,-96.584725,39.087889,21.7,7.5,8.62,98.2,-26.93,-96.584725,39.087889,-415.77521840299903,114.25231688425882,1144.9946878972785,1.3799269665748402,0.1929311217862693,0.094762610603119,0.0182826567670551
S19S_0040-M,-96.584798,39.087692,21.7,7.5,8.62,98.2,-60.88,-96.584798,39.087692,-415.77521840299903,114.25231688425882,1144.9946878972785,1.3799269665748402,0.1929311217862693,0.094762610603119,0.0182826567670551
S19S_0040-U,-96.58479,39.08766,21.7,7.5,8.62,98.2,-1890.34,-96.58479,39.08766,-415.77521840299903,114.25231688425882,1144.9946878972785,1.3799269665748402,0.1929311217862693,0.094762610603119,0.0182826567670551
S19S_0041-D,-120.858196,44.299994,20.0,6.5,,,-4.81,-120.858196,44.299994,-155.49432771783617,115.8520156738903,1145.0972498056278,1.832038994791109,0.1962495801711314,0.1258101349407203,0.0246901861633897
S19S_0041-M,-120.858255,44.300038,20.0,6.5,,,-88.82,-120.858255,44.300038,-155.49432771783617,115.8520156738903,1145.0972498056278,1.832038994791109,0.1962495801711314,0.1258101349407203,0.0246901861633897
S19S_0041-U,-120.85829,44.300082,20.0,6.5,,,-48.64,-120.85828999999998,44.300082,-155.49432771783617,115.8520156738903,1145.0972498056278,1.832038994791109,0.1962495801711314,0.1258101349407203,0.0246901861633897
S19S_0042-D,-80.96434,25.40976,29.1,7.5,3.9,49.1,-19.26,-80.96434,25.40976,-147.76506979113336,115.834749133935,1145.0921191904752,3.5062652790950013,0.1968717377751091,0.2407829250114851,0.0474033528735848
S19S_0042-M,-80.96423,25.40979,29.1,7.5,3.9,49.1,-31.19,-80.96423,25.40979,-147.76506979113336,115.834749133935,1145.0921191904752,3.5062652790950013,0.1968717377751091,0.2407829250114851,0.0474033528735848
S19S_0042-U,-80.96423,25.40982,29.1,7.5,3.9,49.1,-50.32,-80.96423,25.40982,-147.76506979113336,115.834749133935,1145.0921191904752,3.5062652790950013,0.1968717377751091,0.2407829250114851,0.0474033528735848
S19S_0043-D,-89.472992,43.14501,15.7,7.5,,,-19.4,-89.472992,43.14501,-198.4292571092444,113.6381922653289,1144.869589190424,2.405100858449296,0.193376191312289,0.165163549688553,0.0319386981823903
S19S_0043-M,-89.472023,43.145025,15.7,7.5,,,-29.33,-89.472023,43.145025,-198.4292571092444,113.6381922653289,1144.869589190424,2.405100858449296,0.193376191312289,0.165163549688553,0.0319386981823903
S19S_0054-D,-77.0237,37.57261,29.1,6.7,5.0,71.0,-2448.32,-77.0237,37.57261,-2390.93174004214,261.1753112882419,1169.0775861070172,2.462122330066625,0.4421141091778131,0.1690793391772547,0.0747523614207252
S19S_0054-M,-77.0237,37.57267,29.1,6.7,5.0,71.0,-2675.86,-77.0237,37.57267,-2390.93174004214,261.1753112882419,1169.0775861070172,2.462122330066625,0.4421141091778131,0.1690793391772547,0.0747523614207252
S19S_0054-U,-77.02396,37.5728,29.1,6.7,5.0,71.0,-2907.84,-77.02396,37.5728,-2390.93174004214,261.1753112882419,1169.0775861070172,2.462122330066625,0.4421141091778131,0.1690793391772547,0.0747523614207252
S19S_0055-D,-117.180863,46.732428,20.1,7.5,,,-1515.51,-117.180863,46.732428,-474.0637588856434,110.3557750213051,1144.554455201122,2.770456766651668,0.1903033369403244,0.1902533410319796,0.0362058456624312
S19S_0055-M,-117.180621,46.732323,20.1,7.5,,,-97.9,-117.180621,46.732323,-474.0637588856434,110.3557750213051,1144.554455201122,2.770456766651668,0.1903033369403244,0.1902533410319796,0.0362058456624312
S19S_0055-U,-117.180384,46.7322206,20.1,7.5,,,-33.71,-117.180384,46.7322206,-474.0637588856434,110.3557750213051,1144.554455201122,2.770456766651668,0.1903033369403244,0.1902533410319796,0.0362058456624312
S19S_0074-D,-119.272998,46.376172,11.0,6.5,,,-5.14,-119.272998,46.376172,-120.21436239377392,117.06583531483184,1145.2179229440894,4.061056938664858,0.1988183292951943,0.2788816847829323,0.0554467906395716
S19S_0074-M,-119.272953,46.376303,11.0,6.5,,,-2.89,-119.272953,46.376303,-120.21436239377392,117.06583531483184,1145.2179229440894,4.061056938664858,0.1988183292951943,0.2788816847829323,0.0554467906395716
S19S_0074-U,-119.272955,46.376327,11.0,6.5,,,-5.0,-119.272955,46.376327,-120.21436239377392,117.06583531483184,1145.2179229440894,4.061056938664858,0.1988183292951943,0.2788816847829323,0.0554467906395716
S19S_0023-D,-102.44896,39.75841,24.7,7.5,3.83,52.7,-33.5,-102.44896,39.75841,-181.3250345321493,114.40941802577166,1144.9480882105431,1.7781907822723486,0.1946304199176308,0.1221122601124204,0.0237667604627713
S19S_0023-M,-102.44896,39.75861,24.7,7.5,3.83,52.7,-22.89,-102.44896,39.75861,-181.3250345321493,114.40941802577166,1144.9480882105431,1.7781907822723486,0.1946304199176308,0.1221122601124204,0.0237667604627713
S19S_0023-U,-102.44917,39.75854,24.7,7.5,3.83,52.7,-79.59,-102.44917,39.75854,-181.3250345321493,114.40941802577166,1144.9480882105431,1.7781907822723486,0.1946304199176308,0.1221122601124204,0.0237667604627713
S19S_0025-D,-97.78275,33.37853,26.0,7.0,5.04,62.2,-47.08,-97.78275,33.37853,-203.3580365559173,113.53892684475504,1144.860452675334,2.2706943003100446,0.1932135598666787,0.1559335566237247,0.0301284775779421
S19S_0025-M,-97.78307,33.37834,26.0,7.0,5.04,62.2,-61.3,-97.78307,33.37834,-203.3580365559173,113.53892684475504,1144.860452675334,2.2706943003100446,0.1932135598666787,0.1559335566237247,0.0301284775779421
S19S_0025-U,-97.78338,33.37834,26.0,7.0,5.04,62.2,-24.29,-97.78338,33.37834,-203.3580365559173,113.53892684475504,1144.860452675334,2.2706943003100446,0.1932135598666787,0.1559335566237247,0.0301284775779421
S19S_0028-D,-111.507871,33.750675,23.8,7.5,,,-9.45,-111.507871,33.750675,-153.40819157225982,116.08284212178653,1145.122357833458,0.3894711743496193,0.1964701666018437,0.0267458395480459,0.0052547595519107
S19S_0028-M,-111.508001,33.750788,23.8,7.5,,,-33.33,-111.508001,33.750788,-153.40819157225982,116.08284212178653,1145.122357833458,0.3894711743496193,0.1964701666018437,0.0267458395480459,0.0052547595519107
S19S_0028-U,-111.508141,33.750837,23.8,7.5,,,-16.54,-111.508141,33.750837,-153.40819157225982,116.08284212178653,1145.122357833458,0.3894711743496193,0.1964701666018437,0.0267458395480459,0.0052547595519107
S19S_0044-D,-79.811134,33.131027,24.0,6.0,,,-1011.81,-79.811134,33.131027,-1833.796343961413,196.65134763991065,1160.0953687327649,2.162090761003884,0.3441830200132094,0.14847551344124,0.0511027506142178
S19S_0044-M,-79.810626,33.130966,24.0,6.0,,,-2785.54,-79.810626,33.130966,-1833.796343961413,196.65134763991065,1160.0953687327649,2.162090761003884,0.3441830200132094,0.14847551344124,0.0511027506142178
S19S_0044-U,-79.810168,33.130796,24.0,6.0,,,-1906.69,-79.810168,33.130796,-1833.796343961413,196.65134763991065,1160.0953687327649,2.162090761003884,0.3441830200132094,0.14847551344124,0.0511027506142178
S19S_0075-D,-119.465555,46.694742,11.0,6.5,,,-3.99,-119.465555,46.694742,-114.7370980489724,117.6190374055242,1145.278040945438,4.111334650281773,0.1995528006739683,0.282334365485155,0.0563406133590704
S19S_0075-M,-119.465591,46.694842,11.0,6.5,,,-0.75,-119.465591,46.694842,-114.7370980489724,117.6190374055242,1145.278040945438,4.111334650281773,0.1995528006739683,0.282334365485155,0.0563406133590704
S19S_0075-U,-119.465706,46.694858,11.0,6.5,,,-1.3,-119.465706,46.694858,-114.7370980489724,117.6190374055242,1145.278040945438,4.111334650281773,0.1995528006739683,0.282334365485155,0.0563406133590704
S19S_0076-D,-119.462605,46.679191,14.0,6.5,,,-15.42,-119.46260499999998,46.679191,-122.65023454724584,117.00165346732054,1145.2118154224672,4.260446191469002,0.19872543184981,0.2925741819799579,0.0581419306620719
S19S_0076-M,-119.46257,46.679318,14.0,6.5,,,-11.67,-119.46257,46.679318,-122.65023454724584,117.00165346732054,1145.2118154224672,4.260446191469002,0.19872543184981,0.2925741819799579,0.0581419306620719
S19S_0076-U,-119.462645,46.679398,14.0,6.5,,,-22.07,-119.462645,46.679398,-122.65023454724584,117.00165346732054,1145.2118154224672,4.260446191469002,0.19872543184981,0.2925741819799579,0.0581419306620719
S19S_0016-D,-96.6025,39.10445,18.5,7.5,4.37,48.7,-9.12,-96.6025,39.10445,-366.8228293350211,121.01979957604227,1145.847027157655,1.4329701576161755,0.2013939933463925,0.0984052028413687,0.0198182167662849
S19S_0016-M,-96.60286,39.10429,18.5,7.5,4.37,48.7,-1752.9,-96.60286,39.10429,-366.8228293350211,121.01979957604227,1145.847027157655,1.4329701576161755,0.2013939933463925,0.0984052028413687,0.0198182167662849
S19S_0016-U,-96.60276,39.10415,18.5,7.5,4.37,48.7,-20.06,-96.60276,39.10415,-366.8228293350211,121.01979957604227,1145.847027157655,1.4329701576161755,0.2013939933463925,0.0984052028413687,0.0198182167662849
S19S_0033-D,-119.2554,37.0576,16.6,7.0,9.46,97.3,-2.08,-119.25539999999998,37.0576,-71.57329893076209,119.94908772693456,1145.523308785395,2.727877484032142,0.2031562418693443,0.1873293283295903,0.038057122335348
S19S_0033-M,-119.2557,37.0582,16.6,7.0,9.46,97.3,-1.77,-119.2557,37.0582,-71.57329893076209,119.94908772693456,1145.523308785395,2.727877484032142,0.2031562418693443,0.1873293283295903,0.038057122335348
S19S_0033-U,-119.256,37.0581,16.6,7.0,9.46,97.3,-3.94,-119.256,37.0581,-71.57329893076209,119.94908772693456,1145.523308785395,2.727877484032142,0.2031562418693443,0.1873293283295903,0.038057122335348
S19S_0035-D,-110.757838,32.42735,18.4,6.5,5.88,63.1,-12.66,-110.75783800000002,32.42735,-78.067176713766,119.57019456131243,1145.4825282342592,7.198051746932516,0.2025372555231578,0.494305996851952,0.100115379991033
S19S_0035-M,-110.758821,32.42728,18.4,6.5,5.88,63.1,-7.65,-110.75882099999998,32.42728,-78.067176713766,119.57019456131243,1145.4825282342592,7.198051746932516,0.2025372555231578,0.494305996851952,0.100115379991033
S19S_0035-U,-110.759543,32.327329,18.4,6.5,5.88,63.1,-11.52,-110.75954299999998,32.327329,-96.3759469298869,119.060099611259,1145.4308409976747,4.07068133482437,0.2012516675307648,0.2795426131709164,0.0562584170465544
S19S_0037-D,-75.7830393,39.8577967,19.4,6.5,8.97,98.6,-7.5,-75.7830393,39.8577967,-119.80708758522572,117.17431157954942,1145.2293617236078,0.4904304875241654,0.1988078356987038,0.0336789369603422,0.0066956365657186
S19S_0037-M,-75.7830477,39.8578837,19.4,6.5,8.97,98.6,-14.69,-75.7830477,39.8578837,-119.80708758522572,117.17431157954942,1145.2293617236078,0.4904304875241654,0.1988078356987038,0.0336789369603422,0.0066956365657186
S19S_0037-U,-75.7831181,39.8579143,19.4,6.5,8.97,98.6,-14.12,-75.7831181,39.8579143,-119.80708758522572,117.17431157954942,1145.2293617236078,0.4904304875241654,0.1988078356987038,0.0336789369603422,0.0066956365657186
S19S_0038-D,-75.7839486,39.8594333,19.5,6.5,8.62,95.1,-7.06,-75.7839486,39.8594333,-115.85804816380012,117.36765690934502,1145.2492883503674,0.4880580201683313,0.1991409119065783,0.0335160144248347,0.0066744096760355
S19S_0038-M,-75.7840693,39.8595115,19.5,6.5,8.62,95.1,-3.59,-75.7840693,39.8595115,-115.85804816380012,117.36765690934502,1145.2492883503674,0.4880580201683313,0.1991409119065783,0.0335160144248347,0.0066744096760355
S19S_0038-U,-75.784143,39.8595761,19.5,6.5,8.62,95.1,-10.78,-75.784143,39.8595761,-115.85804816380012,117.36765690934502,1145.2492883503674,0.4880580201683313,0.1991409119065783,0.0335160144248347,0.0066744096760355
S19S_0059-D,-117.3915976,48.16874998,11.0,6.5,,,-1413.77,-117.3915976,48.16874998,-210.38854755553533,113.75356692047156,1144.8865193448048,2.4078269781015567,0.1921205874622402,0.1653507583027204,0.0317672848224455
S19S_0059-M,-117.3913007,48.16841972,11.0,6.5,,,-42.76,-117.39130070000002,48.16841972,-210.38854755553533,113.75356692047156,1144.8865193448048,2.4078269781015567,0.1921205874622402,0.1653507583027204,0.0317672848224455
S19S_0059-U,-117.3903992,48.16859001,11.0,6.5,,,-19.87,-117.3903992,48.16859001,-210.38854755553533,113.75356692047156,1144.8865193448048,2.4078269781015567,0.1921205874622402,0.1653507583027204,0.0317672848224455
S19S_0061-D,-89.6407,43.1095,16.9,7.5,7.56,78.0,-1953.6,-89.6407,43.1095,-1730.0208401506632,187.00763384189935,1154.5091949471066,1.6388562989764988,0.3201846763545355,0.112543855621475,0.0360348179878535
S19S_0061-M,-89.6405,43.1095,16.9,7.5,7.56,78.0,-1939.15,-89.6405,43.1095,-1730.0208401506632,187.00763384189935,1154.5091949471066,1.6388562989764988,0.3201846763545355,0.112543855621475,0.0360348179878535
S19S_0063-D,-97.709399,30.250335,24.0,7.5,,,-1.29,-97.709399,30.250335,-123.59192218657412,116.97664311778848,1145.2090750749696,3.903543785005038,0.1986415345804721,0.2680649111371618,0.0532488253154636
S19S_0063-M,-97.70953,30.250384,24.0,7.5,,,-2.02,-97.70953,30.250384000000004,-123.59192218657412,116.97664311778848,1145.2090750749696,3.903543785005038,0.1986415345804721,0.2680649111371618,0.0532488253154636
S19S_0063-U,-97.709566,30.250278,24.0,7.5,,,-1.67,-97.709566,30.250278,-123.59192218657412,116.97664311778848,1145.2090750749696,3.903543785005038,0.1986415345804721,0.2680649111371618,0.0532488253154636
S19S_0064-D,-78.00803,40.61043,23.5,7.7,6.842986555712364,80.7,-74.17,-78.00803,40.61043,-147.80877669634958,115.92503356917663,1145.1020830840057,0.2891496799156841,0.196861905733708,0.0198565425472322,0.0039089968071305
S19S_0064-M,-78.00808,40.64061,23.5,7.7,6.842986555712364,80.7,-64.33,-78.00808,40.64061,-153.42435616574917,115.6330820875362,1145.0724058102364,1.2835112966523567,0.1963177035755789,0.0881415351359286,0.0173037437675116
S19S_0064-U,-78.00688,40.61507,23.5,7.7,6.842986555712364,80.7,-24.54,-78.00688,40.61507,-147.80877669634958,115.92503356917663,1145.1020830840057,0.2891496799156841,0.196861905733708,0.0198565425472322,0.0039089968071305
S19S_0067-D,-85.35412,42.3921,20.63,7.5,9.17,104.4,-988.01,-85.35412,42.3921,-1561.8502016815598,173.22100306754538,1152.5787744379527,1.1294966044762813,0.2936728444428724,0.0775650085114312,0.0227787366787875
S19S_0067-M,-85.354,42.39201,20.63,7.5,9.17,104.4,-1821.88,-85.354,42.39201,-1561.8502016815598,173.22100306754538,1152.5787744379527,1.1294966044762813,0.2936728444428724,0.0775650085114312,0.0227787366787875
S19S_0067-U,-85.35402,42.39193,20.63,7.5,9.17,104.4,-2260.74,-85.35402,42.39193,-1561.8502016815598,173.22100306754538,1152.5787744379527,1.1294966044762813,0.2936728444428724,0.0775650085114312,0.0227787366787875
S19S_0068-U,-122.257915,44.207269,14.7,6.0,,,-2.71,-122.257915,44.207269,-104.20756605934076,118.56549537039628,1145.382958558783,5.266974514458489,0.2001477548936612,0.361694688965347,0.0723923799533752
S19S_0069-D,-123.735151,39.362202,15.0,6.5,,,-0.99,-123.735151,39.362202,-99.01943677945744,118.97705953827014,1145.427367408501,2.97038553078896,0.2007786139861275,0.2039828876552555,0.0409554014603101
S19S_0069-M,-123.734753,39.362129,15.0,6.5,,,-1.09,-123.734753,39.362129,-99.01943677945744,118.97705953827014,1145.427367408501,2.97038553078896,0.2007786139861275,0.2039828876552555,0.0409554014603101
S19S_0069-U,-123.734848,39.362343,15.0,6.5,,,-1.4,-123.734848,39.362343,-99.01943677945744,118.97705953827014,1145.427367408501,2.97038553078896,0.2007786139861275,0.2039828876552555,0.0409554014603101
S19S_0070-D,-123.752414,39.339914,16.0,6.5,,,-1.55,-123.752414,39.339914,-106.17975478942552,118.60793242579018,1145.387997052413,2.5758436824600404,0.200181741312431,0.1768888338064278,0.0354099147700959
S19S_0070-M,-123.752441,39.339892,16.0,6.5,,,-1.78,-123.752441,39.339892,-106.17975478942552,118.60793242579018,1145.387997052413,2.5758436824600404,0.200181741312431,0.1768888338064278,0.0354099147700959
S19S_0070-U,-123.752011,39.339682,16.0,6.5,,,-3.32,-123.752011,39.339682,-106.17975478942552,118.60793242579018,1145.387997052413,2.5758436824600404,0.200181741312431,0.1768888338064278,0.0354099147700959
S19S_0071-D,-105.458575,40.012917,11.5,7.0,,,-48.59,-105.458575,40.012917,-143.31419456662962,116.73482526021976,1145.1914872582054,3.351483124310885,0.1972585104500688,0.2301536950468548,0.0453997750595219
S19S_0071-M,-105.4589026,40.0128376,11.5,7.0,,,-82.62,-105.45890260000002,40.0128376,-143.31419456662962,116.73482526021976,1145.1914872582054,3.351483124310885,0.1972585104500688,0.2301536950468548,0.0453997750595219
S19S_0071-U,-105.4588818,40.0129961,11.5,7.0,,,-17.66,-105.4588818,40.0129961,-143.31419456662962,116.73482526021976,1145.1914872582054,3.351483124310885,0.1972585104500688,0.2301536950468548,0.0453997750595219
S19S_0072-D,-71.1848201,42.5235645,18.5,6.0,8.19,87.4,-3.46,-71.1848201,42.5235645,-145.55595618148203,116.40168038785934,1145.1543194930666,0.296911274361472,0.1970204948779748,0.020389548256912,0.0040171588879151
S19S_0072-M,-71.18851406,42.5235479,18.5,6.0,8.19,87.4,-3.65,-71.18851406,42.5235479,-145.55595618148203,116.40168038785934,1145.1543194930666,0.296911274361472,0.1970204948779748,0.020389548256912,0.0040171588879151
S19S_0072-U,-71.1854501,42.5233858,18.5,6.0,8.19,87.4,-21.22,-71.1854501,42.5233858,-145.55595618148203,116.40168038785934,1145.1543194930666,0.296911274361472,0.1970204948779748,0.020389548256912,0.0040171588879151
S19S_0073-D,-70.9164986,42.7688065,16.9,6.5,6.41,66.2,-82.36,-70.9164986,42.7688065,-176.6606849937765,114.50903664360722,1144.957469098143,0.629714898330899,0.1944448498601979,0.0432439028636645,0.0084085541996941
S19S_0073-M,-70.9167967,42.7694593,16.9,6.5,6.41,66.2,-77.62,-70.9167967,42.7694593,-176.6606849937765,114.50903664360722,1144.957469098143,0.629714898330899,0.1944448498601979,0.0432439028636645,0.0084085541996941
S19S_0012-D,-72.33027,42.47179,18.2,6.5,9.63,105.1,-2.7,-72.33027,42.47179,-91.02755148675956,118.8229308589822,1145.4029878484284,1.495308836393198,0.201319174895824,0.1026861366049306,0.0206726882945444
S19S_0012-M,-72.33038,42.47157,18.2,6.5,9.63,105.1,-5.86,-72.33038,42.47157,-91.02755148675956,118.8229308589822,1145.4029878484284,1.495308836393198,0.201319174895824,0.1026861366049306,0.0206726882945444
S19S_0012-U,-72.33105,42.47178,18.2,6.5,9.63,105.1,-2.46,-72.33105,42.47178,-91.02755148675956,118.8229308589822,1145.4029878484284,1.495308836393198,0.201319174895824,0.1026861366049306,0.0206726882945444
S19S_0027-D,-105.91125,39.89064,7.1,6.5,9.57,109.6,-1.25,-105.91125,39.89064,-69.64505163965616,120.04237039626562,1145.5325908253865,5.092456828063047,0.2032163936743641,0.3497101767702579,0.0710668409544761
S19S_0027-M,-105.91152,39.89078,7.1,6.5,9.57,109.6,-2.74,-105.91152,39.89078,-69.64505163965616,120.04237039626562,1145.5325908253865,5.092456828063047,0.2032163936743641,0.3497101767702579,0.0710668409544761
S19S_0027-U,-105.91164,39.89071,7.1,6.5,9.57,109.6,-6.06,-105.91164,39.89071,-69.64505163965616,120.04237039626562,1145.5325908253865,5.092456828063047,0.2032163936743641,0.3497101767702579,0.0710668409544761
S19S_0030-U,-121.929928,45.792233,14.7,6.0,9.1,89.1,-9.01,-121.929928,45.792233,-165.6677176999572,119.059051918764,1145.4326982857945,6.22571450574856,0.2020701856962727,0.4275334664259883,0.0863917669520706
S19S_0047-D,-149.40333,68.64278,8.5,6.5,10.26,97.2,-33.64,-149.40333,68.64278,-321.95571381460405,111.53267624694726,1144.6642676798338,4.888717990114135,0.1922294413290562,0.3357189840238717,0.0645350727424671
S19S_0047-M,-149.40339,68.64274,8.5,6.5,10.26,97.2,-1175.43,-149.40339,68.64274,-321.95571381460405,111.53267624694726,1144.6642676798338,4.888717990114135,0.1922294413290562,0.3357189840238717,0.0645350727424671
S19S_0047-U,-149.40346,68.6427,8.5,6.5,10.26,97.2,-2727.43,-149.40346,68.6427,-321.95571381460405,111.53267624694726,1144.6642676798338,4.888717990114135,0.1922294413290562,0.3357189840238717,0.0645350727424671
S19S_0050-D,-149.14198,68.66953,9.6,6.5,12.44,108.2,-2.85,-149.14198,68.66953,-115.28893565862592,117.66630927497536,1145.2821279489208,4.993066589876926,0.1993689450018421,0.3428848311779759,0.0683605870490877
S19S_0050-M,-149.14041,68.66967,9.6,6.5,12.44,108.2,-8.26,-149.14041,68.66967,-115.28893565862592,117.66630927497536,1145.2821279489208,4.993066589876926,0.1993689450018421,0.3428848311779759,0.0683605870490877
S19S_0050-U,-149.5972,68.62722,9.6,6.5,12.44,108.2,-5.69,-149.5972,68.62722,-116.50668322771784,117.47351864698103,1145.2615620106517,4.847470229277153,0.1992121348775704,0.3328864098419586,0.0663150123763464
S19S_0062-D,-106.950417,38.544583,14.2,7.5,,,-2.37,-106.950417,38.544583,-107.67209745682356,117.85185262107596,1145.3004273355727,1.810948673285082,0.1998054034822421,0.1243618163175028,0.024848162887103
S19S_0062-M,-106.950472,38.544667,14.2,7.5,,,-21.63,-106.95047200000002,38.544667,-107.67209745682356,117.85185262107596,1145.3004273355727,1.810948673285082,0.1998054034822421,0.1243618163175028,0.024848162887103
S19S_0062-U,-106.950056,38.544778,14.2,7.5,,,-1.68,-106.950056,38.544778,-107.67209745682356,117.85185262107596,1145.3004273355727,1.810948673285082,0.1998054034822421,0.1243618163175028,0.024848162887103
S19S_0051-D,-147.50267,65.1531,4.5,6.5,12.9,101.0,-3.14,-147.50267,65.1531,-82.6642737651533,119.3560636387155,1145.460201735227,4.610118344478408,0.2021111561513933,0.3165869354640296,0.0639857515490615
S19S_0051-M,-147.50249,65.15298,4.5,6.5,12.9,101.0,-47.19,-147.50249,65.15298,-82.6642737651533,119.3560636387155,1145.460201735227,4.610118344478408,0.2021111561513933,0.3165869354640296,0.0639857515490615
S19S_0051-U,-147.80559,64.85568,4.5,6.5,12.9,101.0,-2.21,-147.80559,64.85568,-216.92475815776743,117.17925895896867,1145.236726928924,3.861839691304133,0.1985394887964318,0.2652009995768679,0.052652870884294
S19S_0090-D,-75.930606,37.291383,22.9,6.5,5.8,65.0,-43.22,-75.930606,37.291383,-149.83018561203355,115.75732331362856,1145.0839863165934,2.327085582714961,0.1967432005805625,0.1598060696373747,0.0314407576126573
S19S_0090-M,-75.930615,37.291374,22.9,6.5,5.8,65.0,-3.79,-75.930615,37.291374,-149.83018561203355,115.75732331362856,1145.0839863165934,2.327085582714961,0.1967432005805625,0.1598060696373747,0.0314407576126573
S19S_0090-U,-75.930807,37.291396,22.9,6.5,5.8,65.0,-3.97,-75.930807,37.291396,-149.83018561203355,115.75732331362856,1145.0839863165934,2.327085582714961,0.1967432005805625,0.1598060696373747,0.0314407576126573
S19S_0024-D,-96.6227,34.44205,25.9,7.0,8.68,101.7,-1918.37,-96.6227,34.44205,-1759.7892687948774,192.06597095697128,1155.3908208565288,2.438311708702241,0.3274880369637554,0.1674442115978786,0.0548359761571329
S19S_0024-M,-96.62255,34.44223,25.9,7.0,8.68,101.7,-1739.12,-96.62255,34.44223,-1759.7892687948774,192.06597095697128,1155.3908208565288,2.438311708702241,0.3274880369637554,0.1674442115978786,0.0548359761571329
S19S_0024-U,-96.62259,34.44251,25.9,7.0,8.68,101.7,-1841.16,-96.62259,34.44251,-1759.7892687948774,192.06597095697128,1155.3908208565288,2.438311708702241,0.3274880369637554,0.1674442115978786,0.0548359761571329
S19S_0066-D,-106.643178,35.19845,31.2,6.5,,,-2.71,-106.643178,35.19845,-668.5386491364382,122.22307773514376,1146.0348953345056,2.830209395654574,0.2065469029618777,0.1943566850870419,0.0401437713746654
S19S_0066-M,-106.643131,35.198511,31.2,6.5,,,-2086.43,-106.643131,35.198511,-668.5386491364382,122.22307773514376,1146.0348953345056,2.830209395654574,0.2065469029618777,0.1943566850870419,0.0401437713746654
S19S_0066-U,-106.643074,35.198601,31.2,6.5,,,-2610.28,-106.643074,35.198601,-668.5386491364382,122.22307773514376,1146.0348953345056,2.830209395654574,0.2065469029618777,0.1943566850870419,0.0401437713746654
S19S_0077-D,-105.223141,40.66403,18.0,6.5,,,-5.17,-105.22314099999998,40.66403,-82.96708148961808,119.21239701490046,1145.4440107966225,1.7463477788163562,0.2019672295896003,0.1199255312419615,0.0242210273019999
S19S_0077-M,-105.223622,40.664282,18.0,6.5,,,-3.91,-105.223622,40.664282,-82.96708148961808,119.21239701490046,1145.4440107966225,1.7463477788163562,0.2019672295896003,0.1199255312419615,0.0242210273019999
S19S_0077-U,-105.224786,40.664703,18.0,6.5,,,-4.97,-105.224786,40.664703,-82.96708148961808,119.21239701490046,1145.4440107966225,1.7463477788163562,0.2019672295896003,0.1199255312419615,0.0242210273019999
S19S_0097-D,-111.8865,41.720847,16.9,8.49,12.18682522235462,126.0,-58.67,-111.8865,41.720847,-560.4015150788566,128.88161065746553,1146.9167255974842,3.705053590713837,0.2045950541433376,0.2544341542596134,0.0520559695666599
S19S_0097-M,-111.886477,41.720805,16.9,8.49,12.18682522235462,126.0,-29.12,-111.886477,41.720805,-560.4015150788566,128.88161065746553,1146.9167255974842,3.705053590713837,0.2045950541433376,0.2544341542596134,0.0520559695666599
S19S_0097-U,-111.88642,41.720744,16.9,8.49,12.18682522235462,126.0,-1531.16,-111.88642,41.720744,-560.4015150788566,128.88161065746553,1146.9167255974842,3.705053590713837,0.2045950541433376,0.2544341542596134,0.0520559695666599
S19S_0098-D,-111.580533,41.950204,10.34,8.31,11.422737501053934,102.1,-24.5,-111.58053300000002,41.950204,-99.08053305034991,118.48138708653956,1145.3683887844631,4.409591511854771,0.2007554233505541,0.3028163181663931,0.0607920181509503
S19S_0098-M,-111.580451,41.950345,10.34,8.31,11.422737501053934,102.1,-17.33,-111.580451,41.950345,-99.08053305034991,118.48138708653956,1145.3683887844631,4.409591511854771,0.2007554233505541,0.3028163181663931,0.0607920181509503
S19S_0098-U,-111.580465,41.950373,10.34,8.31,11.422737501053934,102.1,-29.51,-111.580465,41.950373,-99.08053305034991,118.48138708653956,1145.3683887844631,4.409591511854771,0.2007554233505541,0.3028163181663931,0.0607920181509503
S19S_0013-D,-78.1476,38.8952,21.1,6.5,7.56,85.5,-2741.44,-78.1476,38.8952,-1886.6568103676852,205.14180987307716,1157.875029313665,1.433043839649274,0.3488014209514857,0.0984102627481464,0.0343256394827624
S19S_0013-M,-78.1474,38.8945,21.1,6.5,7.56,85.5,-1806.3,-78.1474,38.8945,-1886.6568103676852,205.14180987307716,1157.875029313665,1.433043839649274,0.3488014209514857,0.0984102627481464,0.0343256394827624
S19S_0013-U,-78.1474,38.8944,21.1,6.5,7.56,85.5,-1788.7,-78.1474,38.8944,-1886.6568103676852,205.14180987307716,1157.875029313665,1.433043839649274,0.3488014209514857,0.0984102627481464,0.0343256394827624
S19S_0014-D,-77.9808,39.0941,18.8,7.5,9.6,100.9,-1482.57,-77.9808,39.0941,-1480.9568292430536,165.2974750951874,1152.522142743383,1.550422304357033,0.2882989731970945,0.1064708992990084,0.0306954509432753
S19S_0014-M,-77.9812,39.0942,18.8,7.5,9.6,100.9,-2738.74,-77.9812,39.0942,-1480.9568292430536,165.2974750951874,1152.522142743383,1.550422304357033,0.2882989731970945,0.1064708992990084,0.0306954509432753
S19S_0014-U,-77.9815,39.0944,18.8,7.5,9.6,100.9,-41.92,-77.9815,39.0944,-1480.9568292430536,165.2974750951874,1152.522142743383,1.550422304357033,0.2882989731970945,0.1064708992990084,0.0306954509432753
S19S_0020-D,-88.15755,31.85294,30.5,7.5,6.61,93.4,-4.81,-88.15755,31.85294,-297.4379453060609,115.86628146230944,1145.1146937196904,4.6389200896633005,0.1984657650679037,0.3185648144603513,0.0632242096255883
S19S_0020-M,-88.1575,31.85302,30.5,7.5,6.61,93.4,-1388.85,-88.1575,31.853020000000004,-297.4379453060609,115.86628146230944,1145.1146937196904,4.6389200896633005,0.1984657650679037,0.3185648144603513,0.0632242096255883
S19S_0020-U,-88.15748,31.8531,30.5,7.5,6.61,93.4,-12.94,-88.15748,31.8531,-297.4379453060609,115.86628146230944,1145.1146937196904,4.6389200896633005,0.1984657650679037,0.3185648144603513,0.0632242096255883
S19S_0031-D,-122.1650676,44.2602628,12.4,6.0,9.56,96.6,-1.84,-122.1650676,44.2602628,-69.10950889788113,120.04366631827034,1145.5331696951764,5.794041438839838,0.2032712388312096,0.3978895303785172,0.0808794977580094
S19S_0031-M,-122.1647132,44.2602364,12.4,6.0,9.56,96.6,-1.15,-122.1647132,44.2602364,-69.10950889788113,120.04366631827034,1145.5331696951764,5.794041438839838,0.2032712388312096,0.3978895303785172,0.0808794977580094
S19S_0031-U,-122.1642723,44.2605576,12.4,6.0,9.56,96.6,-1.29,-122.1642723,44.2605576,-69.10950889788113,120.04366631827034,1145.5331696951764,5.794041438839838,0.2032712388312096,0.3978895303785172,0.0808794977580094
S19S_0060-D,-119.4768203,46.2531882,25.6,8.0,13.31,161.9,-16.99,-119.4768203,46.2531882,-126.71994682843376,116.90654562015048,1145.2020321900548,2.266485096821993,0.1984240464485942,0.1556445013905499,0.0308836117733867
S19S_0060-M,-119.4769597,46.253117,25.6,8.0,13.31,161.9,-5.77,-119.4769597,46.253117,-126.71994682843376,116.90654562015048,1145.2020321900548,2.266485096821993,0.1984240464485942,0.1556445013905499,0.0308836117733867
S19S_0060-U,-119.4772256,46.2530248,25.6,8.0,13.31,161.9,-3.65,-119.4772256,46.2530248,-126.71994682843376,116.90654562015048,1145.2020321900548,2.266485096821993,0.1984240464485942,0.1556445013905499,0.0308836117733867
S19S_0081-U,-76.9259674,38.9603293,27.0,6.5,,,-19.2,-76.9259674,38.9603293,-269.6678267892099,113.62497571630608,1144.8741407451198,2.153964593468192,0.1921541952433808,0.1479174716980659,0.0284229627365773
S19S_0082-D,-76.5465418,38.8748619,31.4,7.0,,,-34.83,-76.5465418,38.8748619,-167.48014027620349,114.87192149130496,1144.9931915935658,0.6727599419404449,0.1952128615441164,0.0461999003945269,0.0090188147590687
S19S_0082-M,-76.5464751,38.8748139,31.4,7.0,,,-37.03,-76.5464751,38.8748139,-167.48014027620349,114.87192149130496,1144.9931915935658,0.6727599419404449,0.1952128615441164,0.0461999003945269,0.0090188147590687
S19S_0082-U,-76.5464942,38.8749661,31.4,7.0,,,-81.84,-76.5464942,38.8749661,-167.48014027620349,114.87192149130496,1144.9931915935658,0.6727599419404449,0.1952128615441164,0.0461999003945269,0.0090188147590687
S19S_0083-D,-88.3227,40.31083,25.4,7.5,,,-14.63,-88.3227,40.31083,-196.8829232441362,114.00591882009248,1144.9072348660795,3.359778815378528,0.1938523521577793,0.2307233783426875,0.0447262695895191
S19S_0083-M,-88.3227,40.31083,25.4,7.5,,,-23.85,-88.3227,40.31083,-196.8829232441362,114.00591882009248,1144.9072348660795,3.359778815378528,0.1938523521577793,0.2307233783426875,0.0447262695895191
S19S_0083-U,-88.3227,40.31083,25.4,7.5,,,-73.45,-88.3227,40.31083,-196.8829232441362,114.00591882009248,1144.9072348660795,3.359778815378528,0.1938523521577793,0.2307233783426875,0.0447262695895191
S19S_0084-D,-71.722778,43.954722,17.2,6.0,,,-3.47,-71.722778,43.954722,-74.80940502302701,119.78932618641288,1145.506372318328,2.4849385105793846,0.2028116622388118,0.1706461763228087,0.0346090346747261
S19S_0084-M,-71.722778,43.954722,17.2,6.0,,,-4.24,-71.722778,43.954722,-74.80940502302701,119.78932618641288,1145.506372318328,2.4849385105793846,0.2028116622388118,0.1706461763228087,0.0346090346747261
S19S_0084-U,-71.722778,43.954722,17.2,6.0,,,-2.41,-71.722778,43.954722,-74.80940502302701,119.78932618641288,1145.506372318328,2.4849385105793846,0.2028116622388118,0.1706461763228087,0.0346090346747261
S19S_0086-D,-111.8064,40.7797,11.5,8.0,,,-14.92,-111.80639999999998,40.7797,-103.85523894429492,118.20303515456033,1145.3386316898266,3.2126357954707374,0.2003271627171507,0.220618744520581,0.0441959271320279
S19S_0086-M,-111.8054,40.7799,11.5,8.0,,,-3.07,-111.8054,40.7799,-103.85523894429492,118.20303515456033,1145.3386316898266,3.2126357954707374,0.2003271627171507,0.220618744520581,0.0441959271320279
S19S_0086-U,-111.8054,40.7801,11.5,8.0,,,-52.27,-111.8054,40.7801,-103.85523894429492,118.20303515456033,1145.3386316898266,3.2126357954707374,0.2003271627171507,0.220618744520581,0.0441959271320279
S19S_0099-D,-84.7119066,39.2385932,27.3,7.5,,,-5.57,-84.7119066,39.2385932,-111.08333893557032,117.6085980414712,1145.274408734801,1.865898597286149,0.1995070867526027,0.1281353480890495,0.0255639100072769
S19S_0099-M,-84.7121004,39.2386399,27.3,7.5,,,-8.93,-84.7121004,39.2386399,-111.08333893557032,117.6085980414712,1145.274408734801,1.865898597286149,0.1995070867526027,0.1281353480890495,0.0255639100072769
S19S_0099-U,-84.7123967,39.2386771,27.3,7.5,,,-4.29,-84.7123967,39.2386771,-111.08333893557032,117.6085980414712,1145.274408734801,1.865898597286149,0.1995070867526027,0.1281353480890495,0.0255639100072769
S19S_0021-D,-87.79835,32.54069,33.4,7.5,6.55,90.5,-2505.5,-87.79835,32.54069,-243.27392544944027,111.9632845034743,1144.702980567593,4.091343626015525,0.1904334038037023,0.2809615380138562,0.0535044620219019
S19S_0021-M,-87.79828,32.54082,33.4,7.5,6.55,90.5,-23.78,-87.79828,32.54082,-243.27392544944027,111.9632845034743,1144.702980567593,4.091343626015525,0.1904334038037023,0.2809615380138562,0.0535044620219019
S19S_0021-U,-87.79821,32.54108,33.4,7.5,6.55,90.5,-35.1,-87.79821,32.54108,-243.27392544944027,111.9632845034743,1144.702980567593,4.091343626015525,0.1904334038037023,0.2809615380138562,0.0535044620219019
S19S_0052-D,-74.69563,42.13187,20.3,6.5,,,-15.34,-74.69563,42.13187,-91.36470120113206,118.77505878361696,1145.3982002496946,1.829224605633525,0.2012541718152463,0.125616864666071,0.0252809180643979
S19S_0052-M,-74.69546,42.13233,20.3,6.5,,,-50.95,-74.69546,42.13233,-91.36470120113206,118.77505878361696,1145.3982002496946,1.829224605633525,0.2012541718152463,0.125616864666071,0.0252809180643979
S19S_0052-U,-74.69548,42.13247,20.3,6.5,,,-15.94,-74.69548,42.13247,-91.36470120113206,118.77505878361696,1145.3982002496946,1.829224605633525,0.2012541718152463,0.125616864666071,0.0252809180643979
S19S_0080-D,-106.681374,34.950811,22.7,8.11,6.66,76.9,-3.21,-106.681374,34.950811,-140.42026366181136,116.05412693432396,1145.113815663956,2.835047197936781,0.1972421757489099,0.1946889075777593,0.0384008637248156
S19S_0080-M,-106.681271,34.950833,22.7,8.11,6.66,76.9,-20.32,-106.681271,34.950833,-140.42026366181136,116.05412693432396,1145.113815663956,2.835047197936781,0.1972421757489099,0.1946889075777593,0.0384008637248156
S19S_0080-U,-106.681382,34.950903,22.7,8.11,6.66,76.9,-35.76,-106.681382,34.950903,-140.42026366181136,116.05412693432396,1145.113815663956,2.835047197936781,0.1972421757489099,0.1946889075777593,0.0384008637248156
S19S_0100-D,-106.950961,38.92352,14.2,7.24,7.6,71.5,-40.96,-106.950961,38.92352,-83.22531178421649,119.24939074536738,1145.4482231508896,3.6710756792740193,0.2020423670333801,0.2521008165766266,0.0509350457121896
S19S_0100-M,-106.950743,38.922712,14.2,7.24,7.6,71.5,-8.65,-106.95074300000002,38.922712,-83.22531178421649,119.24939074536738,1145.4482231508896,3.6710756792740193,0.2020423670333801,0.2521008165766266,0.0509350457121896
S19S_0100-U,-106.95145,38.922389,14.2,7.24,7.6,71.5,-4.28,-106.95145,38.922389,-83.22531178421649,119.24939074536738,1145.4482231508896,3.6710756792740193,0.2020423670333801,0.2521008165766266,0.0509350457121896
S19S_0087-D,-116.7743431,43.1233451,17.1,7.25,,,-991.01,-116.77434309999998,43.1233451,-306.54458509394186,112.73558637306505,1144.78325084065,4.272106730339782,0.1908012195820401,0.2933749367526376,0.0559762957272071
S19S_0087-M,-116.7744702,43.1233625,17.1,7.25,,,-38.08,-116.7744702,43.1233625,-306.54458509394186,112.73558637306505,1144.78325084065,4.272106730339782,0.1908012195820401,0.2933749367526376,0.0559762957272071
S19S_0087-U,-116.7745057,43.1231912,17.1,7.25,,,-35.52,-116.7745057,43.1231912,-306.54458509394186,112.73558637306505,1144.78325084065,4.272106730339782,0.1908012195820401,0.2933749367526376,0.0559762957272071
S19S_0053-D,-73.00222222,41.869567,22.78,6.5,,,-18.6,-73.00222222,41.869567,-147.225953553431,116.76917528676351,1145.1968198681027,1.8367381164885144,0.1971904055696713,0.1261328339315902,0.0248721846786222
S19S_0053-M,-72.796633,41.869617,22.78,6.5,,,-43.06,-72.796633,41.869617,-120.92988297172376,117.0916237459788,1145.221187091594,1.5544039892140713,0.1987487000068857,0.1067443303289044,0.0212152968859753
S19S_0053-U,-72.796767,41.869583,22.78,6.5,,,-15.66,-72.796767,41.869583,-120.92988297172376,117.0916237459788,1145.221187091594,1.5544039892140713,0.1987487000068857,0.1067443303289044,0.0212152968859753
S19S_0017-D,-96.44355,38.94668,20.7,7.5,7.3,85.4,-42.8,-96.44355,38.94668,-172.06255271247554,114.91631805470072,1144.999537144998,1.48468751820198,0.1951683510340576,0.1019567473950477,0.0198987302658873
S19S_0017-M,-96.44379,38.94667,20.7,7.5,7.3,85.4,-3.18,-96.44379,38.94667,-172.06255271247554,114.91631805470072,1144.999537144998,1.48468751820198,0.1951683510340576,0.1019567473950477,0.0198987302658873
S19S_0017-U,-96.44389,38.94684,20.7,7.5,7.3,85.4,-13.09,-96.44389,38.94684,-172.06255271247554,114.91631805470072,1144.999537144998,1.48468751820198,0.1951683510340576,0.1019567473950477,0.0198987302658873
S19S_0032-D,-119.02313,39.95545,13.1,7.0,9.35,87.5,-15.13,-119.02313,39.95545,-112.03352584391304,117.579564539293,1145.27166699075,2.34429116102635,0.1995187731635666,0.1609876144272201,0.0321200513250482
S19S_0032-M,-119.02367,36.95503,13.1,7.0,9.35,87.5,-3.73,-119.02367,36.95503,-124.93091040858516,117.35486375553673,1145.2535680598985,8.197096729454039,0.1984308046011516,0.5629126064384546,0.1116992014157139
S19S_0032-U,-119.02375,36.95497,13.1,7.0,9.35,87.5,-46.77,-119.02375000000002,36.95497,-124.93091040858516,117.35486375553673,1145.2535680598985,8.197096729454039,0.1984308046011516,0.5629126064384546,0.1116992014157139
S19S_0089-D,-80.44539,37.21008,20.8,7.0,9.95,118.6,-1185.05,-80.44539,37.21008,-534.6345517729882,114.25142084632276,1144.9860954165838,0.3661012602241967,0.1972277786154694,0.0251409763011216,0.0049584989080943
S19S_0089-M,-80.44529,37.21012,20.8,7.0,9.95,118.6,-1138.3,-80.44529,37.21012,-534.6345517729882,114.25142084632276,1144.9860954165838,0.3661012602241967,0.1972277786154694,0.0251409763011216,0.0049584989080943
S19S_0089-U,-80.44513,37.21014,20.8,7.0,9.95,118.6,-47.16,-80.44513,37.21014,-534.6366434657436,114.25136941644534,1144.9860904252623,0.3661012602241967,0.1972276654813599,0.0251409763011216,0.0049584960637923
