Sample_Name,Date,StartMeasureTime,StopMeasureTime,M1_DO_mg_per_L,M2_DO_mg_per_L,M3_DO_mg_per_L,AVG_DO_mg_per_L,Temperature_degreesC,Notes
STD 0% DO, 2022-04-21,10:40,10:41,0,0,0,0,21.6,
STD 100% DO, 2022-04-21,10:40,10:41,8.61,8.65,8.65,8.64,21.5,
CM_001_OCN-1, 2022-04-21,11:03,11:04,8.13,8.13,8.09,8.12,21.4,
CM_001_OCN-2, 2022-04-21,11:01,11:01,8.07,8.04,8.03,8.05,21.6,
CM_001_OCN-3, 2022-04-21,11:02,11:02,6.92,6.9,6.87,6.9,21.6,
CM_001_OCN-2, 2022-04-21,11:16,11:16,4.58,4.74,4.8,4.71,21.5,
CM_001_OCN-3, 2022-04-21,11:17,11:17,3.75,3.78,3.83,3.79,21.4,
CM_001_OCN-1, 2022-04-21,11:18,11:19,4.91,4.92,4.94,4.92,21.3,
STD 0% DO, 2022-05-05,10:54,10:54,0.03,0.03,0.02,0.03,21.5,
STD 100% DO, 2022-05-05,11:01,11:01,6.09,6.08,6.06,6.08,21.7,
CM_003_OCN-1, 2022-05-05,11:17,11:17,9.51,9.47,9.46,9.48,21.4,
CM_003_OCN-3, 2022-05-05,11:15,11:16,9.69,9.64,9.63,9.65,21.6,
CM_003_OCN-3, 2022-05-05,11:20,11:20,9.45,9.35,9.31,9.37,21.4,
CM_003_OCN-1, 2022-05-05,11:22,11:22,9.12,9.07,9.08,9.09,21.4,
CM_003_OCN-2, 2022-05-05,11:22,11:23,8.84,8.86,8.82,8.84,21.6,
CM_003_OCN-3, 2022-05-05,11:26,11:26,8.75,8.74,8.74,8.74,21.4,
CM_003_OCN-1, 2022-05-05,11:27,11:27,9.15,9.06,9.07,9.09,21.4,
CM_003_OCN-2, 2022-05-05,11:28,11:28,8.64,8.62,8.62,8.63,21.6,
CM_003_OCN-3, 2022-05-05,11:30,11:30,8.8,8.86,8.89,8.85,21.4,
CM_003_OCN-1, 2022-05-05,11:32,11:32,9.12,9.09,9.1,9.1,21.6,
CM_003_OCN-2, 2022-05-05,11:32,11:33,8.38,8.36,8.39,8.38,21.4,
CM_003_OCN-3, 2022-05-05,11:44,11:44,7.63,7.67,7.66,7.65,21.2,
CM_003_OCN-1, 2022-05-05,11:47,11:47,8.15,8.19,8.19,8.18,21.4,
CM_003_OCN-2, 2022-05-05,11:47,11:48,7.84,7.81,7.79,7.81,21.3,
CM_003_OCN-3, 2022-05-05,12:15,12:16,6.65,6.57,6.53,6.58,21.3,
CM_003_OCN-1, 2022-05-05,12:17,12:17,7.54,7.49,7.47,7.5,21.2,
CM_003_OCN-2, 2022-05-05,12:17,12:18,6.75,6.74,6.72,6.74,21.5,
CM_003_OCN-3, 2022-05-05,12:45,12:46,5.4,5.37,5.36,5.38,21.3,
CM_003_OCN-1, 2022-05-05,12:47,12:47,6.46,6.45,6.46,6.46,21.2,
CM_003_OCN-2, 2022-05-05,12:47,12:47,6.07,6.01,5.94,6.01,21.5,
CM_003_OCN-1, 2022-05-05,13:17,13:17,5.79,5.79,5.77,5.78,21.3,
STD 0% DO, 2022-05-18,10:21,10:21,0,0,0,0,22.6,
STD 100% DO, 2022-05-18,9:55,10:17,8.48,8.43,8.39,8.43,27.4,
CM_007_OCN-1, 2022-05-18,10:18,10:18,8.9,8.89,8.88,8.89,22.5,
CM_006_OCN-2, 2022-05-18,10:17,10:10,3.67,3.63,3.57,3.62,22.6,
CM_006_OCN-2, 2022-05-18,10:20,10:20,3.09,3.04,3.02,3.05,22.5,
CM_007_OCN-1, 2022-05-18,10:23,10:23,8.95,8.9,8.88,8.91,22.3,
CM_006_OCN-3, 2022-05-18,10:24,10:24,3.74,3.6,3.44,3.59,22.6,
CM_007_OCN-3, 2022-05-18,10:24,10:25,8.91,8.98,8.86,8.92,22.6,
CM_006_OCN-3, 2022-05-18,10:25,10:25,1.43,1.35,1.27,1.35,23,
CM_007_OCN-1, 2022-05-18,10:27,10:27,8.78,8.79,8.81,8.79,22.6,
CM_007_OCN-3, 2022-05-18,10:29,10:29,8.88,8.84,8.8,8.84,22.5,
CM_007_OCN-1, 2022-05-18,10:32,10:32,8.71,8.7,8.68,8.7,22.6,
CM_007_OCN-3, 2022-05-18,10:34,10:34,8.64,8.63,8.57,8.61,22.7,
CM_007_OCN-1, 2022-05-18,10:40,10:40,8.64,8.61,8.66,8.64,22.8,
CM_007_OCN-3, 2022-05-18,10:40,10:41,8.42,8.44,8.46,8.44,22.7,
CM_006_OCN-1, 2022-05-18,10:38,10:38,0.58,0.55,0.51,0.55,22.5,
CM_007_OCN-2, 2022-05-18,10:36,10:36,8.36,8.41,8.44,8.4,22.6,
CM_006_OCN-1, 2022-05-18,10:39,10:39,0.02,0.02,0.02,0.02,22.5,
CM_007_OCN-2, 2022-05-18,10:41,10:42,8.3,8.31,8.34,8.32,22.8,
CM_007_OCN-2, 2022-05-18,10:46,10:46,8.26,8.28,8.3,8.28,22.7,
CM_007_OCN-1, 2022-05-18,11:11,11:11,8.36,8.33,8.34,8.34,22.6,
CM_007_OCN-3, 2022-05-18,11:12,11:12,8.01,7.99,8.05,8.02,22.4,
CM_007_OCN-2, 2022-05-18,10:51,10:51,8.18,8.2,8.17,8.18,22.8,
CM_007_OCN-2, 2022-05-18,11:21,11:21,7.96,7.97,7.99,7.97,22.5,
CM_007_OCN-1, 2022-05-18,11:43,11:43,8.11,8.07,8.08,8.09,22.6,
CM_007_OCN-3, 2022-05-18,11:44,11:44,7.79,7.78,7.73,7.77,22.5,
CM_007_OCN-2, 2022-05-18,11:51,11:51,7.76,7.77,7.79,7.77,22.6,
CM_007_OCN-1, 2022-05-18,12:18,12:18,8.01,7.99,7.96,7.99,22.6,
CM_007_OCN-3, 2022-05-18,12:24,12:24,7.73,7.68,7.67,7.69,22.4,
CM_007_OCN-2, 2022-05-18,12:36,12:36,7.69,7.78,7.76,7.74,22.4,
STD 0% DO, 2022-05-26,9:24,9:24,0,0,0,0,22.5,
STD 100% DO, 2022-05-26,9:24,9:24,8.25,8.28,8.27,8.27,22.5,
CM_004_OCN-3, 2022-05-26,9:38,9:39,8.08,8.09,8.09,8.09,22.6,
CM_008_OCN-3, 2022-05-26,9:39,9:39,2.66,2.57,2.48,2.57,22.7,
CM_004_OCN-1, 2022-05-26,9:40,9:41,8.47,8.49,8.49,8.48,22.6,
CM_008_OCN-1, 2022-05-26,9:42,9:42,2.54,2.54,2.47,2.52,22.6,
CM_004_OCN-2, 2022-05-26,9:43,9:43,7.95,7.97,7.97,7.96,22.5,
CM_004_OCN-3, 2022-05-26,9:44,9:44,7.67,7.63,7.66,7.65,22.6,
CM_008_OCN-3, 2022-05-26,9:44,9:45,0,0,0,0,22.7,
CM_004_OCN-1, 2022-05-26,9:46,9:46,7.98,7.98,7.98,7.98,22.5,
CM_008_OCN-1, 2022-05-26,9:47,9:47,0.18,0.14,0.14,0.15,22.6,
CM_004_OCN-2, 2022-05-26,9:48,9:49,7.12,7.18,7.18,7.16,22.6,
CM_008_OCN-2, 2022-05-26,9:49,9:49,0.49,0.49,0.44,0.47,22.8,
CM_004_OCN-3, 2022-05-26,9:50,9:50,6.87,6.93,6.93,6.91,22.6,
CM_004_OCN-1, 2022-05-26,9:51,9:51,7.54,7.52,7.52,7.53,22.6,
CM_004_OCN-2, 2022-05-26,9:53,9:53,7.24,7.23,7.18,7.22,22.4,
CM_008_OCN-2, 2022-05-26,9:54,9:54,0.18,0.18,0.15,0.17,22.7,
CM_004_OCN-3, 2022-05-26,9:55,9:55,6.77,6.75,6.74,6.75,22.7,
CM_004_OCN-1, 2022-05-26,9:56,9:56,7.35,7.29,7.29,7.31,22.6,
CM_004_OCN-2, 2022-05-26,9:58,9:58,6.53,6.57,6.57,6.56,22.5,
CM_004_OCN-3, 2022-05-26,10:09,10:09,6.27,6.23,6.23,6.24,22.5,
CM_004_OCN-1, 2022-05-26,10:09,10:10,6.82,6.77,6.77,6.79,22.5,
CM_004_OCN-2, 2022-05-26,10:13,10:13,5.37,5.32,5.42,5.37,22.4,
CM_004_OCN-3, 2022-05-26,10:39,10:39,5.14,5.16,5.16,5.15,22.3,
CM_004_OCN-1, 2022-05-26,10:40,10:40,6.09,6.07,6.04,6.07,22.5,
CM_004_OCN-1, 2022-05-26,11:09,11:10,5.27,5.24,5.23,5.25,22.3,
STD 0% DO, 2022-06-02,9:36,9:37,0,0,0,0,22.6,
STD 100% DO, 2022-06-02,9:37,9:38,8.08,8.09,8.05,8.07,22.6,
CM_002_OCN-3, 2022-06-02,9:48,9:48,4.12,4.26,4.18,4.19,22.3,
CM_002_OCN-1, 2022-06-02,9:49,9:49,5.78,5.75,5.7,5.74,22.5,
CM_002_OCN-2, 2022-06-02,9:51,9:52,6.36,6.27,6.19,6.27,22.3,
CM_002_OCN-3, 2022-06-02,9:53,9:53,1.81,1.76,1.64,1.74,22.5,
CM_002_OCN-1, 2022-06-02,9:54,9:54,4.1,3.83,3.67,3.87,22.7,
CM_002_OCN-2, 2022-06-02,9:58,9:58,1.03,1.06,1.04,1.04,22.6,
STD 0% DO, 2022-06-14,9:50,9:50,0,0,0,0,22.6,
STD 100% DO, 2022-06-14,10:19,10:19,8.55,8.56,8.58,8.56,22.3,
CM_010_OCN-3, 2022-06-14,10:32,10:33,8.82,8.82,8.8,8.81,22.1,
CM_010_OCN-1, 2022-06-14,10:33,10:34,9.01,9.03,9,9.01,22.2,
CM_015_OCN-1, 2022-06-14,10:37,10:37,7.91,7.92,7.92,7.92,22,
CM_010_OCN-3, 2022-06-14,10:38,10:38,8.55,8.57,8.57,8.56,22.3,
CM_010_OCN-2, 2022-06-14,10:38,10:38,8.77,8.78,8.77,8.77,22.1,
CM_010_OCN-1, 2022-06-14,10:39,10:40,8.9,8.91,8.95,8.92,22.2,
CM_015_OCN-1, 2022-06-14,10:42,10:42,7.21,7.11,7.09,7.14,22.3,
CM_015_OCN-2, 2022-06-14,10:43,10:43,7.27,7.25,7.25,7.26,22.3,
CM_010_OCN-3, 2022-06-14,10:44,10:44,8.29,8.26,8.28,8.28,22.2,
CM_015_OCN-3, 2022-06-14,10:44,10:45,7.35,7.36,7.36,7.36,22.1,
CM_010_OCN-1, 2022-06-14,10:45,10:46,8.57,8.57,8.59,8.58,22.1,
CM_010_OCN-2, 2022-06-14,10:47,10:47,8.64,8.65,8.69,8.66,22,
CM_015_OCN-1, 2022-06-14,10:48,10:48,5.81,5.81,5.8,5.81,22.1,
CM_015_OCN-2, 2022-06-14,10:49,10:49,6.35,6.31,6.31,6.32,22.1,
CM_015_OCN-3, 2022-06-14,10:50,10:50,6.67,6.67,6.67,6.67,21.9,
CM_010_OCN-2, 2022-06-14,10:51,10:52,8.65,8.61,8.6,8.62,22,
CM_010_OCN-1, 2022-06-14,10:53,10:53,8.33,8.3,8.3,8.31,22.1,
CM_015_OCN-2, 2022-06-14,10:54,10:54,5.61,5.59,5.55,5.58,22,
CM_015_OCN-3, 2022-06-14,10:57,10:57,6.08,6.05,6.07,6.07,21.8,
CM_010_OCN-3, 2022-06-14,10:58,10:59,8.07,8.02,8.02,8.04,21.8,
CM_010_OCN-2, 2022-06-14,11:01,11:01,8.42,8.42,8.43,8.42,21.9,
CM_010_OCN-1, 2022-06-14,11:03,11:03,8.08,8.05,8.05,8.06,21.9,
CM_015_OCN-3, 2022-06-14,11:05,11:05,5.12,5.17,5.17,5.15,22,
CM_010_OCN-2, 2022-06-14,11:08,11:09,8.33,8.33,8.29,8.32,22.1,
CM_010_OCN-3, 2022-06-14,11:29,11:30,7.18,7.14,7.12,7.15,22,
CM_010_OCN-1, 2022-06-14,11:33,11:33,7.07,7.1,7.08,7.08,22,
CM_010_OCN-2, 2022-06-14,11:38,11:38,7.73,7.71,7.71,7.72,22.1,
CM_010_OCN-3, 2022-06-14,11:59,11:59,6.37,6.38,6.36,6.37,22,
CM_010_OCN-1, 2022-06-14,12:03,12:04,6.38,6.38,6.4,6.39,22,
CM_010_OCN-2, 2022-06-14,12:08,12:08,7.15,7.17,7.17,7.16,22,
CM_010_OCN-3, 2022-06-14,12:32,12:32,5.73,5.72,5.74,5.73,21.8,
CM_010_OCN-1, 2022-06-14,12:33,12:33,5.79,5.78,5.78,5.78,22.1,
CM_010_OCN-2, 2022-06-14,12:38,12:38,6.61,6.6,6.61,6.61,22.2,
STD 0% DO, 2022-06-16,8:39,8:39,0,0,0,0,22.2,
STD 100% DO, 2022-06-16,8:40,8:40,8.74,8.73,8.7,8.72,22.3,
CM_018_OCN-3, 2022-06-16,8:55,8:55,7.78,7.75,7.75,7.76,22.2,
CM_014_OCN-2, 2022-06-16,8:56,8:56,7.32,7.3,7.3,7.31,22,
CM_018_OCN-2, 2022-06-16,9:02,9:02,8.17,8.16,8.15,8.16,22.2,
CM_018_OCN-1, 2022-06-16,9:03,9:03,7.83,7.83,7.86,7.84,22.2,
CM_014_OCN-3, 2022-06-16,9:07,9:07,7.29,7.28,7.28,7.28,22.3,
CM_014_OCN-1, 2022-06-16,9:08,9:08,7.07,7.07,7.05,7.06,21.9,
CM_018_OCN-3, 2022-06-16,9:00,9:00,7.64,7.66,7.65,7.65,22.1,
CM_014_OCN-2, 2022-06-16,9:01,9:01,6.37,6.32,6.32,6.34,22.1,
CM_018_OCN-2, 2022-06-16,9:09,9:09,7.92,7.91,7.91,7.91,22.1,
CM_018_OCN-1, 2022-06-16,9:09,9:10,7.81,7.78,7.76,7.78,22.2,
CM_014_OCN-3, 2022-06-16,9:13,9:13,6.37,6.37,6.35,6.36,22.1,
CM_014_OCN-1, 2022-06-16,9:14,9:15,5.8,5.79,5.76,5.78,22.3,
CM_018_OCN-3, 2022-06-16,9:05,9:06,7.59,7.62,7.62,7.61,22.3,
CM_014_OCN-2, 2022-06-16,9:06,9:07,4.75,4.75,4.81,4.77,22.2,
CM_018_OCN-2, 2022-06-16,9:16,9:17,7.83,7.84,7.83,7.83,22.2,
CM_018_OCN-1, 2022-06-16,9:17,9:18,7.58,7.6,7.62,7.6,22,
CM_014_OCN-3, 2022-06-16,9:18,9:18,5.69,5.66,5.66,5.67,22.3,
CM_018_OCN-3, 2022-06-16,9:11,9:12,7.63,7.66,7.64,7.64,22.1,
CM_018_OCN-2, 2022-06-16,9:20,9:20,7.69,7.71,7.74,7.71,22.3,
CM_018_OCN-1, 2022-06-16,9:21,9:21,7.62,7.62,7.62,7.62,22.3,
CM_018_OCN-3, 2022-06-16,9:25,9:25,7.53,7.51,7.53,7.52,22.4,
CM_018_OCN-2, 2022-06-16,9:32,9:32,7.66,7.62,7.62,7.63,22.2,
CM_018_OCN-1, 2022-06-16,9:33,9:33,7.48,7.48,7.48,7.48,21.7,
CM_018_OCN-3, 2022-06-16,9:55,9:56,7.49,7.49,7.46,7.48,22,
CM_018_OCN-2, 2022-06-16,10:02,10:02,7.34,7.35,7.34,7.34,22.1,
CM_018_OCN-1, 2022-06-16,10:03,10:03,7.14,7.14,7.12,7.13,22.1,
CM_018_OCN-3, 2022-06-16,10:25,10:25,7.31,7.3,7.31,7.31,22.1,
CM_018_OCN-2, 2022-06-16,10:32,10:32,7.23,7.22,7.22,7.22,22.2,
CM_018_OCN-1, 2022-06-16,10:33,10:33,7,7.02,7.02,7.01,21.8,
CM_018_OCN-3, 2022-06-16,10:55,10:56,7.2,7.19,7.23,7.21,21.9,
CM_018_OCN-2, 2022-06-16,11:02,11:03,7.11,7.09,7.09,7.1,22,
CM_018_OCN-1, 2022-06-16,11:03,11:04,6.79,6.81,6.81,6.8,22.1,
STD 0% DO, 2022-07-14,8:50,8:50,0,0,0,0,22.3,
STD 100% DO, 2022-07-14,8:50,8:50,8.3,8.29,8.29,8.29,22.3,
CM_013_OCN-1, 2022-07-14,8:54,8:54,7.88,7.9,7.91,7.9,22.4,
CM_027_OCN-1, 2022-07-14,8:55,8:55,1.11,1.11,0.97,1.06,22.1,
CM_027_OCN-3, 2022-07-14,8:58,8:58,4.17,4.08,3.96,4.07,22.3,
CM_028_OCN-3, 2022-07-14,8:59,8:59,6.87,6.89,6.87,6.88,22.2,
CM_013_OCN-3, 2022-07-14,9:10,9:11,7.61,7.59,7.59,7.6,22.4,
CM_028_OCN-1, 2022-07-14,9:12,9:12,6.74,6.74,6.75,6.74,22.2,
CM_013_OCN-2, 2022-07-14,9:14,9:14,7.84,7.8,7.76,7.8,22.4,
CM_027_OCN-2, 2022-07-14,9:23,9:23,2.39,2.3,2.25,2.31,22.4,
CM_028_OCN-2, 2022-07-14,9:26,9:27,6.65,6.63,6.63,6.64,22.2,
CM_013_OCN-1, 2022-07-14,9:00,8:59,6.85,6.84,6.84,6.84,22.3,
CM_027_OCN-1, 2022-07-14,9:00,9:01,0,0,0,0,22.3,
CM_027_OCN-3, 2022-07-14,9:03,9:03,0.08,0.08,0.07,0.08,22.3,
CM_028_OCN-3, 2022-07-14,9:06,9:06,5.7,5.66,5.62,5.66,22.4,
CM_013_OCN-3, 2022-07-14,9:15,9:16,6.48,6.49,6.5,6.49,22.4,
CM_028_OCN-1, 2022-07-14,9:17,9:17,5.69,5.67,5.67,5.68,22.3,
CM_013_OCN-2, 2022-07-14,9:19,9:19,6.61,6.57,6.58,6.59,22.4,
CM_027_OCN-2, 2022-07-14,9:28,9:29,0.01,0.01,0.01,0.01,22.4,
CM_028_OCN-2, 2022-07-14,9:31,9:32,5.83,5.84,5.8,5.82,22.2,
CM_013_OCN-1, 2022-07-14,9:04,9:05,6.18,6.12,6.11,6.14,22.4,
CM_028_OCN-3, 2022-07-14,9:09,9:10,4.99,4.93,4.92,4.95,22.4,
CM_013_OCN-3, 2022-07-14,9:20,9:20,5.76,5.7,5.7,5.72,22.4,
CM_028_OCN-1, 2022-07-14,9:22,9:22,4.8,4.78,4.78,4.79,22.4,
CM_013_OCN-2, 2022-07-14,9:24,9:25,5.77,5.75,5.74,5.75,22.3,
CM_028_OCN-2, 2022-07-14,9:36,9:36,5.21,5.19,5.19,5.2,22.3,
CM_013_OCN-1, 2022-07-14,9:09,9:09,5.22,5.24,5.23,5.23,22.4,
CM_013_OCN-3, 2022-07-14,9:25,9:26,4.77,4.76,4.76,4.76,22.5,
CM_013_OCN-2, 2022-07-14,9:31,9:31,5.01,4.99,4.96,4.99,22.2,
CM_028_OCN-2, 2022-07-14,9:41,9:41,4.57,4.57,4.56,4.57,22.3,
CM_013_OCN-1, 2022-07-14,9:34,9:34,2.32,2.32,2.32,2.32,22.4,
STD 0% DO, 2022-07-21,7:42,7:42,0,0,0,0,22.2,
STD 100% DO, 2022-07-21,7:43,7:43,8.3,8.31,8.3,8.3,22.1,
CM_016_OCN-2, 2022-07-21,7:55,7:55,1.07,0.91,0.77,0.92,22.2,
CM_020_OCN-3, 2022-07-21,7:56,7:57,7.48,7.49,7.49,7.49,22.2,
CM_020_OCN-1, 2022-07-21,8:00,8:00,7.58,7.55,7.57,7.57,22.1,
CM_016_OCN-3, 2022-07-21,8:02,8:03,0.01,0.01,0.01,0.01,22.2,
CM_020_OCN-2, 2022-07-21,8:12,8:13,7.19,7.21,7.23,7.21,22.3,
CM_016_OCN-1, 2022-07-21,8:16,8:16,0.02,0.02,0.02,0.02,22.2,
CM_016_OCN-2, 2022-07-21,8:00,8:01,0.01,0.01,0.01,0.01,22,
CM_020_OCN-3, 2022-07-21,8:01,8:01,6.79,6.82,6.84,6.82,22.2,
CM_020_OCN-1, 2022-07-21,8:05,8:05,7.06,7.04,7.02,7.04,22.2,
CM_016_OCN-3, 2022-07-21,8:07,8:07,0,0,0,0,22.3,
CM_020_OCN-2, 2022-07-21,8:17,8:17,6.81,6.76,6.78,6.78,22.2,
CM_016_OCN-1, 2022-07-21,8:21,8:22,0.02,0.02,0.01,0.02,22.2,
CM_020_OCN-3, 2022-07-21,8:06,8:06,6.54,6.52,6.51,6.52,22.3,
CM_020_OCN-1, 2022-07-21,8:10,8:10,6.65,6.63,6.59,6.62,22.4,
CM_020_OCN-2, 2022-07-21,8:22,8:22,6.35,6.31,6.31,6.32,22.3,
CM_020_OCN-3, 2022-07-21,8:11,8:11,6.13,6.11,6.13,6.12,22.2,
CM_020_OCN-1, 2022-07-21,8:15,8:15,6.2,6.2,6.19,6.2,22.2,
CM_020_OCN-2, 2022-07-21,8:27,8:28,5.92,5.9,5.9,5.91,22.2,
CM_020_OCN-3, 2022-07-21,8:26,8:26,5.1,5.09,5.1,5.1,22.2,
CM_020_OCN-1, 2022-07-21,8:30,8:30,5.32,5.3,5.29,5.3,22.2,
CM_020_OCN-2, 2022-07-21,8:42,8:43,4.08,4.15,4.15,4.13,22.3,
CM_020_OCN-3, 2022-07-21,8:56,8:56,3.73,3.68,3.65,3.69,22.4,
CM_020_OCN-1, 2022-07-21,9:00,9:00,4.17,4.11,4.1,4.13,22.3,
STD 0% DO, 2022-08-04,7:32,7:33,0,0,0,0,22.2,
STD 100% DO, 2022-08-04,7:33,7:34,8.24,8.22,8.23,8.23,22.5,
CM_024_OCN-2, 2022-08-04,7:45,7:45,8.45,8.46,8.47,8.46,22.1,
CM_024_OCN-1, 2022-08-04,7:48,7:48,9.19,9.22,9.21,9.21,22.1,
CM_024_OCN-3, 2022-08-04,7:48,7:49,8.66,8.64,8.65,8.65,22.2,
CM_024_OCN-2, 2022-08-04,7:50,7:50,8.39,8.37,8.37,8.38,22.2,
CM_024_OCN-1, 2022-08-04,7:53,7:53,8.77,8.7,8.73,8.73,22.2,
CM_024_OCN-3, 2022-08-04,7:54,7:54,8.16,8.21,8.21,8.19,22.3,
CM_024_OCN-2, 2022-08-04,7:55,7:55,8.15,8.15,8.14,8.15,22.2,
CM_024_OCN-1, 2022-08-04,7:58,7:58,8.6,8.58,8.55,8.58,22.2,
CM_024_OCN-3, 2022-08-04,7:58,7:59,8.22,8.23,8.25,8.23,22.1,
CM_024_OCN-2, 2022-08-04,8:00,8:00,7.95,7.93,7.96,7.95,22.3,
CM_024_OCN-1, 2022-08-04,8:03,8:03,8.42,8.45,8.47,8.45,22.2,
CM_024_OCN-3, 2022-08-04,8:03,8:04,8.18,8.18,8.2,8.19,22.3,
CM_024_OCN-2, 2022-08-04,8:15,8:15,7.71,7.69,7.66,7.69,22.2,
CM_024_OCN-1, 2022-08-04,8:18,8:18,7.52,7.59,7.61,7.57,22.3,
CM_024_OCN-3, 2022-08-04,8:18,8:19,7.71,7.71,7.72,7.71,22.1,
CM_024_OCN-2, 2022-08-04,8:45,8:45,6.87,6.89,6.9,6.89,22,
CM_024_OCN-1, 2022-08-04,8:48,8:48,7.21,7.27,7.25,7.24,22.3,
CM_024_OCN-3, 2022-08-04,8:48,8:49,6.92,6.94,6.96,6.94,22,
CM_024_OCN-2, 2022-08-04,9:15,9:15,6.24,6.26,6.3,6.27,22,
CM_024_OCN-1, 2022-08-04,9:18,9:18,6.77,6.79,6.81,6.79,21.9,
CM_024_OCN-3, 2022-08-04,9:18,9:19,6.43,6.41,6.44,6.43,22.2,
CM_024_OCN-2, 2022-08-04,9:45,9:45,5.7,5.73,5.72,5.72,22.2,
CM_024_OCN-1, 2022-08-04,9:48,9:48,6.33,6.33,6.35,6.34,22.2,
CM_024_OCN-3, 2022-08-04,9:48,9:49,6.03,6.01,6.01,6.02,22.1,
STD 0% DO, 2022-08-25,7:23,7:23,8.2,8.17,8.18,8.18,22.5,
STD 100% DO, 2022-08-25,7:22,7:22,0,0,0,0,22.6,
CM_011_OCN-1, 2022-08-25,7:22,7:23,5.27,5.23,5.19,5.23,22.6,
CM_012_OCN-2, 2022-08-25,7:25,7:25,7.72,7.67,7.71,7.7,22.7,
CM_011_OCN-2, 2022-08-25,7:34,7:34,5.17,5.15,5.13,5.15,22.7,
CM_012_OCN-3, 2022-08-25,7:35,7:35,7.89,7.9,7.87,7.89,22.6,
CM_011_OCN-3, 2022-08-25,7:43,7:44,5.51,5.48,5.45,5.48,22.7,
CM_012_OCN-1, 2022-08-25,7:45,7:45,7.65,7.63,7.62,7.63,22.8,
CM_011_OCN-1, 2022-08-25,7:27,7:27,3.04,3.09,3.13,3.09,22.7,
CM_012_OCN-2, 2022-08-25,7:30,7:30,7.02,6.95,6.9,6.96,22.7,
CM_011_OCN-2, 2022-08-25,7:39,7:40,3.54,3.15,3.24,3.31,22.6,
CM_012_OCN-3, 2022-08-25,7:40,7:40,7.56,7.46,7.39,7.47,22.8,
CM_011_OCN-3, 2022-08-25,7:47,7:47,3.54,3.61,3.66,3.6,22.4,
CM_012_OCN-1, 2022-08-25,7:50,7:50,7.04,7.02,7.02,7.03,22.8,
CM_012_OCN-2, 2022-08-25,7:36,7:36,6.3,6.26,6.14,6.23,22.6,
CM_012_OCN-3, 2022-08-25,7:45,7:45,6.79,6.76,6.69,6.75,22.7,
CM_012_OCN-1, 2022-08-25,7:55,7:55,6.22,6.16,6.14,6.17,22.9,
CM_012_OCN-2, 2022-08-25,7:41,7:41,5.16,5.14,5.1,5.13,22.7,
CM_012_OCN-3, 2022-08-25,7:50,7:51,6.28,6.18,6.1,6.19,22.9,
CM_012_OCN-1, 2022-08-25,8:00,8:00,5.03,4.96,4.89,4.96,22.7,
CM_012_OCN-2, 2022-08-25,7:52,7:52,2,1.84,1.36,1.73,22.7,
CM_012_OCN-3, 2022-08-25,8:00,8:01,4.45,4.43,4.43,4.44,22.8,
STD 0% DO, 2022-09-01,6:46,6:46,0,0,0,0,22.1,
STD 100% DO, 2022-09-01,6:44,6:44,8.1,8.14,8.13,8.12,22.2,
CM_034_OCN-3, 2022-09-01,6:55,6:55,4.34,4.27,4.06,4.22,22.4,
CM_034_OCN-1, 2022-09-01,6:59,6:59,5.09,5.04,4.97,5.03,22.2,
CM_034_OCN-2, 2022-09-01,7:07,7:07,4.44,4.42,4.35,4.4,22.5,
CM_034_OCN-3, 2022-09-01,7:00,7:00,1.4,1.48,1.53,1.47,22.5,
CM_034_OCN-1, 2022-09-01,7:04,7:04,2.99,2.96,2.92,2.96,22.5,
CM_034_OCN-2, 2022-09-01,7:12,7:12,1.7,1.64,1.59,1.64,22.6,
STD 0% DO, 2022-09-08,7:36,7:36,0,0,0,0,22.4,
STD 100% DO, 2022-09-08,7:36,7:37,8.04,8.03,8.03,8.03,22.5,
CM_021_OCN-1, 2022-09-08,7:48,7:49,8.42,8.44,8.42,8.43,22.6,
CM_033_OCN-3, 2022-09-08,7:52,7:53,8.39,8.39,8.39,8.39,22.6,
CM_021_OCN-3, 2022-09-08,7:54,7:54,8.65,8.65,8.62,8.64,22.6,
CM_033_OCN-1, 2022-09-08,7:56,7:56,8.63,8.62,8.59,8.61,22.6,
CM_021_OCN-2, 2022-09-08,8:03,8:04,11.72,12.71,12.4,12.28,22.8,
CM_033_OCN-2, 2022-09-08,8:05,8:05,8.57,8.57,8.58,8.57,22.8,
CM_021_OCN-1, 2022-09-08,7:53,7:53,8.19,8.18,8.16,8.18,22.5,
CM_033_OCN-3, 2022-09-08,7:57,7:57,8.22,8.28,8.29,8.26,22.6,
CM_021_OCN-3, 2022-09-08,7:59,7:59,8.21,8.2,8.21,8.21,22.7,
CM_033_OCN-1, 2022-09-08,8:01,8:01,8.53,8.5,8.48,8.5,22.7,
CM_021_OCN-2, 2022-09-08,8:08,8:08,8.06,8.05,8.08,8.06,22.5,
CM_033_OCN-2, 2022-09-08,8:10,8:10,9.08,9.02,9.1,9.07,22.6,
CM_021_OCN-1, 2022-09-08,7:58,7:59,7.95,7.96,7.93,7.95,22.6,
CM_033_OCN-3, 2022-09-08,8:02,8:02,8.21,8.2,8.19,8.2,22.7,
CM_021_OCN-3, 2022-09-08,8:04,8:04,8.04,8.08,8.04,8.05,22.5,
CM_033_OCN-1, 2022-09-08,8:06,8:06,8.4,8.4,8.4,8.4,22.7,
CM_021_OCN-2, 2022-09-08,8:13,8:13,7.95,7.94,7.94,7.94,22.5,
CM_033_OCN-2, 2022-09-08,8:15,8:15,8.28,8.28,8.29,8.28,22.6,
CM_021_OCN-1, 2022-09-08,8:03,8:03,7.81,7.83,7.8,7.81,22.6,
CM_033_OCN-3, 2022-09-08,8:07,8:07,8.22,8.17,8.17,8.19,22.6,
CM_021_OCN-3, 2022-09-08,8:09,8:09,7.76,7.73,7.74,7.74,22.8,
CM_033_OCN-1, 2022-09-08,8:11,8:11,8.36,8.41,8.44,8.4,22.3,
CM_021_OCN-2, 2022-09-08,8:18,8:19,7.44,7.44,7.45,7.44,22.9,
CM_033_OCN-2, 2022-09-08,8:20,8:20,8.22,8.22,8.2,8.21,22.8,
CM_021_OCN-1, 2022-09-08,8:18,8:18,7.37,7.38,7.38,7.38,22.7,
CM_033_OCN-3, 2022-09-08,8:22,8:22,7.95,7.99,7.98,7.97,22.6,
CM_021_OCN-3, 2022-09-08,8:24,8:25,7.32,7.31,7.31,7.31,22.9,
CM_033_OCN-1, 2022-09-08,8:26,8:26,8.1,8.12,8.13,8.12,22.5,
CM_021_OCN-2, 2022-09-08,8:33,8:34,7.47,7.44,7.43,7.45,22.8,
CM_033_OCN-2, 2022-09-08,8:35,8:35,8.08,8.09,8.07,8.08,22.5,
CM_021_OCN-1, 2022-09-08,8:48,8:48,6.66,6.67,6.67,6.67,22.5,
CM_033_OCN-3, 2022-09-08,8:52,8:52,7.63,7.62,7.63,7.63,22.6,
CM_021_OCN-3, 2022-09-08,8:54,8:54,5.88,5.97,6.03,5.96,22.7,
CM_033_OCN-1, 2022-09-08,8:56,8:56,7.4,7.42,7.46,7.43,22.6,
CM_021_OCN-2, 2022-09-08,9:03,9:03,7.07,7.01,7,7.03,22.5,
CM_033_OCN-2, 2022-09-08,9:05,9:06,7.58,7.55,7.57,7.57,22.5,
CM_021_OCN-1, 2022-09-08,9:18,9:18,6.02,6.03,6.04,6.03,22.7,
CM_033_OCN-3, 2022-09-08,9:22,9:22,7.49,7.44,7.42,7.45,22.5,
CM_021_OCN-3, 2022-09-08,9:24,9:25,6,6.12,6.14,6.09,22.8,
CM_033_OCN-1, 2022-09-08,9:26,9:26,7.49,7.48,7.46,7.48,22.9,
CM_021_OCN-2, 2022-09-08,9:33,9:33,6.2,6.21,6.22,6.21,22.6,
CM_033_OCN-2, 2022-09-08,9:35,9:35,7.49,7.47,7.43,7.46,22.7,
CM_021_OCN-1, 2022-09-08,9:48,9:49,5.62,5.61,5.61,5.61,22.5,
CM_033_OCN-3, 2022-09-08,9:52,9:52,7.23,7.21,7.2,7.21,22.6,
CM_021_OCN-3, 2022-09-08,9:54,9:55,5.45,5.43,5.43,5.44,22.6,
CM_033_OCN-1, 2022-09-08,9:56,9:56,7.44,7.43,7.4,7.42,22.5,
CM_021_OCN-2, 2022-09-08,10:03,10:04,5.85,5.86,5.85,5.85,22.6,
CM_033_OCN-2, 2022-09-08,10:05,10:05,7.14,7.14,7.13,7.14,22.7,
STD 0% DO, 2022-09-15,7:32,7:33,0,0,0,0,22.4,
STD 100% DO, 2022-09-15,7:33,7:33,8.05,8.06,8.03,8.05,22.5,
CM_023_OCN-3, 2022-09-15,7:49,7:49,3.56,3.5,3.45,3.5,22.5,
CM_023_OCN-2, 2022-09-15,7:51,7:51,2.68,2.59,2.51,2.59,22.4,
CM_023_OCN-1, 2022-09-15,7:51,7:51,3.68,3.57,3.49,3.58,22.4,
CM_023_OCN-3, 2022-09-15,7:54,7:54,0.4,0.46,0.49,0.45,22.4,
CM_023_OCN-2, 2022-09-15,7:56,7:56,0.38,0.4,0.4,0.39,22.5,
CM_023_OCN-1, 2022-09-15,7:56,7:57,0.49,0.5,0.5,0.5,22.5,
STD 0% DO, 2022-09-16,7:22,7:22,0,0,0,0,22.3,
STD 100% DO, 2022-09-16,7:22,7:22,8.13,8.14,8.17,8.15,22.3,
CM_022_OCN-1, 2022-09-16,7:33,7:33,8.47,8.5,8.53,8.5,22.5,
CM_022_OCN-3, 2022-09-16,7:34,7:34,8.74,8.74,8.7,8.73,22.6,
CM_022_OCN-2, 2022-09-16,7:35,7:35,8.78,8.79,8.77,8.78,22.6,
CM_022_OCN-1, 2022-09-16,7:38,7:38,8.11,8.12,8.14,8.12,22.4,
CM_022_OCN-3, 2022-09-16,7:39,7:39,8.62,8.62,8.61,8.62,22.3,
CM_022_OCN-2, 2022-09-16,7:40,7:40,8.68,8.66,8.6,8.65,22.6,
CM_022_OCN-1, 2022-09-16,7:43,7:43,7.88,7.9,7.94,7.91,22.7,
CM_022_OCN-3, 2022-09-16,7:44,7:44,8.1,8.07,8.1,8.09,22.6,
CM_022_OCN-2, 2022-09-16,7:45,7:45,8.4,8.42,8.42,8.41,22.4,
CM_022_OCN-1, 2022-09-16,7:48,7:48,7.9,7.9,7.88,7.89,22.7,
CM_022_OCN-3, 2022-09-16,7:49,7:49,7.94,7.91,7.87,7.91,22.7,
CM_022_OCN-2, 2022-09-16,7:50,7:50,8.27,8.26,8.25,8.26,22.7,
CM_022_OCN-1, 2022-09-16,8:03,8:03,7.49,7.48,7.51,7.49,22.5,
CM_022_OCN-3, 2022-09-16,8:04,8:04,7.32,7.28,7.24,7.28,22.7,
CM_022_OCN-2, 2022-09-16,8:05,8:05,8.02,8,8.01,8.01,22.4,
CM_022_OCN-1, 2022-09-16,8:33,8:33,6.83,6.79,6.73,6.78,22.6,
CM_022_OCN-3, 2022-09-16,8:34,8:34,6.36,6.36,6.35,6.36,22.4,
CM_022_OCN-2, 2022-09-16,8:35,8:35,7.38,7.36,7.33,7.36,22.4,
CM_022_OCN-1, 2022-09-16,9:03,9:03,5.7,5.73,5.77,5.73,22.6,
CM_022_OCN-3, 2022-09-16,9:04,9:04,4.79,4.83,4.89,4.84,22.5,
CM_022_OCN-2, 2022-09-16,9:05,9:05,6.87,6.85,6.8,6.84,22.5,
CM_022_OCN-1, 2022-09-16,9:33,9:33,5.47,5.46,5.46,5.46,22.4,
CM_022_OCN-2, 2022-09-16,9:35,9:35,4.86,5,5.1,4.99,22.6,
STD 0% DO, 2022-10-06,7:29,7:29,0,0,0,0,22.2,
STD 100% DO, 2022-10-06,7:29,7:30,8.1,8.11,8.16,8.12,22.1,
CM_032_OCN-1, 2022-10-06,7:40,7:40,0.06,0.05,0.03,0.05,22.4,
CM_032_OCN-2, 2022-10-06,7:43,7:43,0.21,0.18,0.18,0.19,22.3,
CM_032_OCN-3, 2022-10-06,7:50,7:50,0.02,0.02,0.01,0.02,22.6,
CM_032_OCN-1, 2022-10-06,7:45,7:45,0,0,0,0,22.3,
CM_032_OCN-2, 2022-10-06,7:48,7:48,0.01,0.01,0.01,0.01,22.5,
CM_032_OCN-3, 2022-10-06,7:55,7:55,0,0,0,0,22.4,
STD 0% DO, 2022-10-13,7:42,7:42,0,0,0,0,22.7,
STD 100% DO, 2022-10-13,7:42,7:43,7.94,7.9,7.94,7.93,23,
CM_042_OCN-3, 2022-10-13,7:55,7:55,8.67,8.68,8.67,8.67,22.7,
CM_041_OCN-2, 2022-10-13,7:55,7:56,6.7,6.68,6.68,6.69,23,
CM_042_OCN-1, 2022-10-13,7:58,7:58,8,8,7.99,8,23,
CM_041_OCN-1, 2022-10-13,7:59,7:59,6.85,6.86,6.86,6.86,22.8,
CM_041_OCN-3, 2022-10-13,8:07,8:07,7.28,7.28,7.3,7.29,23.4,
CM_042_OCN-2, 2022-10-13,8:08,8:08,8.21,8.17,8.17,8.18,22.9,
CM_042_OCN-3, 2022-10-13,8:00,8:00,8.39,8.36,8.32,8.36,23,
CM_041_OCN-2, 2022-10-13,8:01,8:01,5.89,5.8,5.71,5.8,22.9,
CM_042_OCN-1, 2022-10-13,8:03,8:03,7.51,7.54,7.57,7.54,23,
CM_041_OCN-1, 2022-10-13,8:04,8:04,5.8,5.67,5.63,5.7,23.1,
CM_041_OCN-3, 2022-10-13,8:12,8:12,6.53,6.46,6.46,6.48,23,
CM_042_OCN-2, 2022-10-13,8:13,8:13,8,8,7.96,7.99,22.9,
CM_042_OCN-3, 2022-10-13,8:05,8:05,8.14,8.06,8.04,8.08,23,
CM_041_OCN-2, 2022-10-13,8:06,8:06,3.67,3.75,3.79,3.74,23,
CM_042_OCN-1, 2022-10-13,8:08,8:09,7.27,7.29,7.29,7.28,23.1,
CM_041_OCN-1, 2022-10-13,8:09,8:09,3.33,3.5,3.59,3.47,22.9,
CM_041_OCN-3, 2022-10-13,8:17,8:17,5.41,5.26,5.19,5.29,22.9,
CM_042_OCN-2, 2022-10-13,8:18,8:18,7.44,7.46,7.46,7.45,23.1,
CM_042_OCN-3, 2022-10-13,8:10,8:11,7.85,7.81,7.78,7.81,22.9,
CM_042_OCN-1, 2022-10-13,8:13,8:14,7.06,7.08,7.07,7.07,23.1,
CM_041_OCN-3, 2022-10-13,8:22,8:22,4.14,4.1,4.05,4.1,23.2,
CM_042_OCN-2, 2022-10-13,8:23,8:24,7.3,7.27,7.26,7.28,23.2,
CM_042_OCN-3, 2022-10-13,8:25,8:25,6.98,6.96,7.01,6.98,23.1,
CM_042_OCN-1, 2022-10-13,8:28,8:28,6.81,6.82,6.78,6.8,22.8,
CM_042_OCN-2, 2022-10-13,8:38,8:39,6.76,6.7,6.65,6.7,23.2,
CM_042_OCN-3, 2022-10-13,8:55,8:55,6.19,6.19,6.18,6.19,22.9,
CM_042_OCN-1, 2022-10-13,8:58,8:58,4.29,4.37,4.46,4.37,23.1,
CM_042_OCN-2, 2022-10-13,9:08,9:08,5.65,5.68,5.68,5.67,23,
CM_042_OCN-3, 2022-10-13,9:25,9:26,4.8,4.89,4.9,4.86,22.9,
CM_042_OCN-2, 2022-10-13,9:38,9:39,5.41,5.37,5.34,5.37,22.9,
CM_042_OCN-2, 2022-10-13,10:08,10:08,4.76,4.74,7.74,5.75,23,
STD 0% DO, 2022-10-20,7:57,7:57,0,0,0,0,22.4,
STD 100% DO, 2022-10-20,7:57,7:58,8.11,8.14,8.14,8.13,22.4,
CM_040_OCN-3, 2022-10-20,8:08,8:08,0,0,0,0,22.4,
CM_040_OCN-1, 2022-10-20,8:09,8:09,0.07,0.06,0.05,0.06,22.5,
CM_035_OCN-1, 2022-10-20,8:21,8:21,3.07,2.93,2.79,2.93,22.5,
CM_040_OCN-2, 2022-10-20,8:22,8:22,1.78,1.69,1.62,1.7,22.4,
CM_035_OCN-2, 2022-10-20,8:32,8:33,1.69,1.51,1.34,1.51,22.5,
CM_035_OCN-3, 2022-10-20,8:38,8:38,2.23,2.09,1.99,2.1,22.5,
CM_040_OCN-3, 2022-10-20,8:13,8:13,0,0,0,0,22.5,
CM_040_OCN-1, 2022-10-20,8:14,8:14,0.03,0.03,0.03,0.03,22.5,
CM_035_OCN-1, 2022-10-20,8:26,8:26,0.77,0.72,0.7,0.73,22.5,
CM_040_OCN-2, 2022-10-20,8:27,8:28,0,0,0,0,22.4,
CM_035_OCN-2, 2022-10-20,8:37,8:38,0.06,0.05,0.05,0.05,22.6,
CM_035_OCN-3, 2022-10-20,8:43,8:04,0.52,0.47,0.4,0.46,22.5,
STD 0% DO, 2022-10-27,7:29,7:29,0,0,0,0,22.3,
STD 100% DO, 2022-10-27,7:30,7:30,8.08,8.07,8.08,8.08,22.5,
CM_039_OCN-1, 2022-10-27,7:39,7:40,7.93,7.94,7.98,7.95,22.5,
CM_039_OCN-2, 2022-10-27,7:44,7:44,8.01,8.01,7.98,8,22.5,
CM_039_OCN-3, 2022-10-27,7:48,7:48,9.84,9.87,9.87,9.86,22.6,
CM_039_OCN-1, 2022-10-27,7:44,7:45,7.15,7.22,7.25,7.21,22.5,
CM_039_OCN-2, 2022-10-27,7:49,7:50,7.11,7.13,7.15,7.13,22.4,
CM_039_OCN-3, 2022-10-27,7:53,7:54,7.46,7.47,7.44,7.46,22.4,
CM_039_OCN-1, 2022-10-27,7:49,7:50,7.16,7.1,7.1,7.12,22.5,
CM_039_OCN-2, 2022-10-27,7:54,7:55,7.06,7.07,7.04,7.06,22.5,
CM_039_OCN-3, 2022-10-27,7:58,7:58,6.74,6.75,6.78,6.76,22.5,
CM_039_OCN-1, 2022-10-27,7:54,7:55,6.67,6.67,6.68,6.67,22.4,
CM_039_OCN-2, 2022-10-27,7:59,7:59,6.78,6.78,6.76,6.77,22.5,
CM_039_OCN-3, 2022-10-27,8:03,8:03,6.72,6.71,6.68,6.7,22.5,
CM_039_OCN-1, 2022-10-27,8:09,8:09,5.4,5.55,5.61,5.52,22.7,
CM_039_OCN-2, 2022-10-27,8:14,8:14,6.28,6.27,6.26,6.27,22.4,
CM_039_OCN-3, 2022-10-27,8:18,8:19,5.69,5.71,5.74,5.71,22.4,
CM_039_OCN-1, 2022-10-27,8:39,8:39,4.38,4.47,4.47,4.44,22.6,
CM_039_OCN-2, 2022-10-27,8:44,8:44,5.15,5.14,5.14,5.14,22.5,
CM_039_OCN-3, 2022-10-27,8:53,8:54,5.12,5.08,5.05,5.08,22.5,
CM_039_OCN-1, 2022-10-27,9:14,9:15,4.51,4.48,4.47,4.49,22.5,
CM_039_OCN-3, 2022-10-27,9:23,9:24,4.11,4.11,4.12,4.11,22.4,
STD 0% DO, 2022-11-03,8:45,8:46,0,0,0,0,22.3,
STD 100% DO, 2022-11-03,8:46,8:46,8.22,8.2,8.2,8.21,22.2,
CM_038_OCN-2, 2022-11-03,8:55,8:56,8.77,8.78,8.78,8.78,22.4,
CM_037_OCN-3, 2022-11-03,8:57,8:57,8.7,8.68,8.72,8.7,22.4,
CM_038_OCN-3, 2022-11-03,9:04,9:04,8.74,8.77,8.78,8.76,22.4,
CM_037_OCN-2, 2022-11-03,9:06,9:07,8.95,8.93,8.93,8.94,22.5,
CM_037_OCN-1, 2022-11-03,9:14,9:14,8.31,8.31,8.28,8.3,22.4,
CM_038_OCN-1, 2022-11-03,9:16,9:16,8.76,8.79,8.78,8.78,22.5,
CM_038_OCN-2, 2022-11-03,9:00,9:00,8.61,8.64,8.63,8.63,22.4,
CM_037_OCN-3, 2022-11-03,9:02,9:02,8.38,8.38,8.39,8.38,22.4,
CM_038_OCN-3, 2022-11-03,9:09,9:09,8.55,8.55,8.58,8.56,22.6,
CM_037_OCN-2, 2022-11-03,9:11,9:12,8.03,8.05,8.06,8.05,22.6,
CM_037_OCN-1, 2022-11-03,9:19,9:19,8.07,8.06,8.07,8.07,22.5,
CM_038_OCN-1, 2022-11-03,9:21,9:22,8.55,8.56,8.55,8.55,22.5,
CM_038_OCN-2, 2022-11-03,9:05,9:05,8.47,8.53,8.52,8.51,22.4,
CM_037_OCN-3, 2022-11-03,9:07,9:08,7.68,7.74,7.81,7.74,22.4,
CM_038_OCN-3, 2022-11-03,9:14,9:15,8.47,8.48,8.49,8.48,22.5,
CM_037_OCN-2, 2022-11-03,9:16,9:17,7.61,7.6,7.62,7.61,22.5,
CM_037_OCN-1, 2022-11-03,9:24,9:25,7.71,7.73,7.74,7.73,22.4,
CM_038_OCN-1, 2022-11-03,9:26,9:27,8.46,8.44,8.47,8.46,22.4,
CM_038_OCN-2, 2022-11-03,9:10,9:10,8.31,8.31,8.3,8.31,22.5,
CM_037_OCN-3, 2022-11-03,9:12,9:12,7.78,7.77,7.77,7.77,22.5,
CM_038_OCN-3, 2022-11-03,9:19,9:20,8.34,8.3,8.28,8.31,22.5,
CM_037_OCN-2, 2022-11-03,9:21,9:21,7.56,7.57,7.56,7.56,22.5,
CM_037_OCN-1, 2022-11-03,9:29,9:30,7.45,7.41,7.43,7.43,22.4,
CM_038_OCN-1, 2022-11-03,9:31,9:31,8.33,8.34,8.34,8.34,22.4,
CM_038_OCN-2, 2022-11-03,9:25,9:25,7.88,7.9,7.87,7.88,22.5,
CM_037_OCN-3, 2022-11-03,9:27,9:27,7.15,7.16,7.14,7.15,22.4,
CM_038_OCN-3, 2022-11-03,9:34,9:35,7.98,7.98,7.99,7.98,22.3,
CM_037_OCN-2, 2022-11-03,9:36,9:36,7.26,7.23,7.21,7.23,22.3,
CM_037_OCN-1, 2022-11-03,9:44,9:45,6.47,6.59,6.53,6.53,22.4,
CM_038_OCN-1, 2022-11-03,9:46,9:46,8.11,8.1,8.1,8.1,22.5,
CM_038_OCN-2, 2022-11-03,9:55,9:56,7.23,7.24,7.23,7.23,22.5,
CM_037_OCN-3, 2022-11-03,9:57,9:57,5.92,5.91,5.92,5.92,22.4,
CM_038_OCN-3, 2022-11-03,10:04,10:05,7.27,7.27,7.25,7.26,22.4,
CM_037_OCN-2, 2022-11-03,10:06,10:06,6.34,6.31,6.28,6.31,22.4,
CM_037_OCN-1, 2022-11-03,10:14,10:14,5.8,5.76,5.77,5.78,22.4,
CM_038_OCN-1, 2022-11-03,10:16,10:17,7.61,7.59,7.54,7.58,22.3,
CM_038_OCN-2, 2022-11-03,10:25,10:26,6.64,6.65,6.66,6.65,22.3,
CM_037_OCN-3, 2022-11-03,10:27,10:27,5.12,5.14,5.14,5.13,22.3,
CM_038_OCN-3, 2022-11-03,10:34,10:34,6.64,6.65,6.65,6.65,22.3,
CM_037_OCN-2, 2022-11-03,10:36,10:36,5.28,5.29,5.28,5.28,22.4,
CM_037_OCN-1, 2022-11-03,10:44,10:45,5.69,5.66,5.66,5.67,22.4,
CM_038_OCN-1, 2022-11-03,10:46,10:46,6.32,6.4,6.41,6.38,22.4,
CM_038_OCN-2, 2022-11-03,10:55,10:56,6.24,6.23,6.24,6.24,22.3,
CM_037_OCN-3, 2022-11-03,10:57,10:57,4.49,4.51,4.49,4.5,22.5,
CM_038_OCN-3, 2022-11-03,11:04,11:05,5.99,6.01,5.98,5.99,22.4,
CM_037_OCN-2, 2022-11-03,11:06,11:06,4.87,4.88,4.87,4.87,22.3,
CM_037_OCN-1, 2022-11-03,11:14,11:15,4.79,4.81,4.82,4.81,22.4,
CM_038_OCN-1, 2022-11-03,11:16,11:17,6.82,6.81,6.79,6.81,22.3,
STD 0% DO, 2022-11-10,9:57,9:57,0,0,0,0,22.2,
STD 100% DO, 2022-11-10,9:57,9:58,8.25,8.26,8.23,8.25,22.3,
CM_005_OCN-3, 2022-11-10,10:05,10:05,9.07,9.08,9.11,9.09,22.4,
CM_005_OCN-1, 2022-11-10,10:07,10:07,8.88,8.91,8.88,8.89,22.3,
CM_005_OCN-2, 2022-11-10,10:15,10:15,8.95,8.97,8.96,8.96,22.3,
CM_005_OCN-3, 2022-11-10,10:10,10:10,9.02,9.05,9.06,9.04,22.4,
CM_005_OCN-1, 2022-11-10,10:12,10:12,8.9,8.85,8.88,8.88,22.5,
CM_005_OCN-2, 2022-11-10,10:20,10:21,8.88,8.89,8.89,8.89,22.4,
CM_005_OCN-3, 2022-11-10,10:15,10:16,8.91,8.93,8.93,8.92,22.5,
CM_005_OCN-1, 2022-11-10,10:17,10:17,8.86,8.85,8.88,8.86,22.3,
CM_005_OCN-2, 2022-11-10,10:25,10:26,8.82,8.82,8.83,8.82,22.4,
CM_005_OCN-3, 2022-11-10,10:20,10:21,8.91,8.9,8.9,8.9,22.3,
CM_005_OCN-1, 2022-11-10,10:22,10:23,8.88,8.87,8.83,8.86,22.5,
CM_005_OCN-2, 2022-11-10,10:30,10:31,8.73,8.7,8.7,8.71,22.4,
CM_005_OCN-3, 2022-11-10,10:35,10:35,8.74,8.73,8.73,8.73,22.4,
CM_005_OCN-1, 2022-11-10,10:37,10:37,8.79,8.8,8.8,8.8,22.4,
CM_005_OCN-2, 2022-11-10,10:45,10:46,8.66,8.64,8.64,8.65,22.3,
CM_005_OCN-3, 2022-11-10,11:05,11:06,8.56,8.55,8.55,8.55,22.5,
CM_005_OCN-1, 2022-11-10,11:07,11:07,8.53,8.55,8.55,8.54,22.4,
CM_005_OCN-2, 2022-11-10,11:15,11:16,8.43,8.43,8.44,8.43,22.4,
CM_005_OCN-3, 2022-11-10,11:35,11:36,8.48,8.49,8.45,8.47,22.3,
CM_005_OCN-1, 2022-11-10,11:37,11:38,8.45,8.43,8.43,8.44,22.3,
CM_005_OCN-2, 2022-11-10,11:45,11:45,8.31,8.34,8.31,8.32,22.4,
CM_005_OCN-3, 2022-11-10,12:05,12:06,8.43,8.4,8.4,8.41,22.3,
CM_005_OCN-1, 2022-11-10,12:07,12:08,8.2,8.26,8.24,8.23,22.3,
CM_005_OCN-2, 2022-11-10,12:15,12:15,8.22,8.24,8.2,8.22,22.3,
STD 0% DO, 2022-11-17,9:14,9:14,0,0,0,0,22.1,
STD 100% DO, 2022-11-17,9:14,9:15,8.36,8.32,8.33,8.34,22.2,
CM_063_OCN-3, 2022-11-17,9:26,9:26,9.38,9.42,9.42,9.41,22.1,
CM_062_OCN-2, 2022-11-17,9:28,9:28,9.11,9.13,9.14,9.13,22.2,
CM_063_OCN-1, 2022-11-17,9:35,9:36,9.18,9.2,9.26,9.21,22.2,
CM_017_OCN-2, 2022-11-17,9:38,9:38,8.85,8.9,8.89,8.88,22.2,
CM_062_OCN-1, 2022-11-17,10:01,10:01,8.9,8.9,8.91,8.9,22.2,
CM_017_OCN-1, 2022-11-17,10:03,10:03,8.91,8.84,8.87,8.87,22.3,
CM_062_OCN-3, 2022-11-17,10:20,10:20,8.73,8.74,8.73,8.73,22.3,
CM_017_OCN-3, 2022-11-17,10:22,10:22,8.63,8.63,8.64,8.63,22.3,
CM_063_OCN-2, 2022-11-17,10:40,10:40,8.98,9.03,9.04,9.02,22.4,
CM_063_OCN-3, 2022-11-17,9:31,9:31,9.3,9.34,9.33,9.32,22.2,
CM_062_OCN-2, 2022-11-17,9:33,9:33,9.17,9.23,9.21,9.2,22.1,
CM_063_OCN-1, 2022-11-17,9:40,9:40,9.32,9.29,9.32,9.31,22.2,
CM_017_OCN-2, 2022-11-17,9:43,9:44,8.84,8.82,8.84,8.83,22.3,
CM_062_OCN-1, 2022-11-17,10:06,10:06,8.88,8.87,8.86,8.87,22.3,
CM_017_OCN-1, 2022-11-17,10:08,10:08,8.75,8.74,8.75,8.75,22.2,
CM_062_OCN-3, 2022-11-17,10:25,10:25,8.83,8.79,8.75,8.79,22.2,
CM_017_OCN-3, 2022-11-17,10:27,10:27,8.54,8.57,8.6,8.57,22.2,
CM_063_OCN-2, 2022-11-17,10:45,10:45,9,9.05,8.95,9,22.2,
CM_063_OCN-3, 2022-11-17,9:36,9:36,9.26,9.25,9.21,9.24,22.3,
CM_062_OCN-2, 2022-11-17,9:38,9:39,9.07,9.1,9.11,9.09,22.1,
CM_063_OCN-1, 2022-11-17,9:45,9:45,9.18,9.17,9.12,9.16,22.2,
CM_017_OCN-2, 2022-11-17,9:48,9:48,8.73,8.75,8.73,8.74,22.3,
CM_062_OCN-1, 2022-11-17,10:11,10:11,8.76,8.73,8.7,8.73,22.2,
CM_017_OCN-1, 2022-11-17,10:13,10:13,8.72,8.72,8.73,8.72,22.3,
CM_062_OCN-3, 2022-11-17,10:30,10:30,8.8,8.77,8.8,8.79,22.3,
CM_017_OCN-3, 2022-11-17,10:32,10:32,8.43,8.43,8.46,8.44,22.3,
CM_063_OCN-2, 2022-11-17,10:50,10:51,9,9.01,9.04,9.02,22.2,
CM_063_OCN-3, 2022-11-17,9:41,9:41,9.13,9.16,9.14,9.14,22.3,
CM_062_OCN-2, 2022-11-17,9:43,9:43,8.97,8.99,8.99,8.98,22.2,
CM_063_OCN-1, 2022-11-17,9:50,9:50,9.04,9.05,9.04,9.04,22.2,
CM_017_OCN-2, 2022-11-17,9:53,9:53,8.71,8.75,8.71,8.72,22.2,
CM_062_OCN-1, 2022-11-17,10:16,10:16,8.58,8.62,8.59,8.6,22.3,
CM_017_OCN-1, 2022-11-17,10:18,10:18,8.6,8.61,8.61,8.61,22.3,
CM_062_OCN-3, 2022-11-17,10:35,10:35,8.67,8.67,8.65,8.66,22.3,
CM_017_OCN-3, 2022-11-17,10:37,10:37,8.4,8.43,8.43,8.42,22.2,
CM_063_OCN-2, 2022-11-17,10:55,10:55,9.02,9.01,9.01,9.01,22.2,
CM_063_OCN-3, 2022-11-17,9:56,9:56,8.94,8.93,8.92,8.93,22.3,
CM_062_OCN-2, 2022-11-17,9:58,9:58,8.63,8.68,8.64,8.65,22.3,
CM_063_OCN-1, 2022-11-17,10:05,10:05,8.81,8.78,8.85,8.81,22.3,
CM_017_OCN-2, 2022-11-17,10:08,10:08,8.48,8.49,8.52,8.5,22.2,
CM_062_OCN-1, 2022-11-17,10:31,10:31,8.19,8.2,8.2,8.2,22.3,
CM_017_OCN-1, 2022-11-17,10:33,10:33,8.46,8.48,8.48,8.47,22.2,
CM_062_OCN-3, 2022-11-17,10:50,10:50,8.43,8.44,8.42,8.43,22.2,
CM_017_OCN-3, 2022-11-17,10:52,10:52,7.98,8.01,8,8,22.1,
CM_063_OCN-2, 2022-11-17,11:10,11:10,8.75,8.74,8.75,8.75,22.2,
CM_063_OCN-3, 2022-11-17,10:26,10:26,8.58,8.54,8.53,8.55,22.2,
CM_062_OCN-2, 2022-11-17,10:28,10:28,8.32,8.25,8.26,8.28,22.4,
CM_063_OCN-1, 2022-11-17,10:35,10:35,8.46,8.48,8.46,8.47,22.2,
CM_017_OCN-2, 2022-11-17,10:38,10:38,8.03,8.04,8.04,8.04,22.3,
CM_062_OCN-1, 2022-11-17,11:01,11:01,8.03,8,8.02,8.02,22.2,
CM_017_OCN-1, 2022-11-17,11:03,11:03,8.1,8.09,8.1,8.1,22.1,
CM_062_OCN-3, 2022-11-17,11:20,11:20,7.97,7.98,7.97,7.97,22.1,
CM_017_OCN-3, 2022-11-17,11:22,11:22,7.61,7.68,7.67,7.65,22.2,
CM_063_OCN-2, 2022-11-17,11:40,11:40,8.33,8.33,8.34,8.33,22.2,
CM_063_OCN-3, 2022-11-17,10:56,10:56,8.24,8.25,8.29,8.26,22.2,
CM_062_OCN-2, 2022-11-17,10:58,10:58,7.84,7.86,7.87,7.86,22.2,
CM_063_OCN-1, 2022-11-17,11:05,11:05,8.13,8.12,8.14,8.13,22.2,
CM_017_OCN-2, 2022-11-17,11:08,11:08,7.69,7.7,7.69,7.69,22.1,
CM_062_OCN-1, 2022-11-17,11:31,11:31,7.64,7.65,7.63,7.64,22.1,
CM_017_OCN-1, 2022-11-17,11:33,11:33,7.84,7.82,7.79,7.82,22.2,
CM_062_OCN-3, 2022-11-17,11:50,11:50,7.75,7.73,7.74,7.74,22.1,
CM_017_OCN-3, 2022-11-17,11:52,11:52,7.64,7.58,7.57,7.6,22.2,
CM_063_OCN-2, 2022-11-17,12:10,12:10,7.94,7.92,7.96,7.94,22.3,
CM_063_OCN-3, 2022-11-17,11:26,11:26,8,7.97,8.01,7.99,22.1,
CM_062_OCN-2, 2022-11-17,11:28,11:28,7.69,7.69,7.7,7.69,22.1,
CM_063_OCN-1, 2022-11-17,11:35,11:35,7.94,7.89,7.96,7.93,22.2,
CM_017_OCN-2, 2022-11-17,11:38,11:38,7.38,7.35,7.34,7.36,22.1,
CM_062_OCN-1, 2022-11-17,12:01,12:01,7.22,7.26,7.23,7.24,22.2,
CM_017_OCN-1, 2022-11-17,12:03,12:03,7.45,7.51,7.49,7.48,22.2,
CM_062_OCN-3, 2022-11-17,12:20,12:20,7.52,7.51,7.55,7.53,22.1,
CM_017_OCN-3, 2022-11-17,12:22,12:22,7.26,7.23,7.26,7.25,22.1,
CM_063_OCN-2, 2022-11-17,12:40,12:40,7.77,7.79,7.78,7.78,22,
STD 0% DO, 2022-12-01,10:39,10:39,0,0,0,0,22.2,
STD 100% DO, 2022-12-01,10:39,10:40,8.32,8.32,8.33,8.32,22.1,
CM_066_OCN-3, 2022-12-01,10:50,10:50,9.09,9.09,9.11,9.1,22.2,Tube had to be open and refill because of a bubble
CM_066_OCN-2, 2022-12-01,10:52,10:53,9.06,9.09,9.06,9.07,22.2,
CM_066_OCN-1, 2022-12-01,11:00,11:00,8.89,8.89,8.91,8.9,22.2,
CM_066_OCN-3, 2022-12-01,10:55,10:55,8.98,8.97,9.02,8.99,22.1,
CM_066_OCN-2, 2022-12-01,10:57,10:57,9.01,9.01,9,9.01,22.2,
CM_066_OCN-1, 2022-12-01,11:05,11:06,8.89,8.9,8.9,8.9,22.1,
CM_066_OCN-3, 2022-12-01,11:00,11:01,8.96,8.95,8.95,8.95,22.1,
CM_066_OCN-2, 2022-12-01,11:02,11:03,9.06,9.06,9.08,9.07,22.2,
CM_066_OCN-1, 2022-12-01,11:10,11:10,8.89,8.9,8.89,8.89,22.1,
CM_066_OCN-3, 2022-12-01,11:05,11:05,8.86,8.9,8.87,8.88,22.1,
CM_066_OCN-2, 2022-12-01,11:07,11:08,9.03,9.03,9.05,9.04,22.2,
CM_066_OCN-1, 2022-12-01,11:15,11:16,8.82,8.81,8.8,8.81,22.2,
CM_066_OCN-3, 2022-12-01,11:20,11:21,8.73,8.7,8.76,8.73,22.2,
CM_066_OCN-2, 2022-12-01,11:22,11:22,8.92,8.91,8.91,8.91,22.2,
CM_066_OCN-1, 2022-12-01,11:30,11:31,8.7,8.72,8.7,8.71,22.1,
CM_066_OCN-3, 2022-12-01,11:50,11:50,8.6,8.59,8.61,8.6,22.2,
CM_066_OCN-2, 2022-12-01,11:52,11:52,8.67,8.66,8.67,8.67,22.2,
CM_066_OCN-1, 2022-12-01,12:00,12:00,8.46,8.47,8.46,8.46,22.2,
CM_066_OCN-3, 2022-12-01,12:20,12:20,8.5,8.49,8.49,8.49,22.2,
CM_066_OCN-2, 2022-12-01,12:22,12:22,8.56,8.58,8.56,8.57,22,
CM_066_OCN-1, 2022-12-01,12:30,12:31,8.38,8.35,8.35,8.36,22.1,
CM_066_OCN-3, 2022-12-01,12:50,12:51,8.4,8.37,8.38,8.38,22.1,
CM_066_OCN-2, 2022-12-01,12:52,12:52,8.46,8.44,8.46,8.45,22.2,
CM_066_OCN-1, 2022-12-01,13:00,13:00,8.23,8.22,8.22,8.22,22,
STD 0% DO, 2022-12-02,10:41,10:41,0,0,0,0,22.1,
STD 100% DO, 2022-12-02,10:41,10:42,8.32,8.33,8.32,8.32,22,
CM_050_OCN-1, 2022-12-02,10:51,10:51,8.88,8.88,8.9,8.89,22.1,Tube had to be open and refill because of a bubble
CM_050_OCN-3, 2022-12-02,10:53,10:53,8.77,8.73,8.76,8.75,22.1,Tube had to be open and refill because of a bubble
CM_050_OCN-2, 2022-12-02,11:01,11:01,8.9,8.9,8.89,8.9,22.2,Tube had to be open and refill because of a bubble
CM_050_OCN-1, 2022-12-02,10:56,10:56,8.65,8.64,8.63,8.64,22.1,
CM_050_OCN-3, 2022-12-02,10:58,10:58,8.55,8.53,8.51,8.53,22.1,
CM_050_OCN-2, 2022-12-02,11:06,11:06,8.62,8.64,8.62,8.63,22.1,
CM_050_OCN-1, 2022-12-02,11:01,11:02,8.27,8.26,8.29,8.27,22.1,
CM_050_OCN-3, 2022-12-02,11:03,11:04,8.12,8.13,8.16,8.14,22,
CM_050_OCN-2, 2022-12-02,11:11,11:12,8.3,8.3,8.26,8.29,22.2,
CM_050_OCN-1, 2022-12-02,11:06,11:07,7.72,7.73,7.76,7.74,22.2,
CM_050_OCN-3, 2022-12-02,11:08,11:08,7.89,7.87,7.89,7.88,22.2,
CM_050_OCN-2, 2022-12-02,11:16,11:16,8.01,7.99,7.99,8,22.2,
CM_050_OCN-1, 2022-12-02,11:21,11:22,7.59,7.55,7.5,7.55,22.2,
CM_050_OCN-3, 2022-12-02,11:23,11:23,7.3,7.32,7.29,7.3,22.1,
CM_050_OCN-2, 2022-12-02,11:31,11:32,7.02,7.01,7.01,7.01,22,
CM_050_OCN-1, 2022-12-02,11:51,11:52,5.84,5.85,5.85,5.85,22.1,
CM_050_OCN-3, 2022-12-02,11:53,11:53,6.36,6.33,6.3,6.33,22.1,
CM_050_OCN-2, 2022-12-02,12:01,12:02,5.69,5.71,5.71,5.7,22.1,
CM_050_OCN-1, 2022-12-02,12:21,12:22,4.54,4.68,4.77,4.66,22.2,
CM_050_OCN-3, 2022-12-02,12:23,12:23,5.57,5.53,5.49,5.53,22.1,
CM_050_OCN-2, 2022-12-02,12:31,12:31,4.61,4.61,4.62,4.61,22.1,
CM_050_OCN-3, 2022-12-02,12:53,12:53,4.57,4.58,4.56,4.57,22,
STD 0% DO, 2022-12-08,10:58,10:58,0,0,0,0,22.1,
STD 100% DO, 2022-12-08,10:58,10:59,8.55,8.55,8.57,8.56,22.2,
CM_056_OCN-3, 2022-12-08,11:09,11:09,8.74,8.75,8.75,8.75,22.2,
CM_056_OCN-2, 2022-12-08,11:10,11:11,8.52,8.58,8.54,8.55,22.2,
CM_044_OCN-2, 2022-12-08,11:18,11:18,8.94,8.95,8.96,8.95,22.3,
CM_056_OCN-1, 2022-12-08,11:20,11:20,8.49,8.51,8.52,8.51,22.2,
CM_044_OCN-3, 2022-12-08,11:28,11:28,8.81,8.84,8.84,8.83,22.4,
CM_044_OCN-1, 2022-12-08,11:30,11:30,8.78,8.82,8.84,8.81,22.3,
CM_056_OCN-3, 2022-12-08,11:14,11:15,8.65,8.61,8.64,8.63,22.1,
CM_056_OCN-2, 2022-12-08,11:15,11:16,8.54,8.52,8.52,8.53,22.2,
CM_044_OCN-2, 2022-12-08,11:23,11:23,8.88,8.88,8.83,8.86,22.4,
CM_056_OCN-1, 2022-12-08,11:25,11:25,8.46,8.47,8.47,8.47,22.3,
CM_044_OCN-3, 2022-12-08,11:33,11:34,8.66,8.68,8.63,8.66,22.3,
CM_044_OCN-1, 2022-12-08,11:35,11:35,8.28,8.33,8.38,8.33,22.3,
CM_056_OCN-3, 2022-12-08,11:19,11:20,8.49,8.49,8.52,8.5,22.3,
CM_056_OCN-2, 2022-12-08,11:20,11:21,8.38,8.39,8.41,8.39,22.4,
CM_044_OCN-2, 2022-12-08,11:28,11:29,8.53,8.54,8.5,8.52,22.4,
CM_056_OCN-1, 2022-12-08,11:30,11:31,8.37,8.38,8.41,8.39,22.3,
CM_044_OCN-3, 2022-12-08,11:38,11:38,8.43,8.42,8.42,8.42,22.2,
CM_044_OCN-1, 2022-12-08,11:40,11:41,8.16,8.2,8.2,8.19,22.3,
CM_056_OCN-3, 2022-12-08,11:24,11:25,8.44,8.43,8.45,8.44,22.2,
CM_056_OCN-2, 2022-12-08,11:25,11:26,8.39,8.4,8.4,8.4,22.3,
CM_044_OCN-2, 2022-12-08,11:33,11:33,8.35,8.35,8.35,8.35,22.3,
CM_056_OCN-1, 2022-12-08,11:35,11:36,8.37,8.36,8.35,8.36,22.3,
CM_044_OCN-3, 2022-12-08,11:43,11:43,8.17,8.15,8.16,8.16,22.3,
CM_044_OCN-1, 2022-12-08,11:45,11:45,8.1,8.09,8.09,8.09,22.2,
CM_056_OCN-3, 2022-12-08,11:39,11:39,8.31,8.32,8.3,8.31,22.3,
CM_056_OCN-2, 2022-12-08,11:40,11:40,8.34,8.32,8.33,8.33,22.2,
CM_044_OCN-2, 2022-12-08,11:48,11:49,7.83,7.81,7.98,7.87,22.4,
CM_056_OCN-1, 2022-12-08,11:50,11:50,8.31,8.31,8.29,8.3,22.3,
CM_044_OCN-3, 2022-12-08,11:58,11:59,7.18,7.19,7.23,7.2,22.3,
CM_044_OCN-1, 2022-12-08,12:00,12:00,6.99,7.06,7.11,7.05,22.4,
CM_056_OCN-3, 2022-12-08,12:09,12:10,8.12,8.14,8.14,8.13,22.2,
CM_056_OCN-2, 2022-12-08,12:10,12:11,8.07,8.08,8.09,8.08,22.4,
CM_044_OCN-2, 2022-12-08,12:18,12:19,6.91,6.93,6.92,6.92,22.3,
CM_056_OCN-1, 2022-12-08,12:20,12:21,8.13,8.15,8.16,8.15,22.3,
CM_044_OCN-3, 2022-12-08,12:28,12:29,6.3,6.34,6.34,6.33,22.2,
CM_044_OCN-1, 2022-12-08,12:30,12:30,6.55,6.53,6.52,6.53,22.3,
CM_056_OCN-3, 2022-12-08,12:39,12:40,7.91,7.91,7.9,7.91,22.2,
CM_056_OCN-2, 2022-12-08,12:40,12:41,7.89,7.9,7.89,7.89,22.3,
CM_044_OCN-2, 2022-12-08,12:48,12:48,6.24,6.27,6.26,6.26,22.4,
CM_056_OCN-1, 2022-12-08,12:50,12:51,8.03,7.99,7.98,8,22.3,
CM_044_OCN-3, 2022-12-08,12:58,12:58,5.61,5.62,5.59,5.61,22.2,
CM_044_OCN-1, 2022-12-08,13:00,13:00,5.77,5.72,5.66,5.72,22.3,
CM_056_OCN-3, 2022-12-08,13:09,13:09,7.79,7.79,7.81,7.8,22.3,
CM_056_OCN-2, 2022-12-08,13:10,13:10,7.81,7.85,7.83,7.83,22.3,
CM_044_OCN-2, 2022-12-08,13:18,13:18,5.72,5.71,5.71,5.71,22.3,
CM_056_OCN-1, 2022-12-08,13:20,13:20,7.9,7.92,7.92,7.91,22.3,
CM_044_OCN-3, 2022-12-08,13:28,13:29,5.02,5,5.01,5.01,22.2,
CM_044_OCN-1, 2022-12-08,13:30,13:31,4.72,4.72,4.72,4.72,22.3,
STD 0% DO, 2022-12-15,10:58,10:59,0,0,0,0,22.1,
STD 100% DO, 2022-12-15,10:59,10:59,8.43,8.41,8.4,8.41,22.1,
CM_064_OCN-1, 2022-12-15,11:13,11:14,8.03,8.01,8.01,8.02,22.3,Had to redo putting the cap on because of a bubble
CM_064_OCN-3, 2022-12-15,11:15,11:15,8.33,8.33,8.29,8.32,22.2,Had to redo putting the cap on because of a bubble
CM_064_OCN-2, 2022-12-15,11:16,11:16,7.92,7.92,7.91,7.92,22.2,
CM_064_OCN-1, 2022-12-15,11:18,11:18,7.35,7.33,7.3,7.33,22.1,
CM_064_OCN-3, 2022-12-15,11:20,11:20,7.59,7.52,7.31,7.47,22.2,
CM_064_OCN-2, 2022-12-15,11:21,11:21,7.28,7.21,7.19,7.23,22.1,
CM_064_OCN-1, 2022-12-15,11:23,11:23,6.5,6.5,6.53,6.51,22.1,
CM_064_OCN-3, 2022-12-15,11:25,11:26,6.72,6.73,6.7,6.72,22.2,
CM_064_OCN-2, 2022-12-15,11:26,11:26,6.14,6.15,6.17,6.15,22.1,
CM_064_OCN-1, 2022-12-15,11:28,11:28,6.01,5.98,5.99,5.99,22.2,
CM_064_OCN-3, 2022-12-15,11:30,11:30,6.23,6.24,6.23,6.23,22.2,
CM_064_OCN-2, 2022-12-15,11:31,11:31,5.85,5.81,5.79,5.82,22.2,
CM_064_OCN-1, 2022-12-15,11:43,11:43,4.91,4.9,4.89,4.9,22.2,
CM_064_OCN-3, 2022-12-15,11:45,11:46,5.08,5.11,5.09,5.09,22.2,
CM_064_OCN-2, 2022-12-15,11:46,11:47,4.87,4.83,4.81,4.84,22.2,
CM_064_OCN-3, 2022-12-15,12:15,12:15,2.62,2.75,2.75,2.71,22.2,
STD 0% DO, 2023-01-12,10:47,10:48,0,0,0,0,22.2,
STD 100% DO, 2023-01-12,10:48,10:48,8.26,8.27,8.28,8.27,22.2,
CM_074_OCN-2, 2023-01-12,11:00,11:00,8.89,8.91,8.91,8.9,22.3,Had to redo putting the cap on because of a bubble
CM_074_OCN-1, 2023-01-12,11:02,11:02,8.91,8.94,8.96,8.94,22.3,
CM_070_OCN-2, 2023-01-12,11:09,11:09,9.08,9.05,9.03,9.05,22.4,
CM_070_OCN-1, 2023-01-12,11:11,11:11,9.23,9.18,9.21,9.21,22.4,
CM_070_OCN-3, 2023-01-12,11:13,11:13,9.05,9.07,9.07,9.06,22.4,Had to redo putting the cap on because of a bubble
CM_074_OCN-3, 2023-01-12,11:20,11:20,8.6,8.6,8.62,8.61,22.3,
CM_074_OCN-2, 2023-01-12,11:05,11:05,8.63,8.64,8.64,8.64,22.3,
CM_074_OCN-1, 2023-01-12,11:07,11:07,8.89,8.89,8.89,8.89,22.4,
CM_070_OCN-2, 2023-01-12,11:14,11:14,8.58,8.54,8.54,8.55,22.4,
CM_070_OCN-1, 2023-01-12,11:16,11:16,8.79,8.75,8.77,8.77,22.4,
CM_070_OCN-3, 2023-01-12,11:18,11:18,8.81,8.78,8.78,8.79,22.4,
CM_074_OCN-3, 2023-01-12,11:25,11:25,8.38,8.34,8.37,8.36,22.4,
CM_074_OCN-2, 2023-01-12,11:10,11:10,8.41,8.41,8.37,8.4,22.4,
CM_074_OCN-1, 2023-01-12,11:12,11:12,8.6,8.63,8.64,8.62,22.4,
CM_070_OCN-2, 2023-01-12,11:19,11:19,8.57,8.54,8.52,8.54,22.5,
CM_070_OCN-1, 2023-01-12,11:21,11:22,8.34,8.36,8.38,8.36,22.5,
CM_070_OCN-3, 2023-01-12,11:23,11:24,8.34,8.38,8.39,8.37,22.4,
CM_074_OCN-3, 2023-01-12,11:30,11:30,8.03,8.05,8.03,8.04,22.5,
CM_074_OCN-2, 2023-01-12,11:15,11:16,8.06,8.07,8.03,8.05,22.3,
CM_074_OCN-1, 2023-01-12,11:17,11:17,8.42,8.41,8.41,8.41,22.3,
CM_070_OCN-2, 2023-01-12,11:24,11:25,8.21,8.19,8.21,8.2,22.5,
CM_070_OCN-1, 2023-01-12,11:26,11:26,8.2,8.18,8.2,8.19,22.4,
CM_070_OCN-3, 2023-01-12,11:28,11:29,8.27,8.27,8.26,8.27,22.4,
CM_074_OCN-3, 2023-01-12,11:35,11:36,7.87,7.89,7.83,7.86,22.5,
CM_074_OCN-2, 2023-01-12,11:30,11:31,7.45,7.46,7.44,7.45,22.4,
CM_074_OCN-1, 2023-01-12,11:32,11:32,7.26,7.31,7.35,7.31,22.4,
CM_070_OCN-2, 2023-01-12,11:39,11:39,7.57,7.58,7.57,7.57,22.4,
CM_070_OCN-1, 2023-01-12,11:41,11:42,7.25,7.29,7.35,7.3,22.4,
CM_070_OCN-3, 2023-01-12,11:43,11:44,7.23,7.32,7.37,7.31,22.5,
CM_074_OCN-3, 2023-01-12,11:50,11:50,7.27,7.27,7.25,7.26,22.4,
CM_074_OCN-2, 2023-01-12,12:00,12:01,6.25,6.26,6.26,6.26,22.4,
CM_074_OCN-1, 2023-01-12,12:02,12:03,7.21,7.19,7.18,7.19,22.4,
CM_070_OCN-2, 2023-01-12,12:09,12:10,6.66,6.65,6.68,6.66,22.3,
CM_070_OCN-1, 2023-01-12,12:11,12:12,6.61,6.59,6.55,6.58,22.5,
CM_070_OCN-3, 2023-01-12,12:13,12:13,6.94,6.93,6.92,6.93,22.4,
CM_074_OCN-3, 2023-01-12,12:20,12:21,6.58,6.55,6.55,6.56,22.3,
CM_074_OCN-2, 2023-01-12,12:30,12:30,5.4,5.41,5.42,5.41,22.3,
CM_074_OCN-1, 2023-01-12,12:32,12:32,6.19,6.21,6.21,6.2,22.4,
CM_070_OCN-2, 2023-01-12,12:39,12:39,6.02,6.01,6,6.01,22.4,
CM_070_OCN-1, 2023-01-12,12:41,12:41,5.93,5.92,5.92,5.92,22.3,
CM_070_OCN-3, 2023-01-12,12:43,12:43,6.5,6.46,6.47,6.48,22.3,
CM_074_OCN-3, 2023-01-12,12:50,12:50,5.84,5.84,5.81,5.83,22.4,
CM_074_OCN-2, 2023-01-12,13:00,13:00,4.8,4.81,4.82,4.81,22.4,
CM_074_OCN-1, 2023-01-12,13:02,13:02,5.69,5.69,5.68,5.69,22.4,
CM_070_OCN-2, 2023-01-12,13:09,13:10,5.46,5.45,5.43,5.45,22.5,
CM_070_OCN-1, 2023-01-12,13:11,13:11,5.27,5.28,5.27,5.27,22.4,
CM_070_OCN-3, 2023-01-12,13:13,13:14,5.75,5.76,5.77,5.76,22.3,
CM_074_OCN-3, 2023-01-12,13:20,13:21,4.8,4.83,4.84,4.82,22.4,
CM_072_OCN-1, 2023-01-19,10:58,10:58,1.7,1.7,1.59,1.66,22.3,
CM_072_OCN-3, 2023-01-19,11:01,11:01,0.05,0.05,0.04,0.05,22.4,
CM_072_OCN-2, 2023-01-19,11:09,11:09,0.63,0.55,0.49,0.56,22.3,
CM_072_OCN-5, 2023-01-19,11:11,11:11,6.23,6.22,6.17,6.21,22.4,
CM_072_OCN-4, 2023-01-19,11:19,11:19,4.87,4.94,5.01,4.94,22.3,
CM_072_OCN-6, 2023-01-19,11:21,11:21,6.69,6.68,6.68,6.68,22.4,
CM_072_OCN-1, 2023-01-19,11:03,11:03,0.03,0.03,0.02,0.03,22.4,
CM_072_OCN-3, 2023-01-19,11:06,11:06,0.01,0,0,0,22.3,
CM_072_OCN-2, 2023-01-19,11:14,11:14,0.01,0.01,0,0.01,22.4,
CM_072_OCN-5, 2023-01-19,11:16,11:16,4.58,4.56,4.54,4.56,22.3,
CM_072_OCN-4, 2023-01-19,11:24,11:24,2.75,2.32,2.55,2.54,22.3,
CM_072_OCN-6, 2023-01-19,11:26,11:26,5.84,5.8,5.76,5.8,22.4,
CM_072_OCN-6, 2023-01-19,11:36,11:36,4.64,4.63,4.63,4.63,22.2,
STD 0% DO, 2023-01-26,10:57,10:57,0,0,0,0,22.5,
STD 100% DO, 2023-01-26,10:57,10:58,8.42,8.42,8.44,8.43,22.5,
CM_051_OCN-3, 2023-01-26,11:08,11:08,9.16,9.16,9.1,9.14,22.3,
CM_069_OCN-3, 2023-01-26,11:12,11:13,3.53,3.48,3.48,3.5,22.4,had a bubble
CM_069_OCN-1, 2023-01-26,11:15,11:15,4.79,4.75,4.72,4.75,22.4,had a bubble
CM_069_OCN-2, 2023-01-26,11:16,11:16,4.69,4.65,4.63,4.66,22.5,
CM_051_OCN-1, 2023-01-26,11:24,11:24,8.82,8.85,8.83,8.83,22.6,
CM_051_OCN-2, 2023-01-26,11:25,11:26,8.81,8.83,8.83,8.82,22.4,
CM_051_OCN-3, 2023-01-26,11:13,11:13,9.25,9.19,9.22,9.22,22.5,
CM_069_OCN-3, 2023-01-26,11:17,11:17,1.47,1.3,1.32,1.36,22.5,
CM_069_OCN-1, 2023-01-26,11:20,11:20,2.35,2.18,2.15,2.23,22.4,
CM_069_OCN-2, 2023-01-26,11:21,11:21,2.14,2.18,2.11,2.14,22.6,
CM_051_OCN-1, 2023-01-26,11:29,11:29,8.95,8.92,8.9,8.92,22.4,
CM_051_OCN-2, 2023-01-26,11:30,11:30,9.01,9,8.96,8.99,22.6,
CM_051_OCN-3, 2023-01-26,11:18,11:18,8.98,9.01,9,9,22.4,
CM_051_OCN-1, 2023-01-26,11:34,11:34,8.72,8.72,8.75,8.73,22.5,
CM_051_OCN-2, 2023-01-26,11:35,11:35,8.85,8.84,8.82,8.84,22.4,
CM_051_OCN-3, 2023-01-26,11:23,11:23,8.94,8.92,8.94,8.93,22.6,
CM_051_OCN-1, 2023-01-26,11:39,11:39,8.66,8.68,8.71,8.68,22.6,
CM_051_OCN-2, 2023-01-26,11:40,11:40,8.55,8.52,8.55,8.54,22.5,
CM_051_OCN-3, 2023-01-26,11:38,11:38,8.66,8.67,8.65,8.66,22.5,
CM_051_OCN-1, 2023-01-26,11:54,11:54,8.42,8.44,8.46,8.44,22.4,
CM_051_OCN-2, 2023-01-26,11:55,11:55,8.57,8.59,8.56,8.57,22.4,
CM_051_OCN-3, 2023-01-26,12:08,12:08,8.23,8.21,8.24,8.23,22.3,
CM_051_OCN-1, 2023-01-26,12:24,12:24,8.43,8.44,8.38,8.42,22.3,
CM_051_OCN-2, 2023-01-26,12:25,12:25,8.39,8.34,8.37,8.37,22.4,
CM_051_OCN-3, 2023-01-26,12:38,12:38,7.93,7.92,7.93,7.93,22.3,
CM_051_OCN-1, 2023-01-26,12:54,12:54,7.92,7.97,7.96,7.95,22.4,
CM_051_OCN-2, 2023-01-26,12:55,12:55,8.04,8.04,8.03,8.04,22.3,
CM_051_OCN-3, 2023-01-26,13:08,13:08,7.65,7.65,7.69,7.66,22.3,
CM_051_OCN-1, 2023-01-26,13:24,13:24,7.81,7.79,7.82,7.81,22.3,
CM_051_OCN-2, 2023-01-26,13:25,13:25,7.64,7.68,7.68,7.67,22.3,
STD 0% DO, 2023-02-09,10:12,10:13,0,0,0,0,22.3,
STD 100% DO, 2023-02-09,10:13,10:13,8.28,8.26,8.27,8.27,22.3,
CM_057_OCN-1, 2023-02-09,10:22,10:22,9.25,9.24,9.27,9.25,22.3,
CM_057_OCN-3, 2023-02-09,10:23,10:24,9.09,9.11,9.13,9.11,22.2,
CM_057_OCN-2, 2023-02-09,10:25,10:26,9.15,9.17,9.19,9.17,22.3,
CM_057_OCN-1, 2023-02-09,10:27,10:27,9.2,9.24,9.19,9.21,22.4,
CM_057_OCN-3, 2023-02-09,10:28,10:29,9.08,9.06,9.06,9.07,22.3,
CM_057_OCN-2, 2023-02-09,10:30,10:30,9.29,9.3,9.26,9.28,22.3,
CM_057_OCN-1, 2023-02-09,10:32,10:32,9.22,9.23,9.23,9.23,22.2,
CM_057_OCN-3, 2023-02-09,10:33,10:33,9.13,9.13,9.13,9.13,22.2,
CM_057_OCN-2, 2023-02-09,10:35,10:35,9.27,9.27,9.29,9.28,22.3,
CM_057_OCN-1, 2023-02-09,10:37,10:37,9.09,9.14,9.11,9.11,22.4,
CM_057_OCN-3, 2023-02-09,10:38,10:38,9.09,9.08,9.08,9.08,22.4,
CM_057_OCN-2, 2023-02-09,10:40,10:40,9.24,9.22,9.21,9.22,22.4,
CM_057_OCN-1, 2023-02-09,10:52,10:52,8.95,9,9,8.98,22.3,
CM_057_OCN-3, 2023-02-09,10:53,10:53,9.03,8.97,8.98,8.99,22.4,
CM_057_OCN-2, 2023-02-09,10:55,10:55,9.2,9.2,9.19,9.2,22.3,
CM_057_OCN-1, 2023-02-09,11:22,11:22,8.81,8.84,8.86,8.84,22.2,
CM_057_OCN-3, 2023-02-09,11:23,11:23,8.79,8.8,8.84,8.81,22.3,
CM_057_OCN-2, 2023-02-09,11:25,11:25,9.06,9.05,9.01,9.04,22.3,
CM_057_OCN-1, 2023-02-09,11:52,11:52,8.8,8.81,8.8,8.8,22.2,
CM_057_OCN-3, 2023-02-09,11:53,11:53,8.72,8.72,8.71,8.72,22.3,
CM_057_OCN-2, 2023-02-09,11:55,11:55,8.62,8.62,8.66,8.63,22.3,
CM_057_OCN-1, 2023-02-09,12:22,12:22,8.49,8.55,8.53,8.52,22.2,
CM_057_OCN-3, 2023-02-09,12:23,12:23,8.63,8.62,8.65,8.63,22.3,
CM_057_OCN-2, 2023-02-09,12:25,12:25,8.83,8.87,8.82,8.84,22.2,
STD 0% DO, 2023-02-10,10:08,10:08,0,0,0,0,22.1,
STD 100% DO, 2023-02-10,10:08,10:08,8.34,8.35,8.36,8.35,22.2,
CM_045_OCN-2, 2023-02-10,10:14,10:15,9.2,9.21,9.2,9.2,22.2,
CM_045_OCN-1, 2023-02-10,10:16,10:16,9.04,9.07,9.06,9.06,22.3,
CM_045_OCN-3, 2023-02-10,10:18,10:18,9.09,9.12,9.16,9.12,22.4,had a bubble
CM_045_OCN-2, 2023-02-10,10:20,10:20,9.29,9.3,9.29,9.29,22.3,
CM_045_OCN-1, 2023-02-10,10:21,10:21,9.21,9.22,9.19,9.21,22.2,
CM_045_OCN-3, 2023-02-10,10:23,10:23,9.32,9.32,9.33,9.32,22.3,
CM_045_OCN-2, 2023-02-10,10:25,10:25,9.32,9.3,9.34,9.32,22.3,
CM_045_OCN-1, 2023-02-10,10:26,10:26,9.14,9.18,9.12,9.15,22.3,
CM_045_OCN-3, 2023-02-10,10:28,10:29,9.52,9.54,9.49,9.52,22.3,
CM_045_OCN-2, 2023-02-10,10:30,10:30,9.36,9.3,9.34,9.33,22.3,
CM_045_OCN-1, 2023-02-10,10:31,10:31,9.09,9.11,9.14,9.11,22.3,
CM_045_OCN-3, 2023-02-10,10:33,10:33,9.5,9.5,9.49,9.5,22.2,
CM_045_OCN-2, 2023-02-10,10:45,10:45,9.13,9.12,9.14,9.13,22.2,
CM_045_OCN-1, 2023-02-10,10:46,10:46,8.84,8.86,8.87,8.86,22.2,
CM_045_OCN-3, 2023-02-10,10:48,10:48,9.28,9.25,9.23,9.25,22.3,
CM_045_OCN-2, 2023-02-10,11:15,11:15,8.74,8.73,8.75,8.74,22.2,
CM_045_OCN-1, 2023-02-10,11:16,11:16,8.59,8.61,8.59,8.6,22.3,
CM_045_OCN-3, 2023-02-10,11:18,11:18,8.97,9,8.94,8.97,22.2,
CM_045_OCN-2, 2023-02-10,11:45,11:45,8.54,8.53,8.51,8.53,22.2,
CM_045_OCN-1, 2023-02-10,11:46,11:46,8.51,8.48,8.46,8.48,22.3,
CM_045_OCN-3, 2023-02-10,11:48,11:48,8.63,8.62,8.61,8.62,22.2,
CM_045_OCN-2, 2023-02-10,12:15,12:15,8.12,8.1,8.09,8.1,22.3,
CM_045_OCN-1, 2023-02-10,12:16,12:16,8.29,8.23,8.2,8.24,22.2,
CM_045_OCN-3, 2023-02-10,12:18,12:18,8.23,8.25,8.24,8.24,22.3,
CM_073_OCN-1, 2023-02-16,10:19,10:20,8.61,8.64,8.64,8.63,22.6,
CM_073_OCN-2, 2023-02-16,10:21,10:21,8.85,8.83,8.83,8.84,22.5,
CM_073_OCN-3, 2023-02-16,10:23,10:23,8.79,8.79,8.77,8.78,22.5,
CM_079_OCN-2, 2023-02-16,10:36,10:37,6.09,6.02,6,6.04,22.7,
CM_079_OCN-3, 2023-02-16,10:37,10:37,6.18,6.16,6.17,6.17,22.6,
CM_079_OCN-1, 2023-02-16,10:39,10:40,6.09,6.07,6.07,6.08,22.6,
CM_073_OCN-1, 2023-02-16,10:24,10:25,8.45,8.45,8.43,8.44,22.5,
CM_073_OCN-2, 2023-02-16,10:26,10:26,8.85,8.79,8.81,8.82,22.5,
CM_073_OCN-3, 2023-02-16,10:28,10:28,8.66,8.65,8.64,8.65,22.6,
CM_079_OCN-2, 2023-02-16,10:41,10:41,4.01,4.12,4.2,4.11,22.6,
CM_079_OCN-3, 2023-02-16,10:42,10:42,3.95,4.04,4.12,4.04,22.6,
CM_079_OCN-1, 2023-02-16,10:44,10:44,4.84,4.78,4.74,4.79,22.6,
CM_073_OCN-1, 2023-02-16,10:30,10:31,8.25,8.24,8.23,8.24,22.6,
CM_073_OCN-2, 2023-02-16,10:31,10:32,8.61,8.56,8.6,8.59,22.6,
CM_073_OCN-3, 2023-02-16,10:33,10:33,8.5,8.48,8.46,8.48,22.6,
CM_073_OCN-1, 2023-02-16,10:34,10:34,8.15,8.16,8.14,8.15,22.5,
CM_073_OCN-2, 2023-02-16,10:37,10:38,8.37,8.35,8.33,8.35,22.7,
CM_073_OCN-3, 2023-02-16,10:38,10:39,8.47,8.48,8.47,8.47,22.5,
CM_073_OCN-1, 2023-02-16,10:49,10:50,7.72,7.74,7.72,7.73,22.5,
CM_073_OCN-2, 2023-02-16,10:51,10:51,8.1,8.11,8.12,8.11,22.5,
CM_073_OCN-3, 2023-02-16,10:53,10:53,8.09,8.08,8.07,8.08,22.6,
CM_073_OCN-1, 2023-02-16,11:19,11:19,7.13,7.14,7.15,7.14,22.5,
CM_073_OCN-2, 2023-02-16,11:21,11:21,7.39,7.4,7.4,7.4,22.5,
CM_073_OCN-3, 2023-02-16,11:23,11:23,7.48,7.51,7.49,7.49,22.6,
CM_073_OCN-1, 2023-02-16,11:49,11:50,6.79,6.76,6.75,6.77,22.4,
CM_073_OCN-2, 2023-02-16,11:51,11:51,7.01,6.99,7,7,22.5,
CM_073_OCN-3, 2023-02-16,11:53,11:53,7.07,7.08,7.08,7.08,22.5,
CM_073_OCN-1, 2023-02-16,12:19,12:20,6.2,6.21,6.23,6.21,22.5,
CM_073_OCN-2, 2023-02-16,12:21,12:21,6.45,6.44,6.46,6.45,22.6,
CM_073_OCN-3, 2023-02-16,12:23,12:23,6.61,6.61,6.61,6.61,22.5,
STD 0% DO, 2023-02-23,10:06,10:06,0,0,0,0,22.5,
STD 100% DO, 2023-02-23,10:06,10:07,8.28,8.29,8.29,8.29,22.7,
CM_077_OCN-1, 2023-02-23,10:14,10:14,8.74,8.71,8.72,8.72,22.6,Had to be re-done because of a bubble
CM_077_OCN-3, 2023-02-23,10:15,10:16,8.52,8.51,8.57,8.53,22.5,Had to be re-done because of a bubble
CM_077_OCN-2, 2023-02-23,10:17,10:17,8.44,8.47,8.46,8.46,22.5,
CM_077_OCN-1, 2023-02-23,10:19,10:19,8.49,8.5,8.49,8.49,22.6,
CM_077_OCN-3, 2023-02-23,10:20,10:21,8.32,8.3,8.34,8.32,22.5,
CM_077_OCN-2, 2023-02-23,10:22,10:22,8.4,8.41,8.41,8.41,22.6,
CM_077_OCN-1, 2023-02-23,10:24,10:24,8.3,8.3,8.29,8.3,22.6,
CM_077_OCN-3, 2023-02-23,10:25,10:26,8.06,8.09,8.07,8.07,22.6,
CM_077_OCN-2, 2023-02-23,10:27,10:27,8.22,8.22,8.22,8.22,22.6,
CM_077_OCN-1, 2023-02-23,10:29,10:30,8.1,8.1,8.12,8.11,22.6,
CM_077_OCN-3, 2023-02-23,10:30,10:30,7.93,7.9,7.91,7.91,22.5,
CM_077_OCN-2, 2023-02-23,10:32,10:32,7.99,7.99,7.95,7.98,22.8,
CM_077_OCN-1, 2023-02-23,10:44,10:44,7.5,7.51,7.49,7.5,22.8,
CM_077_OCN-3, 2023-02-23,10:45,10:46,7.33,7.34,7.34,7.34,22.5,
CM_077_OCN-2, 2023-02-23,10:47,10:47,7.44,7.46,7.46,7.45,22.6,
CM_077_OCN-1, 2023-02-23,11:14,11:15,6.42,6.44,6.44,6.43,22.7,
CM_077_OCN-3, 2023-02-23,11:15,11:16,6.37,6.37,6.39,6.38,22.6,
CM_077_OCN-2, 2023-02-23,11:17,11:18,6.48,6.48,6.48,6.48,22.7,
CM_077_OCN-1, 2023-02-23,11:44,11:45,5.49,5.5,5.52,5.5,22.5,
CM_077_OCN-3, 2023-02-23,11:45,11:46,5.47,5.47,5.46,5.47,22.6,
CM_077_OCN-2, 2023-02-23,11:47,11:47,5.72,5.72,5.71,5.72,22.6,
CM_077_OCN-1, 2023-02-23,12:14,12:14,4.83,4.83,4.81,4.82,22.6,
CM_077_OCN-3, 2023-02-23,12:15,12:15,4.83,4.81,4.79,4.81,22.5,
CM_077_OCN-2, 2023-02-23,12:17,12:17,5.08,5.06,5.08,5.07,22.6,
STD 0% DO, 2023-03-02,10:35,10:35,0,0,0,0,22.5,
STD 100% DO, 2023-03-02,10:35,10:36,8.03,8.01,8.01,8.02,22.6,
CM_076_OCN-3, 2023-03-02,10:44,10:45,8.42,8.46,8.45,8.44,22.6,Had to be re-done because of a bubble
CM_076_OCN-1, 2023-03-02,10:47,10:47,8.43,8.44,8.46,8.44,22.6,Had to be re-done because of a bubble
CM_078_OCN-2, 2023-03-02,10:50,10:51,5.57,5.54,5.51,5.54,22.6,Half of sediment was spilled while adding water
CM_078_OCN-3, 2023-03-02,10:52,10:53,4.46,4.24,4.06,4.25,22.6,
CM_076_OCN-2, 2023-03-02,10:54,10:54,8.37,8.37,8.35,8.36,22.7,
CM_078_OCN-1, 2023-03-02,10:59,10:59,3.76,3.65,3.65,3.69,22.7,
CM_078_OCN-6, 2023-03-02,11:00,11:00,7.23,7.22,7.2,7.22,22.7,
CM_078_OCN-5, 2023-03-02,11:04,11:04,7.4,7.43,7.42,7.42,22.7,
CM_078_OCN-4, 2023-03-02,11:09,11:09,6.99,7.02,7.01,7.01,22.9,
CM_076_OCN-3, 2023-03-02,10:49,10:50,8.32,8.32,8.32,8.32,22.5,
CM_076_OCN-1, 2023-03-02,10:52,10:53,8,8.02,8.03,8.02,22.7,
CM_078_OCN-2, 2023-03-02,10:55,10:56,3.8,3.7,3.64,3.71,22.6,
CM_076_OCN-2, 2023-03-02,10:59,10:59,8.22,8.18,8.16,8.19,22.6,
CM_078_OCN-6, 2023-03-02,11:05,11:06,6.61,6.52,6.48,6.54,22.6,
CM_078_OCN-5, 2023-03-02,11:09,11:10,6.49,6.44,6.44,6.46,22.7,
CM_078_OCN-4, 2023-03-02,11:14,11:14,5.84,5.85,5.85,5.85,22.7,
CM_076_OCN-3, 2023-03-02,10:54,10:55,7.94,7.95,7.94,7.94,22.7,
CM_076_OCN-1, 2023-03-02,10:57,10:58,7.94,7.93,7.91,7.93,22.7,
CM_076_OCN-2, 2023-03-02,11:04,11:05,7.5,7.48,7.48,7.49,22.8,
CM_078_OCN-6, 2023-03-02,11:10,11:11,4.87,4.88,4.88,4.88,22.7,
CM_078_OCN-5, 2023-03-02,11:14,11:15,5.27,5.25,5.25,5.26,22.6,
CM_078_OCN-4, 2023-03-02,11:19,11:19,5.36,5.32,5.29,5.32,22.8,
CM_076_OCN-3, 2023-03-02,10:59,11:00,7.57,7.58,7.56,7.57,22.8,
CM_076_OCN-1, 2023-03-02,11:02,11:02,7.63,7.63,7.61,7.62,22.7,
CM_076_OCN-2, 2023-03-02,11:09,11:10,7.48,7.48,7.5,7.49,22.6,
CM_078_OCN-5, 2023-03-02,11:19,11:20,4.96,4.92,4.9,4.93,22.6,
CM_078_OCN-4, 2023-03-02,11:24,11:26,4.37,4.4,4.4,4.39,22.7,
CM_076_OCN-3, 2023-03-02,11:14,11:15,6.89,6.89,6.92,6.9,22.7,
CM_076_OCN-1, 2023-03-02,11:17,11:17,6.8,6.82,6.82,6.81,22.7,
CM_076_OCN-2, 2023-03-02,11:24,11:24,6.75,6.76,6.78,6.76,22.6,
CM_076_OCN-3, 2023-03-02,11:44,11:44,5.76,5.78,5.78,5.77,22.7,
CM_076_OCN-1, 2023-03-02,11:47,11:48,5.78,5.78,5.75,5.77,22.7,
CM_076_OCN-2, 2023-03-02,11:54,11:54,5.96,5.94,5.89,5.93,22.7,
CM_076_OCN-3, 2023-03-02,12:14,12:15,4.88,4.87,4.87,4.87,22.8,
CM_076_OCN-1, 2023-03-02,12:17,12:17,4.6,4.61,4.6,4.6,22.9,
CM_076_OCN-2, 2023-03-02,12:24,12:24,4.49,4.5,4.51,4.5,22.7,
STD 0% DO, 2023-03-09,10:37,10:37,0,0,0,0,22.6,
STD 100% DO, 2023-03-09,10:38,10:38,8.05,8.06,8.06,8.06,22.6,
CM_068_OCN-2, 2023-03-09,10:47,10:47,0.44,0.36,0.29,0.36,22.6,
CM_068_OCN-1, 2023-03-09,10:50,10:50,0.03,0.02,0.01,0.02,22.6,Had to be re-done because of a bubble
CM_075_OCN-2, 2023-03-09,10:51,10:51,5.78,5.83,5.85,5.82,22.6,
CM_075_OCN-1, 2023-03-09,10:55,10:55,5.2,5.18,5.15,5.18,22.7,
CM_075_OCN-3, 2023-03-09,11:00,11:00,6.26,6.25,6.22,6.24,22.7,Had to be re-done because of a bubble
CM_068_OCN-3, 2023-03-09,11:03,11:03,0,0,0,0,22.7,
CM_068_OCN-6, 2023-03-09,11:07,11:08,2.79,2.87,2.91,2.86,22.8,
CM_075_OCN-4, 2023-03-09,11:11,11:11,7.52,7.55,7.54,7.54,22.7,
CM_068_OCN-4, 2023-03-09,11:13,11:13,5.74,5.71,5.68,5.71,22.7,
CM_075_OCN-6, 2023-03-09,11:16,11:17,7.73,7.75,7.75,7.74,22.7,
CM_068_OCN-5, 2023-03-09,11:21,11:21,4.59,4.59,4.58,4.59,22.8,Had to be re-done because of a bubble
CM_075_OCN-5, 2023-03-09,11:24,11:24,7.92,7.91,7.92,7.92,22.7,
CM_068_OCN-2, 2023-03-09,10:52,10:52,0,0,0,0,22.7,
CM_068_OCN-1, 2023-03-09,10:55,10:56,0,0,0,0,22.6,
CM_075_OCN-2, 2023-03-09,10:56,10:57,4.51,4.5,4.48,4.5,22.7,
CM_075_OCN-1, 2023-03-09,11:00,11:01,3.96,3.9,3.86,3.91,22.7,
CM_075_OCN-3, 2023-03-09,11:05,11:05,5.28,5.2,5.12,5.2,22.5,
CM_068_OCN-3, 2023-03-09,11:08,11:09,0,0,0,0,22.7,
CM_068_OCN-6, 2023-03-09,11:12,11:12,1.15,1.13,1.12,1.13,22.7,
CM_075_OCN-4, 2023-03-09,11:16,11:16,7.39,7.36,7.38,7.38,22.7,
CM_068_OCN-4, 2023-03-09,11:18,11:19,4.45,4.39,4.29,4.38,22.8,
CM_075_OCN-6, 2023-03-09,11:21,11:22,7.42,7.44,7.45,7.44,22.8,
CM_068_OCN-5, 2023-03-09,11:26,11:27,2.8,2.83,2.85,2.83,22.8,
CM_075_OCN-5, 2023-03-09,11:29,11:30,7.65,7.65,7.64,7.65,22.8,
CM_075_OCN-3, 2023-03-09,11:10,11:11,3.59,3.62,3.63,3.61,22.7,
CM_075_OCN-4, 2023-03-09,11:21,11:22,7.17,7.2,7.2,7.19,22.8,
CM_075_OCN-6, 2023-03-09,11:26,11:27,7.3,7.33,7.32,7.32,22.8,
CM_075_OCN-5, 2023-03-09,11:34,11:35,7.45,7.45,7.49,7.46,22.9,
CM_075_OCN-4, 2023-03-09,11:26,11:27,7.1,7.12,7.12,7.11,22.8,
CM_075_OCN-6, 2023-03-09,11:31,11:32,7.25,7.28,7.28,7.27,22.8,
CM_075_OCN-5, 2023-03-09,11:39,11:40,7.48,7.49,7.5,7.49,22.8,
CM_075_OCN-4, 2023-03-09,11:41,11:42,7.05,7.04,7.05,7.05,22.9,
CM_075_OCN-6, 2023-03-09,11:46,11:47,6.66,6.73,6.76,6.72,22.9,
CM_075_OCN-5, 2023-03-09,11:54,11:55,7.39,7.4,7.4,7.4,22.9,
CM_075_OCN-4, 2023-03-09,12:11,12:11,6.87,6.87,6.88,6.87,22.7,
CM_075_OCN-6, 2023-03-09,12:16,12:16,6.71,6.72,6.7,6.71,22.8,
CM_075_OCN-5, 2023-03-09,12:24,12:25,7.19,7.19,7.2,7.19,22.7,
STD 0% DO, 2023-03-16,9:30,9:30,0,0,0,0,22.6,
STD 100% DO, 2023-03-16,9:28,9:29,8.12,8.12,8.16,8.13,22.7,
CM_085_OCN-2, 2023-03-16,9:37,9:38,9.62,9.65,9.77,9.68,22.5,this vial hard to get in/out of sample holder - sharp decline in O2 at 15 minutes results of difference in placement?
CM_084_OCN-3, 2023-03-16,9:38,9:39,8.52,8.5,8.53,8.52,22.6,
CM_085_OCN-3, 2023-03-16,9:41,9:41,7.69,7.73,7.73,7.72,22.5,
CM_084_OCN-2, 2023-03-16,9:48,9:49,8.36,8.4,8.38,8.38,22.5,
CM_084_OCN-1, 2023-03-16,9:50,9:50,8.24,8.27,8.29,8.27,22.6,
CM_085_OCN-1, 2023-03-16,9:52,9:52,7.44,7.41,7.4,7.42,22.6,
CM_085_OCN-2, 2023-03-16,9:42,9:43,8.71,8.56,8.63,8.63,22.6,
CM_084_OCN-3, 2023-03-16,9:43,9:44,8.32,8.29,8.31,8.31,22.6,
CM_085_OCN-3, 2023-03-16,9:46,9:46,7.19,7.16,7.12,7.16,22.6,
CM_084_OCN-2, 2023-03-16,9:53,9:54,8.16,8.15,8.14,8.15,22.6,
CM_084_OCN-1, 2023-03-16,9:55,9:55,8.17,8.17,8.18,8.17,22.6,
CM_085_OCN-1, 2023-03-16,9:58,9:58,6.45,6.49,6.5,6.48,22.6,
CM_085_OCN-2, 2023-03-16,9:48,9:48,7.8,7.96,7.78,7.85,22.7,
CM_084_OCN-3, 2023-03-16,9:49,9:50,7.97,7.96,7.93,7.95,22.7,
CM_085_OCN-3, 2023-03-16,9:51,9:51,6.7,6.67,6.65,6.67,22.6,
CM_084_OCN-2, 2023-03-16,9:58,9:59,7.8,7.8,7.81,7.8,22.6,
CM_084_OCN-1, 2023-03-16,10:00,10:00,8,7.92,7.95,7.96,22.6,
CM_085_OCN-1, 2023-03-16,10:03,10:03,6.1,6.08,6.05,6.08,22.6,
CM_085_OCN-2, 2023-03-16,9:56,9:56,4.46,4.45,4.47,4.46,22.6,
CM_084_OCN-3, 2023-03-16,9:56,9:56,7.71,7.7,7.68,7.7,22.6,
CM_085_OCN-3, 2023-03-16,9:57,9:57,6.09,6.1,6.07,6.09,22.6,
CM_084_OCN-2, 2023-03-16,10:03,10:04,7.22,7.24,7.23,7.23,22.6,
CM_084_OCN-1, 2023-03-16,10:05,10:05,7.82,7.81,7.81,7.81,22.6,
CM_085_OCN-1, 2023-03-16,10:08,10:08,5.67,5.65,5.62,5.65,22.6,
CM_084_OCN-3, 2023-03-16,10:11,10:11,6.28,6.34,6.37,6.33,22.6,
CM_085_OCN-3, 2023-03-16,10:12,10:12,5.13,5.14,5.14,5.14,22.5,
CM_084_OCN-2, 2023-03-16,10:18,10:18,6.77,6.76,6.74,6.76,22.6,
CM_084_OCN-1, 2023-03-16,10:20,10:20,6.71,6.75,6.77,6.74,22.7,
CM_085_OCN-1, 2023-03-16,10:23,10:23,4.15,4.16,4.17,4.16,22.7,
CM_084_OCN-3, 2023-03-16,10:41,10:42,5.14,5.16,5.2,5.17,22.7,
CM_085_OCN-3, 2023-03-16,10:42,10:43,3.58,3.6,3.63,3.6,22.7,
CM_084_OCN-2, 2023-03-16,10:48,10:48,5.08,5.1,5.15,5.11,22.7,
CM_084_OCN-1, 2023-03-16,10:50,10:50,5.16,5.21,5.25,5.21,22.8,
CM_084_OCN-3, 2023-03-16,11:11,11:11,4.51,4.47,4.44,4.47,22.6,
CM_084_OCN-2, 2023-03-16,11:18,11:18,4.17,4.18,4.2,4.18,22.5,
CM_084_OCN-1, 2023-03-16,11:20,11:20,4.81,4.8,4.79,4.8,22.5,
STD 0% DO, 2023-03-23,9:38,9:38,0,0,0,0,22.6,
STD 100% DO, 2023-03-23,9:38,9:38,8.09,8.06,8.06,8.07,22.7,
CM_052_OCN-2, 2023-03-23,9:46,9:46,8.88,8.91,8.97,8.92,22.7,
CM_080_OCN-3, 2023-03-23,9:46,9:47,0.94,0.83,0.72,0.83,22.7,
CM_080_OCN-2, 2023-03-23,9:48,9:49,0.33,0.29,0.25,0.29,22.7,
CM_080_OCN-1, 2023-03-23,9:49,9:49,0.65,0.62,0.57,0.61,22.7,
CM_052_OCN-1, 2023-03-23,9:57,9:57,8.78,8.77,8.77,8.77,22.7,
CM_052_OCN-3, 2023-03-23,9:58,9:58,8.68,8.7,8.65,8.68,22.9,
CM_080_OCN-6, 2023-03-23,9:59,10:00,6.26,6.24,6.24,6.25,22.9,
CM_080_OCN-5, 2023-03-23,10:06,10:06,6.62,6.63,6.59,6.61,22.9,
CM_080_OCN-4, 2023-03-23,10:08,10:09,6.58,6.57,6.55,6.57,22.8,
CM_052_OCN-2, 2023-03-23,9:51,9:51,8.93,8.94,8.9,8.92,22.8,
CM_080_OCN-3, 2023-03-23,9:51,9:52,0,0,0,0,22.7,
CM_080_OCN-2, 2023-03-23,9:53,9:53,0.01,0.01,0.01,0.01,22.6,
CM_080_OCN-1, 2023-03-23,9:54,9:55,0.12,0.11,0.09,0.11,22.7,
CM_052_OCN-1, 2023-03-23,10:02,10:03,8.69,8.66,8.67,8.67,22.7,
CM_052_OCN-3, 2023-03-23,10:03,10:03,8.57,8.54,8.58,8.56,22.7,
CM_080_OCN-6, 2023-03-23,10:04,10:04,5.63,5.64,5.64,5.64,22.7,
CM_080_OCN-5, 2023-03-23,10:11,10:12,5.24,5.27,5.28,5.26,22.9,
CM_080_OCN-4, 2023-03-23,10:13,10:14,6.01,5.95,5.89,5.95,22.9,
CM_052_OCN-2, 2023-03-23,9:56,9:56,8.65,8.66,8.64,8.65,22.8,
CM_052_OCN-1, 2023-03-23,10:07,10:07,8.32,8.37,8.35,8.35,22.9,
CM_052_OCN-3, 2023-03-23,10:08,10:08,8.5,8.49,8.47,8.49,22.9,
CM_080_OCN-6, 2023-03-23,10:09,10:10,5.14,5.11,5.08,5.11,22.7,
CM_080_OCN-5, 2023-03-23,10:16,10:17,4.51,4.51,4.51,4.51,22.7,
CM_080_OCN-4, 2023-03-23,10:18,10:19,4.92,4.92,4.9,4.91,22.7,
CM_052_OCN-2, 2023-03-23,10:01,10:02,8.55,8.58,8.56,8.56,22.7,
CM_052_OCN-1, 2023-03-23,10:12,10:12,8.25,8.28,8.27,8.27,22.8,
CM_052_OCN-3, 2023-03-23,10:13,10:13,8.35,8.34,8.33,8.34,22.9,
CM_080_OCN-6, 2023-03-23,10:14,10:15,4.3,4.3,4.3,4.3,22.9,
CM_052_OCN-2, 2023-03-23,10:16,10:16,8.07,8.08,8.09,8.08,22.9,
CM_052_OCN-1, 2023-03-23,10:27,10:27,8.01,8,8.01,8.01,22.9,
CM_052_OCN-3, 2023-03-23,10:28,10:28,8.09,8.04,8.05,8.06,22.9,
CM_052_OCN-2, 2023-03-23,10:46,10:46,7.46,7.46,7.49,7.47,22.6,
CM_052_OCN-1, 2023-03-23,10:57,10:58,6.66,6.7,6.74,6.7,22.7,
CM_052_OCN-3, 2023-03-23,10:58,10:59,7.16,7.17,7.22,7.18,22.8,
CM_052_OCN-2, 2023-03-23,11:16,11:17,6.98,6.99,6.98,6.98,22.7,
CM_052_OCN-1, 2023-03-23,11:27,11:28,6.54,6.5,6.5,6.51,22.6,
CM_052_OCN-3, 2023-03-23,11:28,11:29,6.87,6.84,6.74,6.82,22.7,
CM_052_OCN-2, 2023-03-23,11:46,11:47,6.33,6.36,6.37,6.35,22.7,
CM_052_OCN-1, 2023-03-23,11:57,11:58,5.85,5.85,5.83,5.84,22.7,
CM_052_OCN-3, 2023-03-23,11:58,11:59,5.9,5.88,5.9,5.89,22.8,
STD 0% DO, 2023-04-06,8:20,8:20,0,0,0,0,21.2,
STD 100% DO, 2023-04-06,8:21,8:21,8.7,8.68,8.66,8.68,21.4,
CM_071_OCN-3, 2023-04-06,8:30,8:31,0.02,0.03,0.03,0.03,21.7,
CM_046_OCN-1, 2023-04-06,8:32,8:33,9.48,9.48,9.49,9.48,21.4,
CM_046_OCN-2, 2023-04-06,8:35,8:35,9.32,9.28,9.31,9.3,21.6,
CM_071_OCN-5, 2023-04-06,8:43,8:43,7.06,7.03,7,7.03,21.4,
CM_058_OCN-3, 2023-04-06,8:45,8:45,8.71,8.7,8.69,8.7,21.4,
CM_071_OCN-4, 2023-04-06,9:01,9:01,7.95,7.94,7.82,7.9,21.4,
CM_071_OCN-3, 2023-04-06,8:35,8:36,0.04,0.02,0.02,0.03,21.4,
CM_046_OCN-1, 2023-04-06,8:37,8:37,9.17,9.14,9.14,9.15,21.4,
CM_046_OCN-2, 2023-04-06,8:40,8:40,9.19,9.19,9.23,9.2,21.4,
CM_071_OCN-5, 2023-04-06,8:48,8:49,4.61,4.93,4.92,4.82,21.4,
CM_058_OCN-3, 2023-04-06,8:51,8:52,8.68,8.68,8.71,8.69,21.3,
CM_071_OCN-4, 2023-04-06,9:06,9:06,7.27,7.23,7.17,7.22,21.2,
CM_046_OCN-1, 2023-04-06,8:42,8:43,8.92,8.89,8.89,8.9,21.4,
CM_046_OCN-2, 2023-04-06,8:46,8:47,8.9,8.95,8.96,8.94,21.4,
CM_058_OCN-3, 2023-04-06,8:56,8:57,8.7,8.69,8.7,8.7,21.4,
CM_071_OCN-4, 2023-04-06,9:11,9:11,6.2,6.16,6.09,6.15,21.3,
CM_046_OCN-1, 2023-04-06,8:47,8:48,8.54,8.56,8.58,8.56,21.4,
CM_046_OCN-2, 2023-04-06,8:53,8:54,8.54,8.52,8.53,8.53,21.4,
CM_058_OCN-3, 2023-04-06,9:01,9:02,8.68,8.7,8.71,8.7,21.3,
CM_071_OCN-4, 2023-04-06,9:16,9:17,5.39,5.32,5.27,5.33,21.3,
CM_046_OCN-1, 2023-04-06,9:02,9:03,7.95,7.86,7.9,7.9,21.3,
CM_046_OCN-2, 2023-04-06,9:08,9:09,7.91,7.92,7.89,7.91,21.2,
CM_058_OCN-3, 2023-04-06,9:16,9:17,8.68,8.62,8.64,8.65,21.2,
CM_071_OCN-4, 2023-04-06,9:29,9:29,4.04,4.03,3.99,4.02,21.1,
CM_046_OCN-1, 2023-04-06,9:32,9:30,6.36,6.4,6.44,6.4,21.2,
CM_046_OCN-2, 2023-04-06,9:38,9:39,6.44,6.45,6.43,6.44,21.2,
CM_058_OCN-3, 2023-04-06,9:46,9:47,8.52,8.49,8.49,8.5,21.2,
CM_046_OCN-1, 2023-04-06,10:02,10:02,5.37,5.32,5.31,5.33,21.2,
CM_046_OCN-2, 2023-04-06,10:08,10:09,5.26,5.23,5.21,5.23,21.2,
CM_058_OCN-3, 2023-04-06,10:16,10:16,8.4,8.41,8.4,8.4,21.2,
CM_046_OCN-1, 2023-04-06,10:32,10:32,4.25,4.2,4.16,4.2,21.1,
CM_046_OCN-2, 2023-04-06,10:38,10:40,4.21,4.2,4.19,4.2,21.2,
CM_058_OCN-3, 2023-04-06,10:46,10:47,8.27,8.25,8.26,8.26,21.2,
STD 0% DO, 2023-04-06,9:43,9:44,0,0,0,0,21.5,
STD 100% DO, 2023-04-06,9:44,9:44,8.57,8.55,8.55,8.56,21.4,
CM_058_OCN-1, 2023-04-06,9:57,9:58,8.55,8.58,8.55,8.56,21.8,
CM_071_OCN-1, 2023-04-06,10:00,10:00,0.01,0.01,0.01,0.01,21.7,
CM_046_OCN-3, 2023-04-06,10:01,10:01,8.76,8.8,8.79,8.78,21.8,
CM_071_OCN-6, 2023-04-06,10:12,10:12,6.51,6.5,6.49,6.5,21.8,
CM_058_OCN-2, 2023-04-06,10:12,10:13,8.74,8.73,8.74,8.74,21.8,
CM_071_OCN-2, 2023-04-06,10:27,10:28,0.03,0.03,0.03,0.03,21.7,
CM_058_OCN-1, 2023-04-06,10:02,10:03,8.62,8.63,8.62,8.62,21.7,
CM_071_OCN-1, 2023-04-06,10:05,10:05,0.02,0.02,0.02,0.02,21.7,
CM_046_OCN-3, 2023-04-06,10:06,10:07,8.66,8.67,8.67,8.67,21.7,
CM_071_OCN-6, 2023-04-06,10:17,10:17,5.36,5.35,5.34,5.35,21.7,
CM_058_OCN-2, 2023-04-06,10:17,10:18,8.75,8.75,8.72,8.74,21.8,
CM_071_OCN-2, 2023-04-06,10:32,10:32,0.03,0.03,0.03,0.03,21.8,
CM_058_OCN-1, 2023-04-06,10:07,10:08,8.56,8.57,8.57,8.57,21.8,
CM_046_OCN-3, 2023-04-06,10:11,10:11,8.33,8.35,8.35,8.34,21.8,
CM_071_OCN-6, 2023-04-06,10:22,10:22,4.46,4.46,4.42,4.45,21.8,
CM_058_OCN-2, 2023-04-06,10:22,10:23,8.69,8.71,8.73,8.71,21.7,
CM_058_OCN-1, 2023-04-06,10:12,10:14,8.56,8.57,8.56,8.56,21.7,
CM_046_OCN-3, 2023-04-06,10:16,10:17,8.16,8.16,8.13,8.15,21.8,
CM_058_OCN-2, 2023-04-06,10:27,10:28,8.76,8.76,8.76,8.76,21.6,
CM_058_OCN-1, 2023-04-06,10:27,10:28,8.43,8.41,8.41,8.42,21.8,
CM_046_OCN-3, 2023-04-06,10:31,10:31,7.68,7.65,7.61,7.65,21.7,
CM_058_OCN-2, 2023-04-06,10:42,10:43,8.78,8.78,8.77,8.78,21.8,
CM_058_OCN-1, 2023-04-06,10:57,10:57,8.35,8.33,8.33,8.34,21.6,
CM_046_OCN-3, 2023-04-06,11:01,11:01,6.11,6.11,6.11,6.11,21.7,
CM_058_OCN-2, 2023-04-06,11:12,11:13,8.64,8.61,8.62,8.62,21.6,
CM_058_OCN-1, 2023-04-06,11:27,11:27,8.33,8.32,8.31,8.32,21.5,
CM_046_OCN-3, 2023-04-06,11:31,11:32,4.86,4.85,4.85,4.85,21.6,
CM_058_OCN-2, 2023-04-06,11:42,11:43,8.54,8.55,8.55,8.55,21.5,
CM_058_OCN-1, 2023-04-06,11:57,11:58,8.19,8.18,8.17,8.18,21.7,
CM_058_OCN-2, 2023-04-06,12:12,12:12,8.36,8.39,8.39,8.38,21.5,
STD 0% DO, 2023-04-13,10:07,10:08,0,0,0,0,21.5,
STD 100% DO, 2023-04-13,10:08,10:08,8.49,8.48,8.48,8.48,21.6,
CM_088_OCN-2, 2023-04-13,10:08,10:09,8.55,8.58,8.58,8.57,21.5,
CM_088_OCN-3, 2023-04-13,10:10,10:10,8.42,8.42,8.48,8.44,21.4,
CM_088_OCN-1, 2023-04-13,10:13,10:13,8.74,8.79,8.78,8.77,21.4,
CM_088_OCN-2, 2023-04-13,10:13,10:14,7.88,7.88,7.92,7.89,21.6,
CM_088_OCN-3, 2023-04-13,10:15,10:15,7.72,7.76,7.78,7.75,21.6,
CM_088_OCN-1, 2023-04-13,10:18,10:18,8.13,8.19,8.2,8.17,21.5,
CM_088_OCN-2, 2023-04-13,10:18,10:19,7.27,7.25,7.27,7.26,21.6,
CM_088_OCN-3, 2023-04-13,10:20,10:20,7.14,7.16,7.17,7.16,21.6,
CM_088_OCN-1, 2023-04-13,10:23,10:23,7.95,7.92,7.88,7.92,21.7,
CM_088_OCN-2, 2023-04-13,10:23,10:24,6.98,6.98,6.99,6.98,21.5,
CM_088_OCN-3, 2023-04-13,10:25,10:26,6.78,6.8,6.8,6.79,21.6,
CM_088_OCN-1, 2023-04-13,10:28,10:28,7.34,7.35,7.33,7.34,21.6,
CM_088_OCN-2, 2023-04-13,10:38,10:39,5.56,5.55,5.55,5.55,21.6,
CM_088_OCN-3, 2023-04-13,10:40,10:41,5.56,5.55,5.54,5.55,21.5,
CM_088_OCN-1, 2023-04-13,10:43,10:43,6.84,6.77,6.7,6.77,21.6,
CM_088_OCN-2, 2023-04-13,11:08,11:09,3.49,3.45,3.41,3.45,21.5,
CM_088_OCN-3, 2023-04-13,11:10,11:10,4.15,3.96,3.8,3.97,21.6,
CM_088_OCN-1, 2023-04-13,11:13,11:13,4.88,4.84,4.87,4.86,21.4,
STD 0% DO, 2023-04-20,9:52,9:52,0,0,0.01,0,21.6,
STD 100% DO, 2023-04-20,9:52,9:53,8.44,8.46,8.46,8.45,21.7,
CM_009_OCN-2, 2023-04-20,10:03,10:03,8.53,8.53,8.54,8.53,21.7,
CM_009_OCN-3, 2023-04-20,10:05,10:05,8.25,8.27,8.31,8.28,21.8,
CM_009_OCN-1, 2023-04-20,10:07,10:07,8.96,8.96,8.91,8.94,21.8,
CM_009_OCN-2, 2023-04-20,10:08,10:09,8.12,8.08,8.06,8.09,21.8,
CM_009_OCN-3, 2023-04-20,10:10,10:11,7.91,7.92,7.91,7.91,21.7,
CM_009_OCN-1, 2023-04-20,10:12,10:13,8.72,8.66,8.64,8.67,21.7,
CM_009_OCN-2, 2023-04-20,10:13,10:14,7.69,7.65,7.65,7.66,21.7,
CM_009_OCN-3, 2023-04-20,10:15,10:15,7.7,7.68,7.65,7.68,21.6,
CM_009_OCN-1, 2023-04-20,10:17,10:18,8.02,8.02,8.05,8.03,21.8,
CM_009_OCN-2, 2023-04-20,10:18,10:19,7.32,7.29,7.29,7.3,21.7,
CM_009_OCN-3, 2023-04-20,10:20,10:21,7.09,7.09,7.08,7.09,21.8,
CM_009_OCN-1, 2023-04-20,10:22,10:24,7.89,7.86,7.86,7.87,21.8,
CM_009_OCN-2, 2023-04-20,10:33,10:34,6.43,6.36,6.33,6.37,21.8,
CM_009_OCN-3, 2023-04-20,10:35,10:36,6.35,6.29,6.29,6.31,21.7,
CM_009_OCN-1, 2023-04-20,10:37,10:38,6.61,6.61,6.59,6.6,21.9,
CM_009_OCN-2, 2023-04-20,11:03,11:04,5.1,5.08,5.06,5.08,21.6,
CM_009_OCN-3, 2023-04-20,11:05,11:06,4.56,4.57,4.57,4.57,21.7,
CM_009_OCN-1, 2023-04-20,11:07,11:08,5.33,5.33,5.32,5.33,21.6,
CM_009_OCN-2, 2023-04-20,11:33,11:33,4.22,4.18,4.17,4.19,21.6,
CM_009_OCN-1, 2023-04-20,11:37,11:37,4.6,4.57,4.56,4.58,21.7,
STD 0% DO, 2023-04-27,9:26,9:27,0.01,0.01,0.01,0.01,21.6,
STD 100% DO, 2023-04-27,9:27,9:27,8.57,8.56,8.56,8.56,21.5,
CM_082_OCN-1, 2023-04-27,9:36,9:36,6.39,6.33,6.24,6.32,21.8,
CM_081_OCN-1, 2023-04-27,9:38,9:39,6.73,6.75,6.71,6.73,21.8,
CM_082_OCN-3, 2023-04-27,9:44,9:44,5.5,5.47,5.45,5.47,21.7,
CM_081_OCN-2, 2023-04-27,9:46,9:46,7.51,7.48,7.47,7.49,21.6,
CM_082_OCN-2, 2023-04-27,9:48,9:48,5.87,5.82,5.82,5.84,21.6,
CM_081_OCN-3, 2023-04-27,9:57,9:57,7.96,7.97,7.99,7.97,21.6,Spilled some sediment
CM_082_OCN-6, 2023-04-27,10:05,10:05,9.29,9.31,9.28,9.29,21.7,
CM_082_OCN-4, 2023-04-27,10:06,10:07,8.18,8.2,8.17,8.18,21.7,
CM_082_OCN-5, 2023-04-27,10:09,10:09,8.53,8.55,8.58,8.55,21.8,
CM_082_OCN-1, 2023-04-27,9:41,9:43,3.45,3.44,3.43,3.44,21.7,
CM_081_OCN-1, 2023-04-27,9:43,9:43,6.23,6.2,6.15,6.19,21.6,
CM_081_OCN-2, 2023-04-27,9:51,9:52,6.46,6.49,6.48,6.48,21.7,
CM_082_OCN-2, 2023-04-27,9:53,9:53,3.59,3.59,3.6,3.59,21.7,
CM_082_OCN-3, 2023-04-27,9:49,9:51,3.35,3.32,3.3,3.32,21.7,
CM_081_OCN-3, 2023-04-27,10:02,10:02,7.58,7.61,7.57,7.59,21.6,
CM_082_OCN-6, 2023-04-27,10:10,10:10,8.65,8.66,8.67,8.66,21.6,
CM_082_OCN-4, 2023-04-27,10:11,10:11,7.96,7.92,7.93,7.94,21.7,
CM_082_OCN-5, 2023-04-27,10:14,10:15,8.43,8.37,8.34,8.38,21.7,
CM_081_OCN-1, 2023-04-27,9:48,9:48,5.54,5.48,5.45,5.49,21.7,
CM_081_OCN-2, 2023-04-27,9:56,9:56,5.88,5.89,5.9,5.89,21.8,
CM_081_OCN-3, 2023-04-27,10:07,10:08,7.15,7.14,7.14,7.14,21.6,
CM_082_OCN-6, 2023-04-27,10:15,10:16,8.47,8.48,8.48,8.48,21.6,
CM_082_OCN-4, 2023-04-27,10:16,10:18,7.67,7.63,7.61,7.64,21.7,
CM_082_OCN-5, 2023-04-27,10:19,10:02,8.21,8.24,8.24,8.23,21.7,
CM_081_OCN-1, 2023-04-27,9:53,9:54,4.65,4.64,4.65,4.65,21.6,
CM_081_OCN-2, 2023-04-27,10:01,10:02,5.58,5.57,5.57,5.57,21.7,
CM_081_OCN-3, 2023-04-27,10:12,10:13,6.22,6.25,6.28,6.25,21.7,
CM_082_OCN-6, 2023-04-27,10:20,10:20,8.32,8.32,8.31,8.32,21.7,
CM_082_OCN-4, 2023-04-27,10:21,10:21,7.26,7.27,7.25,7.26,21.5,
CM_082_OCN-5, 2023-04-27,10:24,10:24,7.78,7.8,7.8,7.79,21.6,
CM_081_OCN-2, 2023-04-27,10:16,10:17,4.43,4.42,4.42,4.42,21.6,
CM_081_OCN-3, 2023-04-27,10:27,10:28,6.12,6.11,6.11,6.11,21.5,
CM_082_OCN-6, 2023-04-27,10:35,10:36,8.03,8.06,8.06,8.05,21.6,
CM_082_OCN-4, 2023-04-27,10:36,10:37,6.7,6.73,6.72,6.72,21.7,
CM_082_OCN-5, 2023-04-27,10:39,10:40,7.29,7.32,7.32,7.31,21.7,
CM_081_OCN-3, 2023-04-27,10:57,10:57,5.27,5.25,5.26,5.26,21.6,
CM_082_OCN-6, 2023-04-27,11:05,11:05,7.6,7.61,7.54,7.58,21.6,
CM_082_OCN-4, 2023-04-27,11:06,11:06,6.26,6.24,6.27,6.26,21.6,
CM_082_OCN-5, 2023-04-27,11:09,11:09,6.91,6.89,6.91,6.9,21.6,
CM_081_OCN-3, 2023-04-27,11:27,11:27,4.64,4.59,4.57,4.6,21.6,
CM_082_OCN-6, 2023-04-27,11:35,11:36,7.18,7.15,7.15,7.16,21.6,
CM_082_OCN-4, 2023-04-27,11:36,11:37,5.75,5.74,5.73,5.74,21.5,
CM_082_OCN-5, 2023-04-27,11:39,11:39,6.77,6.76,6.76,6.76,21.6,
CM_082_OCN-6, 2023-04-27,12:05,12:06,6.9,6.84,6.82,6.85,21.6,
CM_082_OCN-4, 2023-04-27,12:06,12:07,5.3,5.3,5.28,5.29,21.5,
CM_082_OCN-5, 2023-04-27,12:09,12:10,6.37,6.37,6.39,6.38,21.6,
