#Columns,19,,,,,,,,,,,,,,,,,,
#Header_Rows,12,,,,,,,,,,,,,,,,,,
Field_Name,Sample_Name,IGSN,Material,Mean_NH4_mg_per_L_as_NH4,Mean_71870_Br_mg_per_L,Mean_00915_Ca_mg_per_L,Mean_00940_Cl_mg_per_L,Mean_00950_F_mg_per_L,Mean_01130_Li_mg_per_L,Mean_00925_Mg_mg_per_L,Mean_71851_NO3_mg_per_L_as_NO3,Mean_71856_NO2_mg_per_L_as_NO2,Mean_00653_PO4_mg_per_L_as_PO4,Mean_00935_K_mg_per_L,Mean_00930_Na_mg_per_L,Mean_00945_SO4_mg_per_L_as_SO4,Mean_00681_NPOC_mg_per_L_as_C,Mean_00602_TN_mg_per_L_as_N,Mean_Missing_Reps
Unit,N/A,N/A,N/A,milligrams_per_liter,milligrams_per_liter,milligrams_per_liter,milligrams_per_liter,milligrams_per_liter,milligrams_per_liter,milligrams_per_liter,milligrams_per_liter,milligrams_per_liter,milligrams_per_liter,milligrams_per_liter,milligrams_per_liter,milligrams_per_liter,milligrams_per_liter,milligrams_per_liter,N/A
Unit_Basis,N/A,N/A,N/A,as_Ammonium,as_Bromide,as_Calcium,as_Chloride,as_Fluoride,as_Lithium,as_Magnesium,as_Nitrate,as_Nitrite,as_Phosphate,as_Potassium,as_Sodium,as_Sulfate,as_dissolvable_Carbon,as_dissolvable_Nitrogen,N/A
MethodID_Analysis,N/A,N/A,N/A,ION_T_AN_005,ION_T_AN_005,ION_T_AN_005,ION_T_AN_005,ION_T_AN_005,ION_T_AN_005,ION_T_AN_005,ION_T_AN_005,ION_T_AN_005,ION_T_AN_005,ION_T_AN_005,ION_T_AN_005,ION_T_AN_005,NPOC_T_AN_005,TN_T_AN_005,N/A
MethodID_Inspection,N/A,N/A,N/A,ION_T_IN_005,ION_T_IN_005,ION_T_IN_005,ION_T_IN_005,ION_T_IN_005,ION_T_IN_005,ION_T_IN_005,ION_T_IN_005,ION_T_IN_005,ION_T_IN_005,ION_T_IN_005,ION_T_IN_005,ION_T_IN_005,NPOC_T_IN_005,TN_T_IN_005,N/A
MethodID_Storage,N/A,N/A,N/A,ION_T_ST_005,ION_T_ST_005,ION_T_ST_005,ION_T_ST_005,ION_T_ST_005,ION_T_ST_005,ION_T_ST_005,ION_T_ST_005,ION_T_ST_005,ION_T_ST_005,ION_T_ST_005,ION_T_ST_005,ION_T_ST_005,NPOC_T_ST_005,TN_T_ST_005,N/A
MethodID_Preservation,N/A,N/A,N/A,ION_T_PRES_005,ION_T_PRES_005,ION_T_PRES_005,ION_T_PRES_005,ION_T_PRES_005,ION_T_PRES_005,ION_T_PRES_005,ION_T_PRES_005,ION_T_PRES_005,ION_T_PRES_005,ION_T_PRES_005,ION_T_PRES_005,ION_T_PRES_005,NPOC_T_PRES_005,TN_T_PRES_005,N/A
MethodID_Preparation,N/A,N/A,N/A,ION_T_PREP_005,ION_T_PREP_005,ION_T_PREP_005,ION_T_PREP_005,ION_T_PREP_005,ION_T_PREP_005,ION_T_PREP_005,ION_T_PREP_005,ION_T_PREP_005,ION_T_PREP_005,ION_T_PREP_005,ION_T_PREP_005,ION_T_PREP_005,NPOC_T_PREP_005,TN_T_PREP_005,N/A
MethodID_DataProcessing,N/A,N/A,N/A,ION_T_DP_005,ION_T_DP_005,ION_T_DP_005,ION_T_DP_005,ION_T_DP_005,ION_T_DP_005,ION_T_DP_005,ION_T_DP_005,ION_T_DP_005,ION_T_DP_005,ION_T_DP_005,ION_T_DP_005,ION_T_DP_005,NPOC_T_DP_005,TN_T_DP_005,N/A
Analysis_DetectionLimit,-9999,-9999,-9999,0.13,0.05,0.77,0.03,0.01,0.16,0.65,0.04,0.08,0.23,0.14,0.1,0.04,0.09-0.51,0.01-0.03,N/A
Analysis_Precision,-9999,-9999,-9999,-9999,-9999,-9999,-9999,-9999,-9999,-9999,-9999,-9999,-9999,-9999,-9999,-9999,-9999,-9999,N/A
Data_Status,N/A,N/A,N/A,ready_to_use,ready_to_use,ready_to_use,ready_to_use,ready_to_use,ready_to_use,ready_to_use,ready_to_use,ready_to_use,ready_to_use,ready_to_use,ready_to_use,ready_to_use,ready_to_use,ready_to_use,N/A
#Start_Data,CM_001_Water,10.58052/IEWDR01LH,Liquid>aqueous,-9999,-9999,-9999,-9999,-9999,-9999,-9999,-9999,-9999,-9999,-9999,-9999,-9999,4.667,-9999,TRUE
N/A,CM_002_Water,10.58052/IEWDR01LI,Liquid>aqueous,-9999,-9999,-9999,-9999,-9999,-9999,-9999,-9999,-9999,-9999,-9999,-9999,-9999,3.433,1.13,FALSE
N/A,CM_003_Water,10.58052/IEWDR01LJ,Liquid>aqueous,-9999,-9999,-9999,-9999,-9999,-9999,-9999,-9999,-9999,-9999,-9999,-9999,-9999,1.58,0.437,FALSE
N/A,CM_004_Water,10.58052/IEWDR01LK,Liquid>aqueous,-9999,-9999,-9999,-9999,-9999,-9999,-9999,-9999,-9999,-9999,-9999,-9999,-9999,2.43,0.337,FALSE
N/A,CM_005_Water,10.58052/IEWDR01LL,Liquid>aqueous,-9999,-9999,-9999,-9999,-9999,-9999,-9999,-9999,-9999,-9999,-9999,-9999,-9999,2.83,0.613,FALSE
N/A,CM_006_Water,10.58052/IEWDR01LM,Liquid>aqueous,-9999,-9999,-9999,-9999,-9999,-9999,-9999,-9999,-9999,-9999,-9999,-9999,-9999,10.767,0.727,FALSE
N/A,CM_007_Water,10.58052/IEWDR01LN,Liquid>aqueous,-9999,-9999,-9999,-9999,-9999,-9999,-9999,-9999,-9999,-9999,-9999,-9999,-9999,1.777,0.233,FALSE
N/A,CM_008_Water,10.58052/IEWDR01LO,Liquid>aqueous,-9999,-9999,-9999,-9999,-9999,-9999,-9999,-9999,-9999,-9999,-9999,-9999,-9999,16.397,1.873,FALSE
N/A,CM_009_Water,10.58052/IEWDR01UV,Liquid>aqueous,-9999,-9999,-9999,-9999,-9999,-9999,-9999,-9999,-9999,-9999,-9999,-9999,-9999,2.17,0.177,FALSE
N/A,CM_010_Water,10.58052/IEWDR01LP,Liquid>aqueous,-9999,-9999,-9999,-9999,-9999,-9999,-9999,-9999,-9999,-9999,-9999,-9999,-9999,10.717,0.88,FALSE
N/A,CM_011_Water,10.58052/IEWDR01LQ,Liquid>aqueous,-9999,-9999,-9999,-9999,-9999,-9999,-9999,-9999,-9999,-9999,-9999,-9999,-9999,1.2,0.257,FALSE
N/A,CM_012_Water,10.58052/IEWDR01LR,Liquid>aqueous,-9999,-9999,-9999,-9999,-9999,-9999,-9999,-9999,-9999,-9999,-9999,-9999,-9999,0.97,0.21,FALSE
N/A,CM_013_Water,10.58052/IEWDR01LS,Liquid>aqueous,-9999,-9999,-9999,-9999,-9999,-9999,-9999,-9999,-9999,-9999,-9999,-9999,-9999,7.943,3.027,FALSE
N/A,CM_014_Water,10.58052/IEWDR01LT,Liquid>aqueous,-9999,-9999,-9999,-9999,-9999,-9999,-9999,-9999,-9999,-9999,-9999,-9999,-9999,7.097,0.657,FALSE
N/A,CM_015_Water,10.58052/IEWDR01LU,Liquid>aqueous,-9999,-9999,-9999,-9999,-9999,-9999,-9999,-9999,-9999,-9999,-9999,-9999,-9999,1.823,0.233,FALSE
N/A,CM_016_Water,10.58052/IEWDR01LV,Liquid>aqueous,-9999,-9999,-9999,-9999,-9999,-9999,-9999,-9999,-9999,-9999,-9999,-9999,-9999,5.247,0.55,FALSE
N/A,CM_017_Water,10.58052/IEWDR01LW,Liquid>aqueous,-9999,-9999,-9999,-9999,-9999,-9999,-9999,-9999,-9999,-9999,-9999,-9999,-9999,1.285,0.265,TRUE
N/A,CM_018_Water,10.58052/IEWDR01LX,Liquid>aqueous,-9999,-9999,-9999,-9999,-9999,-9999,-9999,-9999,-9999,-9999,-9999,-9999,-9999,2.673,1.007,FALSE
N/A,CM_020_Water,10.58052/IEWDR01LY,Liquid>aqueous,-9999,-9999,-9999,-9999,-9999,-9999,-9999,-9999,-9999,-9999,-9999,-9999,-9999,15.593,0.687,FALSE
N/A,CM_021_Water,10.58052/IEWDR01LZ,Liquid>aqueous,-9999,-9999,-9999,-9999,-9999,-9999,-9999,-9999,-9999,-9999,-9999,-9999,-9999,6.693,5.94,FALSE
N/A,CM_022_Water,10.58052/IEWDR01M0,Liquid>aqueous,-9999,-9999,-9999,-9999,-9999,-9999,-9999,-9999,-9999,-9999,-9999,-9999,-9999,1.183,-9999,TRUE
N/A,CM_023_Water,10.58052/IEWDR01M1,Liquid>aqueous,-9999,-9999,-9999,-9999,-9999,-9999,-9999,-9999,-9999,-9999,-9999,-9999,-9999,1.923,0.143,FALSE
N/A,CM_024_Water,10.58052/IEWDR01M2,Liquid>aqueous,-9999,-9999,-9999,-9999,-9999,-9999,-9999,-9999,-9999,-9999,-9999,-9999,-9999,2.455,1.015,TRUE
N/A,CM_025_Water,10.58052/IEWDR021W,Liquid>aqueous,-9999,-9999,-9999,-9999,-9999,-9999,-9999,-9999,-9999,-9999,-9999,-9999,-9999,2.643,0.28,FALSE
N/A,CM_026_Water,10.58052/IEWDR021X,Liquid>aqueous,-9999,-9999,-9999,-9999,-9999,-9999,-9999,-9999,-9999,-9999,-9999,-9999,-9999,2.62,0.94,FALSE
N/A,CM_027_Water,10.58052/IEWDR01M3,Liquid>aqueous,-9999,-9999,-9999,-9999,-9999,-9999,-9999,-9999,-9999,-9999,-9999,-9999,-9999,4.707,0.427,FALSE
N/A,CM_028_Water,10.58052/IEWDR01M4,Liquid>aqueous,-9999,-9999,-9999,-9999,-9999,-9999,-9999,-9999,-9999,-9999,-9999,-9999,-9999,6.96,0.603,FALSE
N/A,CM_029_Water,10.58052/IEWDR021Y,Liquid>aqueous,-9999,-9999,-9999,-9999,-9999,-9999,-9999,-9999,-9999,-9999,-9999,-9999,-9999,0.517,-9999,TRUE
N/A,CM_030_Water,10.58052/IEWDR021Z,Liquid>aqueous,-9999,-9999,-9999,-9999,-9999,-9999,-9999,-9999,-9999,-9999,-9999,-9999,-9999,0.807,0.11,TRUE
N/A,CM_032_Water,10.58052/IEWDR01M5,Liquid>aqueous,-9999,-9999,-9999,-9999,-9999,-9999,-9999,-9999,-9999,-9999,-9999,-9999,-9999,5.117,0.437,FALSE
N/A,CM_033_Water,10.58052/IEWDR01M6,Liquid>aqueous,-9999,-9999,-9999,-9999,-9999,-9999,-9999,-9999,-9999,-9999,-9999,-9999,-9999,5.667,4.75,FALSE
N/A,CM_034_Water,10.58052/IEWDR01M7,Liquid>aqueous,-9999,-9999,-9999,-9999,-9999,-9999,-9999,-9999,-9999,-9999,-9999,-9999,-9999,-9999,-9999,TRUE
N/A,CM_035_Water,10.58052/IEWDR01M8,Liquid>aqueous,-9999,-9999,-9999,-9999,-9999,-9999,-9999,-9999,-9999,-9999,-9999,-9999,-9999,3.447,0.307,FALSE
N/A,CM_037_Water,10.58052/IEWDR01M9,Liquid>aqueous,-9999,-9999,-9999,-9999,-9999,-9999,-9999,-9999,-9999,-9999,-9999,-9999,-9999,3.647,0.72,FALSE
N/A,CM_038_Water,10.58052/IEWDR01MA,Liquid>aqueous,-9999,-9999,-9999,-9999,-9999,-9999,-9999,-9999,-9999,-9999,-9999,-9999,-9999,6.057,0.523,FALSE
N/A,CM_039_Water,10.58052/IEWDR01MB,Liquid>aqueous,-9999,-9999,-9999,-9999,-9999,-9999,-9999,-9999,-9999,-9999,-9999,-9999,-9999,3.187,0.353,FALSE
N/A,CM_040_Water,10.58052/IEWDR01MC,Liquid>aqueous,-9999,-9999,-9999,-9999,-9999,-9999,-9999,-9999,-9999,-9999,-9999,-9999,-9999,2.827,0.493,FALSE
N/A,CM_041_Water,10.58052/IEWDR01MD,Liquid>aqueous,-9999,-9999,-9999,-9999,-9999,-9999,-9999,-9999,-9999,-9999,-9999,-9999,-9999,0.517,0.657,FALSE
N/A,CM_042_Water,10.58052/IEWDR01ME,Liquid>aqueous,-9999,-9999,-9999,-9999,-9999,-9999,-9999,-9999,-9999,-9999,-9999,-9999,-9999,-9999,0.37,TRUE
N/A,CM_043_Water,10.58052/IEWDR01UY,Liquid>aqueous,-9999,-9999,-9999,-9999,-9999,-9999,-9999,-9999,-9999,-9999,-9999,-9999,-9999,-9999,-9999,TRUE
N/A,CM_044_Water,10.58052/IEWDR01V1,Liquid>aqueous,-9999,-9999,-9999,-9999,-9999,-9999,-9999,-9999,-9999,-9999,-9999,-9999,-9999,3.877,0.113,FALSE
N/A,CM_045_Water,10.58052/IEWDR01V4,Liquid>aqueous,-9999,-9999,-9999,-9999,-9999,-9999,-9999,-9999,-9999,-9999,-9999,-9999,-9999,1.233,0.1,TRUE
N/A,CM_046_Water,10.58052/IEWDR01V7,Liquid>aqueous,-9999,-9999,-9999,-9999,-9999,-9999,-9999,-9999,-9999,-9999,-9999,-9999,-9999,1.83,0.11,FALSE
N/A,CM_047_Water,10.58052/IEWDR01YB,Liquid>aqueous,-9999,-9999,-9999,-9999,-9999,-9999,-9999,-9999,-9999,-9999,-9999,-9999,-9999,2.447,0.14,FALSE
N/A,CM_048_Water,10.58052/IEWDR01YC,Liquid>aqueous,-9999,-9999,-9999,-9999,-9999,-9999,-9999,-9999,-9999,-9999,-9999,-9999,-9999,3.247,0.147,FALSE
N/A,CM_049_Water,10.58052/IEWDR01YD,Liquid>aqueous,-9999,-9999,-9999,-9999,-9999,-9999,-9999,-9999,-9999,-9999,-9999,-9999,-9999,3.073,0.137,FALSE
N/A,CM_050_Water,10.58052/IEWDR01VA,Liquid>aqueous,-9999,-9999,-9999,-9999,-9999,-9999,-9999,-9999,-9999,-9999,-9999,-9999,-9999,1,-9999,TRUE
N/A,CM_051_Water,10.58052/IEWDR01VD,Liquid>aqueous,-9999,-9999,-9999,-9999,-9999,-9999,-9999,-9999,-9999,-9999,-9999,-9999,-9999,0.483,-9999,TRUE
N/A,CM_052_Water,10.58052/IEWDR01VG,Liquid>aqueous,-9999,-9999,-9999,-9999,-9999,-9999,-9999,-9999,-9999,-9999,-9999,-9999,-9999,0.753,-9999,TRUE
N/A,CM_053_Water,10.58052/IEWDR01YE,Liquid>aqueous,-9999,-9999,-9999,-9999,-9999,-9999,-9999,-9999,-9999,-9999,-9999,-9999,-9999,0.47,-9999,TRUE
N/A,CM_054_Water,10.58052/IEWDR01YF,Liquid>aqueous,-9999,-9999,-9999,-9999,-9999,-9999,-9999,-9999,-9999,-9999,-9999,-9999,-9999,0.453,-9999,TRUE
N/A,CM_055_Water,10.58052/IEWDR01YG,Liquid>aqueous,-9999,-9999,-9999,-9999,-9999,-9999,-9999,-9999,-9999,-9999,-9999,-9999,-9999,0.34,-9999,TRUE
N/A,CM_056_Water,10.58052/IEWDR01VJ,Liquid>aqueous,-9999,-9999,-9999,-9999,-9999,-9999,-9999,-9999,-9999,-9999,-9999,-9999,-9999,1.96,-9999,TRUE
N/A,CM_057_Water,10.58052/IEWDR01VM,Liquid>aqueous,-9999,-9999,-9999,-9999,-9999,-9999,-9999,-9999,-9999,-9999,-9999,-9999,-9999,1.063,-9999,TRUE
N/A,CM_058_Water,10.58052/IEWDR01VP,Liquid>aqueous,-9999,-9999,-9999,-9999,-9999,-9999,-9999,-9999,-9999,-9999,-9999,-9999,-9999,1.727,-9999,TRUE
N/A,CM_059_Water,10.58052/IEWDR01YH,Liquid>aqueous,-9999,-9999,-9999,-9999,-9999,-9999,-9999,-9999,-9999,-9999,-9999,-9999,-9999,2.29,0.133,TRUE
N/A,CM_060_Water,10.58052/IEWDR01YI,Liquid>aqueous,-9999,-9999,-9999,-9999,-9999,-9999,-9999,-9999,-9999,-9999,-9999,-9999,-9999,3.193,0.123,FALSE
N/A,CM_061_Water,10.58052/IEWDR01YJ,Liquid>aqueous,-9999,-9999,-9999,-9999,-9999,-9999,-9999,-9999,-9999,-9999,-9999,-9999,-9999,1.37,-9999,TRUE
N/A,CM_062_Water,10.58052/IEWDR01MF,Liquid>aqueous,-9999,-9999,-9999,-9999,-9999,-9999,-9999,-9999,-9999,-9999,-9999,-9999,-9999,6.8,0.297,FALSE
N/A,CM_063_Water,10.58052/IEWDR01MG,Liquid>aqueous,-9999,-9999,-9999,-9999,-9999,-9999,-9999,-9999,-9999,-9999,-9999,-9999,-9999,6.813,0.273,FALSE
N/A,CM_064_Water,10.58052/IEWDR01VS,Liquid>aqueous,-9999,-9999,-9999,-9999,-9999,-9999,-9999,-9999,-9999,-9999,-9999,-9999,-9999,1.703,0.633,FALSE
N/A,CM_065_Water,10.58052/IEWDR01YK,Liquid>aqueous,-9999,-9999,-9999,-9999,-9999,-9999,-9999,-9999,-9999,-9999,-9999,-9999,-9999,1.173,0.1,TRUE
N/A,CM_066_Water,10.58052/IEWDR01VV,Liquid>aqueous,-9999,-9999,-9999,-9999,-9999,-9999,-9999,-9999,-9999,-9999,-9999,-9999,-9999,27.07,0.437,FALSE
N/A,CM_068_Water,10.58052/IEWDR01VY,Liquid>aqueous,-9999,-9999,-9999,-9999,-9999,-9999,-9999,-9999,-9999,-9999,-9999,-9999,-9999,8.447,0.913,FALSE
N/A,CM_069_Water,10.58052/IEWDR01W1,Liquid>aqueous,-9999,-9999,-9999,-9999,-9999,-9999,-9999,-9999,-9999,-9999,-9999,-9999,-9999,1.063,0.563,FALSE
N/A,CM_070_Water,10.58052/IEWDR01W4,Liquid>aqueous,-9999,-9999,-9999,-9999,-9999,-9999,-9999,-9999,-9999,-9999,-9999,-9999,-9999,1.147,0.297,FALSE
N/A,CM_071_Water,10.58052/IEWDR01W7,Liquid>aqueous,-9999,-9999,-9999,-9999,-9999,-9999,-9999,-9999,-9999,-9999,-9999,-9999,-9999,1.91,4.01,FALSE
N/A,CM_072_Water,10.58052/IEWDR01WA,Liquid>aqueous,-9999,-9999,-9999,-9999,-9999,-9999,-9999,-9999,-9999,-9999,-9999,-9999,-9999,6.183,0.657,FALSE
N/A,CM_073_Water,10.58052/IEWDR01WD,Liquid>aqueous,-9999,-9999,-9999,-9999,-9999,-9999,-9999,-9999,-9999,-9999,-9999,-9999,-9999,0.99,0.343,FALSE
N/A,CM_074_Water,10.58052/IEWDR01WG,Liquid>aqueous,-9999,-9999,-9999,-9999,-9999,-9999,-9999,-9999,-9999,-9999,-9999,-9999,-9999,1.387,0.23,FALSE
N/A,CM_075_Water,10.58052/IEWDR01WJ,Liquid>aqueous,-9999,-9999,-9999,-9999,-9999,-9999,-9999,-9999,-9999,-9999,-9999,-9999,-9999,19.25,0.887,FALSE
N/A,CM_076_Water,10.58052/IEWDR01WM,Liquid>aqueous,-9999,-9999,-9999,-9999,-9999,-9999,-9999,-9999,-9999,-9999,-9999,-9999,-9999,4.79,1.573,FALSE
N/A,CM_077_Water,10.58052/IEWDR01WP,Liquid>aqueous,-9999,-9999,-9999,-9999,-9999,-9999,-9999,-9999,-9999,-9999,-9999,-9999,-9999,1.223,0.53,FALSE
N/A,CM_078_Water,10.58052/IEWDR01WS,Liquid>aqueous,-9999,-9999,-9999,-9999,-9999,-9999,-9999,-9999,-9999,-9999,-9999,-9999,-9999,2.023,3.483,FALSE
N/A,CM_079_Water,10.58052/IEWDR01WV,Liquid>aqueous,-9999,-9999,-9999,-9999,-9999,-9999,-9999,-9999,-9999,-9999,-9999,-9999,-9999,17.133,0.947,FALSE
N/A,CM_080_Water,10.58052/IEWDR01WY,Liquid>aqueous,-9999,-9999,-9999,-9999,-9999,-9999,-9999,-9999,-9999,-9999,-9999,-9999,-9999,8.743,1.417,FALSE
N/A,CM_081_Water,10.58052/IEWDR01X1,Liquid>aqueous,-9999,-9999,-9999,-9999,-9999,-9999,-9999,-9999,-9999,-9999,-9999,-9999,-9999,7.267,0.563,FALSE
N/A,CM_082_Water,10.58052/IEWDR01X4,Liquid>aqueous,-9999,-9999,-9999,-9999,-9999,-9999,-9999,-9999,-9999,-9999,-9999,-9999,-9999,6.9,0.46,FALSE
N/A,CM_083_Water,10.58052/IEWDR01YL,Liquid>aqueous,-9999,-9999,-9999,-9999,-9999,-9999,-9999,-9999,-9999,-9999,-9999,-9999,-9999,8.93,0.79,FALSE
N/A,CM_084_Water,10.58052/IEWDR01X7,Liquid>aqueous,-9999,-9999,-9999,-9999,-9999,-9999,-9999,-9999,-9999,-9999,-9999,-9999,-9999,0.68,0.18,FALSE
N/A,CM_085_Water,10.58052/IEWDR01XA,Liquid>aqueous,-9999,-9999,-9999,-9999,-9999,-9999,-9999,-9999,-9999,-9999,-9999,-9999,-9999,6.163,0.29,FALSE
N/A,CM_086_Water,10.58052/IEWDR01YM,Liquid>aqueous,-9999,-9999,-9999,-9999,-9999,-9999,-9999,-9999,-9999,-9999,-9999,-9999,-9999,1.81,0.117,FALSE
N/A,CM_087_Water,10.58052/IEWDR01YN,Liquid>aqueous,-9999,-9999,-9999,-9999,-9999,-9999,-9999,-9999,-9999,-9999,-9999,-9999,-9999,2.955,1.985,TRUE
N/A,CM_088_Water,10.58052/IEWDR01XD,Liquid>aqueous,-9999,-9999,-9999,-9999,-9999,-9999,-9999,-9999,-9999,-9999,-9999,-9999,-9999,2.035,1.855,TRUE
N/A,CM_089_Water,10.58052/IEWDR01YO,Liquid>aqueous,-9999,-9999,-9999,-9999,-9999,-9999,-9999,-9999,-9999,-9999,-9999,-9999,-9999,3.387,0.107,FALSE
N/A,CM_090_Water,10.58052/IEWDR01YP,Liquid>aqueous,-9999,-9999,-9999,-9999,-9999,-9999,-9999,-9999,-9999,-9999,-9999,-9999,-9999,1.807,0.133,FALSE
N/A,CM_091_Water,10.58052/IEWDR01YQ,Liquid>aqueous,-9999,-9999,-9999,-9999,-9999,-9999,-9999,-9999,-9999,-9999,-9999,-9999,-9999,3.21,0.56,FALSE
N/A,CM_092_Water,10.58052/IEWDR01YR,Liquid>aqueous,-9999,-9999,-9999,-9999,-9999,-9999,-9999,-9999,-9999,-9999,-9999,-9999,-9999,3.853,0.437,FALSE
N/A,CM_093_Water,10.58052/IEWDR01YS,Liquid>aqueous,-9999,-9999,-9999,-9999,-9999,-9999,-9999,-9999,-9999,-9999,-9999,-9999,-9999,13.193,0.387,FALSE
N/A,CM_094_Water,10.58052/IEWDR01YT,Liquid>aqueous,-9999,-9999,-9999,-9999,-9999,-9999,-9999,-9999,-9999,-9999,-9999,-9999,-9999,8.24,0.293,FALSE
N/A,CM_095_Water,10.58052/IEWDR01YU,Liquid>aqueous,-9999,-9999,-9999,-9999,-9999,-9999,-9999,-9999,-9999,-9999,-9999,-9999,-9999,3.467,0.61,FALSE
N/A,CM_096_Water,10.58052/IEWDR01YV,Liquid>aqueous,-9999,-9999,-9999,-9999,-9999,-9999,-9999,-9999,-9999,-9999,-9999,-9999,-9999,1.407,0.423,FALSE
N/A,CM_097_Water,10.58052/IEWDR01YW,Liquid>aqueous,-9999,-9999,-9999,-9999,-9999,-9999,-9999,-9999,-9999,-9999,-9999,-9999,-9999,41.467,0.84,FALSE
N/A,CM_098_Water,10.58052/IEWDR01YX,Liquid>aqueous,-9999,-9999,-9999,-9999,-9999,-9999,-9999,-9999,-9999,-9999,-9999,-9999,-9999,1.7,2.037,FALSE
N/A,CM_099_Water,10.58052/IEWDR01YY,Liquid>aqueous,-9999,-9999,-9999,-9999,-9999,-9999,-9999,-9999,-9999,-9999,-9999,-9999,-9999,0.285,0.58,TRUE
N/A,CM_100_Water,10.58052/IEWDR01YZ,Liquid>aqueous,-9999,-9999,-9999,-9999,-9999,-9999,-9999,-9999,-9999,-9999,-9999,-9999,-9999,3.645,0.197,TRUE
N/A,CM_101_Water,10.58052/IEWDR01Z0,Liquid>aqueous,-9999,-9999,-9999,-9999,-9999,-9999,-9999,-9999,-9999,-9999,-9999,-9999,-9999,3.507,0.33,FALSE
N/A,CM_102_Water,10.58052/IEWDR01Z1,Liquid>aqueous,-9999,-9999,-9999,-9999,-9999,-9999,-9999,-9999,-9999,-9999,-9999,-9999,-9999,1.5,0.39,FALSE
N/A,CM_103_Water,10.58052/IEWDR01Z2,Liquid>aqueous,-9999,-9999,-9999,-9999,-9999,-9999,-9999,-9999,-9999,-9999,-9999,-9999,-9999,5.287,0.573,FALSE
N/A,CM_104_Water,10.58052/IEWDR01Z3,Liquid>aqueous,-9999,-9999,-9999,-9999,-9999,-9999,-9999,-9999,-9999,-9999,-9999,-9999,-9999,9.767,0.713,FALSE
N/A,CM_105_Water,10.58052/IEWDR01Z4,Liquid>aqueous,-9999,-9999,-9999,-9999,-9999,-9999,-9999,-9999,-9999,-9999,-9999,-9999,-9999,4.85,0.14,TRUE
N/A,CM_106_Water,10.58052/IEWDR01Z5,Liquid>aqueous,-9999,-9999,-9999,-9999,-9999,-9999,-9999,-9999,-9999,-9999,-9999,-9999,-9999,4.847,0.907,FALSE
N/A,CM_107_Water,10.58052/IEWDR01Z6,Liquid>aqueous,-9999,-9999,-9999,-9999,-9999,-9999,-9999,-9999,-9999,-9999,-9999,-9999,-9999,5.22,6.62,FALSE
N/A,CM_108_Water,10.58052/IEWDR01Z7,Liquid>aqueous,-9999,-9999,-9999,-9999,-9999,-9999,-9999,-9999,-9999,-9999,-9999,-9999,-9999,3.23,0.153,FALSE
N/A,CM_109_Water,10.58052/IEWDR01Z8,Liquid>aqueous,-9999,-9999,-9999,-9999,-9999,-9999,-9999,-9999,-9999,-9999,-9999,-9999,-9999,0.527,0.157,FALSE
N/A,CM_110_Water,10.58052/IEWDR01Z9,Liquid>aqueous,-9999,-9999,-9999,-9999,-9999,-9999,-9999,-9999,-9999,-9999,-9999,-9999,-9999,0.68,0.19,FALSE
N/A,CM_111_Water,10.58052/IEWDR01ZA,Liquid>aqueous,-9999,-9999,-9999,-9999,-9999,-9999,-9999,-9999,-9999,-9999,-9999,-9999,-9999,4.753,0.62,FALSE
N/A,CM_112_Water,10.58052/IEWDR01ZB,Liquid>aqueous,-9999,-9999,-9999,-9999,-9999,-9999,-9999,-9999,-9999,-9999,-9999,-9999,-9999,5.26,0.96,FALSE
N/A,CM_113_Water,10.58052/IEWDR01ZC,Liquid>aqueous,-9999,-9999,-9999,-9999,-9999,-9999,-9999,-9999,-9999,-9999,-9999,-9999,-9999,1.66,0.11,TRUE
N/A,CM_114_Water,10.58052/IEWDR01ZD,Liquid>aqueous,-9999,-9999,-9999,-9999,-9999,-9999,-9999,-9999,-9999,-9999,-9999,-9999,-9999,8.337,0.97,FALSE
N/A,CM_115_Water,10.58052/IEWDR01ZE,Liquid>aqueous,-9999,-9999,-9999,-9999,-9999,-9999,-9999,-9999,-9999,-9999,-9999,-9999,-9999,4.343,0.357,FALSE
N/A,CM_116_Water,10.58052/IEWDR01ZF,Liquid>aqueous,-9999,-9999,-9999,-9999,-9999,-9999,-9999,-9999,-9999,-9999,-9999,-9999,-9999,1.177,-9999,TRUE
N/A,CM_117_Water,10.58052/IEWDR01ZG,Liquid>aqueous,-9999,-9999,-9999,-9999,-9999,-9999,-9999,-9999,-9999,-9999,-9999,-9999,-9999,0.985,1.097,TRUE
N/A,SSS001_Water,10.58052/IEWDR01MH,Liquid>aqueous,-9999,-9999,5.624,1.019,0.073,-9999,3.029,-9999,-9999,-9999,1.2,3.87,0.522,1.017,-9999,TRUE
N/A,SSS002_Water,10.58052/IEWDR01MI,Liquid>aqueous,-9999,-9999,5.331,1.201,0.072,-9999,2.693,-9999,-9999,-9999,1.285,4.194,0.42,1.19,-9999,TRUE
N/A,SSS003_Water,10.58052/IEWDR01MJ,Liquid>aqueous,-9999,-9999,5.083,0.57,0.087,-9999,3.342,-9999,-9999,-9999,0.777,3.77,3.272,1.083,-9999,TRUE
N/A,SSS004_Water,10.58052/IEWDR01MK,Liquid>aqueous,-9999,-9999,7.984,0.769,0.099,-9999,4.305,-9999,-9999,-9999,2.233,4.078,1.655,2.4,0.1,TRUE
N/A,SSS005_Water,10.58052/IEWDR01ML,Liquid>aqueous,-9999,-9999,5.306,1.645,0.053,-9999,2.482,0.419,-9999,-9999,0.487,2.424,1.378,1.18,0.143,TRUE
N/A,SSS006_Water,10.58052/IEWDR01MM,Liquid>aqueous,-9999,-9999,11.331,6.104,0.131,-9999,11.322,2.113,-9999,-9999,3.803,12.619,12.07,2.58,0.58,TRUE
N/A,SSS007_Water,10.58052/IEWDR01MN,Liquid>aqueous,-9999,-9999,8.558,1.38,0.054,-9999,2.508,-9999,-9999,-9999,0.446,6.39,3.316,1.05,-9999,TRUE
N/A,SSS008_Water,10.58052/IEWDR01MO,Liquid>aqueous,-9999,-9999,6.785,2.187,0.109,-9999,3.311,-9999,-9999,-9999,1.792,8.897,1.834,2.013,0.11,TRUE
N/A,SSS009_Water,10.58052/IEWDR01MP,Liquid>aqueous,-9999,-9999,5.305,0.329,0.071,-9999,1.516,-9999,-9999,-9999,1.078,2.282,3.597,0.623,-9999,TRUE
N/A,SSS010_Water,10.58052/IEWDR01MQ,Liquid>aqueous,-9999,-9999,7.253,1.571,0.058,-9999,1.525,0.087,-9999,-9999,0.378,3.161,4.415,0.65,-9999,TRUE
N/A,SSS011_Water,10.58052/IEWDR01MR,Liquid>aqueous,-9999,-9999,6.811,0.585,0.103,-9999,0.979,0.234,-9999,-9999,0.465,1.965,2.58,0.637,-9999,TRUE
N/A,SSS012_Water,10.58052/IEWDR01MS,Liquid>aqueous,-9999,-9999,5.782,0.871,0.054,-9999,1.149,-9999,-9999,-9999,0.478,2.781,2.284,0.877,-9999,TRUE
N/A,SSS013_Water,10.58052/IEWDR01MT,Liquid>aqueous,-9999,-9999,9.748,6.904,0.121,-9999,6.913,3.145,-9999,-9999,2.049,10.393,11.356,1.73,0.87,TRUE
N/A,SSS014_Water,10.58052/IEWDR01MU,Liquid>aqueous,0.2,-9999,8.092,5.868,0.092,-9999,6.186,4.064,-9999,-9999,1.78,9.796,9.564,1.693,1.113,TRUE
N/A,SSS015_Water,10.58052/IEWDR01MV,Liquid>aqueous,-9999,-9999,6.297,2.184,0.071,-9999,3.293,0.639,-9999,-9999,0.625,3.46,2.306,1.23,0.183,TRUE
N/A,SSS016_Water,10.58052/IEWDR01MW,Liquid>aqueous,-9999,-9999,5.743,1.267,0.059,-9999,1.256,-9999,-9999,-9999,0.527,2.541,2.134,0.92,-9999,TRUE
N/A,SSS017_Water,10.58052/IEWDR01MX,Liquid>aqueous,-9999,-9999,6.645,1.623,0.064,-9999,1.696,0.07,-9999,-9999,0.663,3.152,2.701,0.953,-9999,TRUE
N/A,SSS018_Water,10.58052/IEWDR01MY,Liquid>aqueous,-9999,-9999,4.58,1.042,0.075,-9999,0.924,0.052,-9999,-9999,0.508,3.801,0.878,0.907,-9999,TRUE
N/A,SSS019_Water,10.58052/IEWDR01MZ,Liquid>aqueous,-9999,-9999,6.897,0.544,0.068,-9999,2.004,-9999,-9999,-9999,0.659,4.991,1.852,1.01,-9999,TRUE
N/A,SSS020_Water,10.58052/IEWDR01N0,Liquid>aqueous,-9999,-9999,5.225,0.721,0.056,-9999,1.074,-9999,-9999,-9999,0.562,3.673,1.267,0.903,-9999,TRUE
N/A,SSS021_Water,10.58052/IEWDR01N1,Liquid>aqueous,-9999,-9999,3.392,0.347,0.041,-9999,2.214,-9999,-9999,-9999,-9999,0.73,0.625,0.51,-9999,TRUE
N/A,SSS022_Water,10.58052/IEWDR01N2,Liquid>aqueous,-9999,-9999,7.609,3.411,0.075,-9999,1.086,-9999,-9999,-9999,0.261,3.851,1.425,0.537,-9999,TRUE
N/A,SSS023_Water,10.58052/IEWDR01N3,Liquid>aqueous,-9999,-9999,9.426,1.139,0.151,-9999,6.465,0.043,-9999,-9999,3.428,6.653,1.046,2.433,0.173,TRUE
N/A,SSS024_Water,10.58052/IEWDR01N4,Liquid>aqueous,-9999,-9999,8.482,1.002,0.123,-9999,6.121,0.065,-9999,-9999,3.01,6.58,1.981,2.167,0.163,TRUE
N/A,SSS025_Water,10.58052/IEWDR01N5,Liquid>aqueous,-9999,-9999,7.274,4.372,0.139,-9999,6.584,5.474,-9999,-9999,1.767,9.495,5.718,1.657,1.467,TRUE
N/A,SSS026_Water,10.58052/IEWDR01N6,Liquid>aqueous,-9999,-9999,8.691,3.928,0.08,-9999,5.445,4.339,-9999,-9999,1.858,7.153,5.05,1.757,1.17,TRUE
N/A,SSS027_Water,10.58052/IEWDR01N7,Liquid>aqueous,-9999,-9999,5.281,1.015,0.08,-9999,3.32,-9999,-9999,-9999,1.018,4.613,0.327,1.05,-9999,TRUE
N/A,SSS028_Water,10.58052/IEWDR01N8,Liquid>aqueous,-9999,-9999,9.73,0.556,0.099,-9999,7.21,0.273,-9999,-9999,2.235,5.711,1.808,0.93,0.11,TRUE
N/A,SSS029_Water,10.58052/IEWDR01N9,Liquid>aqueous,-9999,-9999,7.463,0.674,0.076,-9999,5.156,0.06,-9999,-9999,1.924,5.491,0.783,1.037,-9999,TRUE
N/A,SSS030_Water,10.58052/IEWDR01NA,Liquid>aqueous,-9999,-9999,6.704,1.038,0.092,-9999,5.556,-9999,-9999,-9999,2.215,6.667,1.132,1.037,-9999,TRUE
N/A,SSS031_Water,10.58052/IEWDR01NB,Liquid>aqueous,-9999,-9999,5.402,0.468,0.133,-9999,1.139,-9999,-9999,-9999,0.426,1.518,4.397,0.467,-9999,TRUE
N/A,SSS032_Water,10.58052/IEWDR01NC,Liquid>aqueous,-9999,-9999,3.834,2.834,0.056,-9999,1.062,-9999,-9999,-9999,0.74,3.163,0.645,0.35,-9999,TRUE
N/A,SSS033_Water,10.58052/IEWDR01ND,Liquid>aqueous,-9999,-9999,5.658,0.646,0.061,-9999,2.035,-9999,-9999,-9999,0.579,2.544,1.491,0.41,-9999,TRUE
N/A,SSS034_Water,10.58052/IEWDR01NE,Liquid>aqueous,-9999,-9999,3.357,0.349,0.028,-9999,2.76,-9999,-9999,-9999,-9999,0.701,0.722,0.447,-9999,TRUE
N/A,SSS035_Water,10.58052/IEWDR01NF,Liquid>aqueous,-9999,-9999,3.11,0.231,0.027,-9999,-9999,-9999,-9999,-9999,-9999,0.571,0.479,0.48,-9999,TRUE
N/A,SSS036_Water,10.58052/IEWDR01NG,Liquid>aqueous,-9999,-9999,7.918,0.601,0.089,-9999,5.116,-9999,-9999,-9999,2.143,4.316,1.107,1.947,0.12,TRUE
N/A,SSS037_Water,10.58052/IEWDR01NH,Liquid>aqueous,-9999,-9999,4.188,0.491,0.066,-9999,2.091,0.042,-9999,-9999,1.137,2.913,0.45,0.743,-9999,TRUE
N/A,SSS038_Water,10.58052/IEWDR01NI,Liquid>aqueous,-9999,-9999,8.281,0.672,0.085,-9999,5.755,0.073,-9999,-9999,1.802,5.154,0.61,0.983,-9999,TRUE
N/A,SSS039_Water,10.58052/IEWDR01NJ,Liquid>aqueous,-9999,-9999,4.631,0.94,0.074,-9999,2.243,0.045,-9999,-9999,1.165,3.243,0.419,0.873,-9999,TRUE
N/A,SSS040_Water,10.58052/IEWDR01NK,Liquid>aqueous,-9999,-9999,5.321,1.918,0.071,-9999,1.313,-9999,-9999,-9999,0.716,2.616,2.241,1.123,-9999,TRUE
N/A,SSS041_Water,10.58052/IEWDR01NL,Liquid>aqueous,-9999,-9999,5.928,1.504,0.091,-9999,2.845,0.046,-9999,-9999,1.348,3.344,2.23,1.667,-9999,TRUE
N/A,SSS042_Water,10.58052/IEWDR01NM,Liquid>aqueous,-9999,-9999,6.497,1.952,0.108,-9999,1.712,0.105,-9999,4.68,0.694,2.864,2.706,1.137,-9999,TRUE
N/A,SSS043_Water,10.58052/IEWDR01NN,Liquid>aqueous,-9999,-9999,3.895,0.485,0.046,-9999,-9999,-9999,-9999,-9999,0.267,1.432,1.645,0.853,-9999,TRUE
N/A,SSS044_Water,10.58052/IEWDR01NO,Liquid>aqueous,-9999,-9999,3.003,0.478,0.043,-9999,-9999,-9999,-9999,-9999,0.284,1.425,1.298,0.853,-9999,TRUE
N/A,SSS045_Water,10.58052/IEWDR01NP,Liquid>aqueous,-9999,-9999,6.014,0.441,0.046,-9999,0.714,-9999,-9999,-9999,0.204,1.961,1.444,0.507,-9999,TRUE
N/A,SSS046_Water,10.58052/IEWDR01NQ,Liquid>aqueous,-9999,-9999,5.917,7.843,0.055,-9999,4.424,-9999,-9999,-9999,0.296,6.356,0.747,2.053,0.13,TRUE
N/A,SSS047_Water,10.58052/IEWDR01NR,Liquid>aqueous,-9999,-9999,4.47,0.857,0.036,-9999,2.16,-9999,-9999,-9999,-9999,1.208,0.775,0.863,-9999,TRUE
N/A,SSS048_Water,10.58052/IEWDR01NS,Liquid>aqueous,-9999,-9999,5.739,7.492,0.045,-9999,2.088,-9999,-9999,-9999,0.492,4.863,1.098,1.16,-9999,TRUE
#End_Data,,,,,,,,,,,,,,,,,,,
