Sample_ID,Sample_Longitude_obs,Sample_Latitude_obs,Mean_Temp_Deg_C,pH,Mean_DO_mg_per_L,Mean_DO_percent_saturation,Normalized_Respiration_Rate_mg_DO_per_H_per_L_sediment_obs,Sample_Longitude_pre_avg,Sample_Latitude_pre_avg,Normalized_Respiration_Rate_mg_DO_per_H_per_L_sediment_pre_avg,mean.error,predict.error,pca.dist,mean.error.scaled,pca.dist.scaled,combined.metric,Log_Observed_Normalized_Respiration_Rate,Log_Predicted_Normalized_Respiration_Rate,Observed_Normalized_Respiration_Rate,Predicted_Normalized_Respiration_Rate
CM_001-1,-117.180494,46.732215,8.66,6.5,10.25,87.93,-41.53,-117.180494,46.732215,-254.50840483121573,177.84704232583505,1321.141017140866,2.339861551908335,0.1427776114453741,0.1616699002721482,0.0230828422034691,1.6183619311098782,2.405702128957832,-41.53,-254.50840483121573
CM_001-2,-117.180494,46.732215,8.66,6.5,10.25,87.93,-47.82,-117.180494,46.732215,-254.50840483121573,177.84704232583505,1321.141017140866,2.339861551908335,0.1427776114453741,0.1616699002721482,0.0230828422034691,1.6796095717797561,2.405702128957832,-47.82,-254.50840483121573
CM_001-3,-117.180494,46.732215,8.66,6.5,10.25,87.93,-42.31,-117.180494,46.732215,-254.50840483121573,177.84704232583505,1321.141017140866,2.339861551908335,0.1427776114453741,0.1616699002721482,0.0230828422034691,1.6264430253312947,2.405702128957832,-42.31,-254.50840483121573
CM_002-1,-77.388447,38.7819267,19.95,6.5,9.42,103.51,-83.28,-77.388447,38.7819267,-225.76042901782972,167.3894335068072,1319.5771213091955,0.3753797467459837,0.1356907629134622,0.0259364090029651,0.0035193311248478,1.9205407165024797,2.3536478217110304,-83.28,-225.76042901782972
CM_002-2,-77.388447,38.7819267,19.95,6.5,9.42,103.51,-173.76,-77.388447,38.7819267,-225.76042901782972,167.3894335068072,1319.5771213091955,0.3753797467459837,0.1356907629134622,0.0259364090029651,0.0035193311248478,2.239949807908753,2.3536478217110304,-173.76,-225.76042901782972
CM_003-1,-77.1803039,40.1046605,14.93,6.5,9.42,93.22,-6.67,-77.1803039,40.1046605,-113.74953606343288,177.01859466492365,1320.8629533364344,0.7720353347010853,0.1423799536743185,0.0533428464884612,0.0075949520118833,0.8241258339165489,2.055949634028034,-6.67,-113.74953606343288
CM_003-2,-77.1803039,40.1046605,14.93,6.5,9.42,93.22,-8.08,-77.1803039,40.1046605,-113.74953606343288,177.01859466492365,1320.8629533364344,0.7720353347010853,0.1423799536743185,0.0533428464884612,0.0075949520118833,0.9074113607745862,2.055949634028034,-8.08,-113.74953606343288
CM_003-3,-77.1803039,40.1046605,14.93,6.5,9.42,93.22,-9.91,-77.1803039,40.1046605,-113.74953606343288,177.01859466492365,1320.8629533364344,0.7720353347010853,0.1423799536743185,0.0533428464884612,0.0075949520118833,0.9960736544852753,2.055949634028034,-9.91,-113.74953606343288
CM_004-1,-73.19778,42.72306,14.89,6.5,11.31,111.85,-7.22,-73.19778,42.72306,-112.71496622381952,177.29730703988267,1320.903086164217,0.8535987553371627,0.1424865358903899,0.0589783722610589,0.008403623955932,0.8585371975696391,2.051981585228754,-7.22,-112.71496622381952
CM_004-2,-73.19778,42.72306,14.89,6.5,11.31,111.85,-17.87,-73.19778,42.72306,-112.71496622381952,177.29730703988267,1320.903086164217,0.8535987553371627,0.1424865358903899,0.0589783722610589,0.008403623955932,1.2521245525056444,2.051981585228754,-17.87,-112.71496622381952
CM_004-3,-73.19778,42.72306,14.89,6.5,11.31,111.85,-9.84,-73.19778,42.72306,-112.71496622381952,177.29730703988267,1320.903086164217,0.8535987553371627,0.1424865358903899,0.0589783722610589,0.008403623955932,0.9929950984313415,2.051981585228754,-9.84,-112.71496622381952
CM_006-1,-119.8217832,38.9745676,17.8,7.5,7.63,80.23,-3657.26,-119.8217832,38.9745676,-2374.5332651393355,538.3117849089689,1422.9347824502,5.008334976041361,0.4283947193188866,0.3460448398948003,0.1482437820584819,3.5631558360699276,3.3755782580474367,-3657.26,-2374.5332651393355
CM_006-2,-119.8217832,38.9745676,17.8,7.5,7.63,80.23,-2199.18,-119.8217832,38.9745676,-2374.5332651393355,538.3117849089689,1422.9347824502,5.008334976041361,0.4283947193188866,0.3460448398948003,0.1482437820584819,3.3422607772495927,3.3755782580474367,-2199.18,-2374.5332651393355
CM_006-3,-119.8217832,38.9745676,17.8,7.5,7.63,80.23,-2196.81,-119.8217832,38.9745676,-2374.5332651393355,538.3117849089689,1422.9347824502,5.008334976041361,0.4283947193188866,0.3460448398948003,0.1482437820584819,3.3417924968295583,3.3755782580474367,-2196.81,-2374.5332651393355
CM_007-1,-121.580361,39.007299,13.15,6.5,10.53,100.23,-2.13,-121.580361,39.007299,-169.1841756892058,180.3754235715218,1321.3357378538758,4.607293043910624,0.1444885386271029,0.31833533327051,0.0459958070976277,0.3283796034387377,2.228359739718096,-2.13,-169.1841756892058
CM_007-2,-121.580361,39.007299,13.15,6.5,10.53,100.23,-1.78,-121.580361,39.007299,-169.1841756892058,180.3754235715218,1321.3357378538758,4.607293043910624,0.1444885386271029,0.31833533327051,0.0459958070976277,0.250420002308894,2.228359739718096,-1.78,-169.1841756892058
CM_007-3,-121.580361,39.007299,13.15,6.5,10.53,100.23,-6.94,-121.580361,39.007299,-169.1841756892058,180.3754235715218,1321.3357378538758,4.607293043910624,0.1444885386271029,0.31833533327051,0.0459958070976277,0.8413594704548549,2.228359739718096,-6.94,-169.1841756892058
CM_008-1,-117.611779,33.94849,29.98,9.5,18.88,249.65,-2719.07,-117.611779,33.94849,-3127.9563735697666,738.979947358495,1513.3459858870624,3.767729059026504,0.5703336041314644,0.2603266764772895,0.1484730516468582,3.434420388250395,3.495260687210687,-2719.07,-3127.9563735697666
CM_008-2,-117.611779,33.94849,29.98,9.5,18.88,249.65,-3664.98,-117.611779,33.94849,-3127.9563735697666,738.979947358495,1513.3459858870624,3.767729059026504,0.5703336041314644,0.2603266764772895,0.1484730516468582,3.564071609014435,3.495260687210687,-3664.98,-3127.9563735697666
CM_008-3,-117.611779,33.94849,29.98,9.5,18.88,249.65,-2756.74,-117.611779,33.94849,-3127.9563735697666,738.979947358495,1513.3459858870624,3.767729059026504,0.5703336041314644,0.2603266764772895,0.1484730516468582,3.440395807857696,3.495260687210687,-2756.74,-3127.9563735697666
CM_010-1,-79.8466751,33.666607,25.62,6.5,6.36,77.85,-6.64,-79.8466751,33.666607,-228.9125177809856,172.47978956829633,1320.239696575404,3.2914780701432216,0.1393753280781404,0.2274206911575698,0.0316968334418437,0.8221680793680175,2.3596695421483904,-6.64,-228.9125177809856
CM_010-2,-79.8466751,33.666607,25.62,6.5,6.36,77.85,-4.16,-79.8466751,33.666607,-228.9125177809856,172.47978956829633,1320.239696575404,3.2914780701432216,0.1393753280781404,0.2274206911575698,0.0316968334418437,0.6190933306267428,2.3596695421483904,-4.16,-228.9125177809856
CM_010-3,-79.8466751,33.666607,25.62,6.5,6.36,77.85,-5.69,-79.8466751,33.666607,-228.9125177809856,172.47978956829633,1320.239696575404,3.2914780701432216,0.1393753280781404,0.2274206911575698,0.0316968334418437,0.7551122663950712,2.3596695421483904,-5.69,-228.9125177809856
CM_013-1,-83.1577589,41.309341,24.56,7.0,8.56,102.8,-38.07,-83.1577589,41.309341,-225.21175727559572,167.3997229309148,1319.598951153432,3.007329042523218,0.1357740893496689,0.2077877582089141,0.0282121936488244,1.5805828768143673,2.3525910592993244,-38.07,-225.21175727559572
CM_013-2,-83.1577589,41.309341,24.56,7.0,8.56,102.8,-35.25,-83.1577589,41.309341,-225.21175727559572,167.3997229309148,1319.598951153432,3.007329042523218,0.1357740893496689,0.2077877582089141,0.0282121936488244,1.5471591213274176,2.3525910592993244,-35.25,-225.21175727559572
CM_013-3,-83.1577589,41.309341,24.56,7.0,8.56,102.8,-39.92,-83.1577589,41.309341,-225.21175727559572,167.3997229309148,1319.598951153432,3.007329042523218,0.1357740893496689,0.2077877582089141,0.0282121936488244,1.6011905326153335,2.3525910592993244,-39.92,-225.21175727559572
CM_014-1,-77.4402867,35.3667814,27.92,6.5,5.15,65.74,-46.59,-77.4402867,35.3667814,-238.84484394684503,167.8727911229294,1319.648972387042,3.157064821014909,0.1358682510816731,0.2181335704883547,0.0296374267244535,1.668292710448221,2.378115870406464,-46.59,-238.84484394684503
CM_014-2,-77.4402867,35.3667814,27.92,6.5,5.15,65.74,-56.28,-77.4402867,35.3667814,-238.84484394684503,167.8727911229294,1319.648972387042,3.157064821014909,0.1358682510816731,0.2181335704883547,0.0296374267244535,1.750354088762708,2.378115870406464,-56.28,-238.84484394684503
CM_014-3,-77.4402867,35.3667814,27.92,6.5,5.15,65.74,-32.54,-77.4402867,35.3667814,-238.84484394684503,167.8727911229294,1319.648972387042,3.157064821014909,0.1358682510816731,0.2181335704883547,0.0296374267244535,1.51241754860084,2.378115870406464,-32.54,-238.84484394684503
CM_015-1,-106.046835,39.480297,11.05,6.5,7.86,71.4,-40.73,-106.04683500000002,39.480297,-124.54027232103516,175.86058364201554,1320.7037016836623,3.7919146537347808,0.1414699985586733,0.261997750854028,0.0370648214356949,1.6099144100859977,2.0953098110191823,-40.73,-124.54027232103516
CM_015-2,-106.046835,39.480297,11.05,6.5,7.86,71.4,-33.1,-106.04683500000002,39.480297,-124.54027232103516,175.86058364201554,1320.7037016836623,3.7919146537347808,0.1414699985586733,0.261997750854028,0.0370648214356949,1.5198279937757189,2.0953098110191823,-33.1,-124.54027232103516
CM_015-3,-106.046835,39.480297,11.05,6.5,7.86,71.4,-22.8,-106.04683500000002,39.480297,-124.54027232103516,175.86058364201554,1320.7037016836623,3.7919146537347808,0.1414699985586733,0.261997750854028,0.0370648214356949,1.3579348470004537,2.0953098110191823,-22.8,-124.54027232103516
CM_016-1,-83.96496,43.40991,26.1,7.2,11.35,140.2,-3860.77,-83.96496,43.40991,-3630.112516468712,823.3384611986601,1550.6559606110536,3.1035243750976536,0.6610429121518304,0.2144342582171181,0.1417502465169613,3.586673929905294,3.5599200863375393,-3860.77,-3630.112516468712
CM_016-2,-83.96496,43.40991,26.1,7.2,11.35,140.2,-3462.55,-83.96496,43.40991,-3630.112516468712,823.3384611986601,1550.6559606110536,3.1035243750976536,0.6610429121518304,0.2144342582171181,0.1417502465169613,3.5393960534276854,3.5599200863375393,-3462.55,-3630.112516468712
CM_016-3,-83.96496,43.40991,26.1,7.2,11.35,140.2,-3840.88,-83.96496,43.40991,-3630.112516468712,823.3384611986601,1550.6559606110536,3.1035243750976536,0.6610429121518304,0.2144342582171181,0.1417502465169613,3.584430738784042,3.5599200863375393,-3840.88,-3630.112516468712
CM_018-1,-102.126046,41.316592,20.47,8.0,8.26,91.71,-1.78,-102.126046,41.316592,-127.87804055661692,175.14975498535256,1320.6124148184826,3.259449672851333,0.1411281546440325,0.2252077278342341,0.0317831510408209,0.250420002308894,2.106795973064395,-1.78,-127.87804055661692
CM_018-2,-102.126046,41.316592,20.47,8.0,8.26,91.71,-1.64,-102.126046,41.316592,-127.87804055661692,175.14975498535256,1320.6124148184826,3.259449672851333,0.1411281546440325,0.2252077278342341,0.0317831510408209,0.21484384804769785,2.106795973064395,-1.64,-127.87804055661692
CM_018-3,-102.126046,41.316592,20.47,8.0,8.26,91.71,-0.86,-102.126046,41.316592,-127.87804055661692,175.14975498535256,1320.6124148184826,3.259449672851333,0.1411281546440325,0.2252077278342341,0.0317831510408209,-0.06550154875643228,2.106795973064395,-0.86,-127.87804055661692
CM_020-1,-79.04489,33.82767,30.16,6.5,4.36,57.87,-18.49,-79.04489,33.82767,-219.1319963673701,169.96722396645148,1319.922415002148,2.121912053888599,0.1370346439480507,0.1466109436511986,0.0200907784621296,1.266936911159173,2.34070579532084,-18.49,-219.1319963673701
CM_020-2,-79.04489,33.82767,30.16,6.5,4.36,57.87,-21.45,-79.04489,33.82767,-219.1319963673701,169.96722396645148,1319.922415002148,2.121912053888599,0.1370346439480507,0.1466109436511986,0.0200907784621296,1.331427296520743,2.34070579532084,-21.45,-219.1319963673701
CM_020-3,-79.04489,33.82767,30.16,6.5,4.36,57.87,-15.72,-79.04489,33.82767,-219.1319963673701,169.96722396645148,1319.922415002148,2.121912053888599,0.1370346439480507,0.1466109436511986,0.0200907784621296,1.196452541703389,2.34070579532084,-15.72,-219.1319963673701
CM_027-1,-95.28318,29.33381,32.93,7.5,10.96,152.38,-3293.85,-95.28318,29.33381,-2334.9946625378407,533.231023621808,1418.0097175072774,2.880073991286564,0.4221891554062991,0.1989952245541865,0.0840136257844188,3.517703817767683,3.368285892168507,-3293.85,-2334.9946625378407
CM_027-2,-95.28318,29.33381,32.93,7.5,10.96,152.38,-2717.18,-95.28318,29.33381,-2334.9946625378407,533.231023621808,1418.0097175072774,2.880073991286564,0.4221891554062991,0.1989952245541865,0.0840136257844188,3.434118409274495,3.368285892168507,-2717.18,-2334.9946625378407
CM_027-3,-95.28318,29.33381,32.93,7.5,10.96,152.38,-1941.4,-95.28318,29.33381,-2334.9946625378407,533.231023621808,1418.0097175072774,2.880073991286564,0.4221891554062991,0.1989952245541865,0.0840136257844188,3.288115025288103,3.368285892168507,-1941.4,-2334.9946625378407
CM_028-1,-96.57826799,28.83182444,33.25,8.0,8.1,113.29,-42.78,-96.57826799,28.83182444,-326.95021252853417,165.86603786097396,1319.376232228861,3.916821439901048,0.1349974862228517,0.2706280339775511,0.0365341042884018,1.6312407802355091,2.5144816240047616,-42.78,-326.95021252853417
CM_028-2,-96.57826799,28.83182444,33.25,8.0,8.1,113.29,-30.01,-96.57826799,28.83182444,-326.95021252853417,165.86603786097396,1319.376232228861,3.916821439901048,0.1349974862228517,0.2706280339775511,0.0365341042884018,1.4772659954248526,2.5144816240047616,-30.01,-326.95021252853417
CM_028-3,-96.57826799,28.83182444,33.25,8.0,8.1,113.29,-41.12,-96.57826799,28.83182444,-326.95021252853417,165.86603786097396,1319.376232228861,3.916821439901048,0.1349974862228517,0.2706280339775511,0.0365341042884018,1.6140531059872194,2.5144816240047616,-41.12,-326.95021252853417
S19S_0019-D,-84.278999,35.9563807,18.3,8.0,11.46,121.9,-4.6,-84.278999,35.9563807,-127.73979257803958,175.5512290097504,1320.6637086659423,1.2533203622074154,0.1413758259965639,0.0865966526104376,0.012242673291338,0.6627578316815741,2.106326206621669,-4.6,-127.73979257803958
S19S_0019-M,-84.2789099,35.956601,18.3,8.0,11.46,121.9,-36.16,-84.2789099,35.956601,-127.73979257803958,175.5512290097504,1320.6637086659423,1.2533203622074154,0.1413758259965639,0.0865966526104376,0.012242673291338,1.5582284218033258,2.106326206621669,-36.16,-127.73979257803958
S19S_0019-U,-84.2786976,35.9572803,18.3,8.0,11.46,121.9,-11.18,-84.2786976,35.9572803,-127.73979257803958,175.5512290097504,1320.6637086659423,1.2533203622074154,0.1413758259965639,0.0865966526104376,0.012242673291338,1.0484418035504044,2.106326206621669,-11.18,-127.73979257803958
S19S_0006-D,-76.717163,39.311369,25.7,7.5,,,-1575.97,-76.717163,39.311369,-215.70918097593955,165.5961131289452,1319.334607050641,0.64075142048147,0.1354592099204706,0.0442719434250248,0.0059970424779975,3.197547946047912,2.3338686298607074,-1575.97,-215.70918097593955
S19S_0006-M,-76.717316,39.31162,25.7,7.5,,,-3.28,-76.717316,39.31162,-215.70918097593955,165.5961131289452,1319.334607050641,0.64075142048147,0.1354592099204706,0.0442719434250248,0.0059970424779975,0.5158738437116791,2.3338686298607074,-3.28,-215.70918097593955
S19S_0006-U,-76.717476,39.311813,25.7,7.5,,,-47.48,-76.717476,39.311813,-215.70918097593955,165.5961131289452,1319.334607050641,0.64075142048147,0.1354592099204706,0.0442719434250248,0.0059970424779975,1.6765107102825536,2.3338686298607074,-47.48,-215.70918097593955
S19S_0007-D,-119.195598,37.05255,11.2,6.5,,,-10.36,-119.195598,37.05255,-163.2518135790554,181.6449630645652,1321.518138691595,2.999240178622398,0.145414318452334,0.2072288679535935,0.0301340445971205,1.0153597554092142,2.212858014590305,-10.36,-163.2518135790554
S19S_0007-U,-119.195359,37.05229,11.2,6.5,,,-16.41,-119.195359,37.05229,-163.2518135790554,181.6449630645652,1321.518138691595,2.999240178622398,0.145414318452334,0.2072288679535935,0.0301340445971205,1.2151085810530933,2.212858014590305,-16.41,-163.2518135790554
S19S_0008-D,-119.027785,36.961112,12.6,6.5,4.62,41.1,-7.46,-119.027785,36.961112,-98.50137493677066,178.89758079780282,1321.125416679332,8.472039224709148,0.1436125920318586,0.5853652902853943,0.0840658266233668,0.8727388274726688,1.993442292662941,-7.46,-98.50137493677066
S19S_0008-M,-119.028281,36.961369,12.6,6.5,4.62,41.1,-10.64,-119.02828100000002,36.961369,-98.50137493677066,178.89758079780282,1321.125416679332,8.472039224709148,0.1436125920318586,0.5853652902853943,0.0840658266233668,1.0269416279590293,1.993442292662941,-10.64,-98.50137493677066
S19S_0008-U,-119.028254,36.961273,12.6,6.5,4.62,41.1,-15.32,-119.02825400000002,36.961273,-98.50137493677066,178.89758079780282,1321.125416679332,8.472039224709148,0.1436125920318586,0.5853652902853943,0.0840658266233668,1.1852587652965851,1.993442292662941,-15.32,-98.50137493677066
S19S_0009-D,-108.3983,42.9877,25.6,8.0,,,-37.43,-108.39830000000002,42.9877,-191.59688619474176,169.59396078394866,1319.871248281695,2.385372340760412,0.1371589439498444,0.1648144131126713,0.0226057708502473,1.573219827114422,2.282388446707922,-37.43,-191.59688619474176
S19S_0009-M,-108.3983,42.9876,25.6,8.0,,,-35.0,-108.39830000000002,42.9876,-191.59688619474176,169.59396078394866,1319.871248281695,2.385372340760412,0.1371589439498444,0.1648144131126713,0.0226057708502473,1.5440680443502757,2.282388446707922,-35.0,-191.59688619474176
S19S_0009-U,-108.3982,42.9875,25.6,8.0,,,-22.83,-108.3982,42.9875,-191.59688619474176,169.59396078394866,1319.871248281695,2.385372340760412,0.1371589439498444,0.1648144131126713,0.0226057708502473,1.3585059114902354,2.282388446707922,-22.83,-191.59688619474176
S19S_0010-D,-81.840062,31.667875,30.0,6.7,,,-1.72,-81.840062,31.667875,-129.20410936946644,175.62928138790903,1320.678237982718,4.3115835135763385,0.1411051271126629,0.2979036413869979,0.0420357311852374,0.23552844690754893,2.1112763267248704,-1.72,-129.20410936946644
S19S_0010-M,-81.839976,31.667835,30.0,6.7,,,-3.09,-81.839976,31.667835000000004,-129.20410936946644,175.62928138790903,1320.678237982718,4.3115835135763385,0.1411051271126629,0.2979036413869979,0.0420357311852374,0.4899584794248346,2.1112763267248704,-3.09,-129.20410936946644
S19S_0010-U,-81.8403,31.667905,30.0,6.7,,,-21.96,-81.8403,31.667905,-129.20410936946644,175.62928138790903,1320.678237982718,4.3115835135763385,0.1411051271126629,0.2979036413869979,0.0420357311852374,1.3416323357780544,2.1112763267248704,-21.96,-129.20410936946644
S19S_0011-D,-83.437674,33.955686,24.0,6.7,,,-240.66,-83.437674,33.955686,-419.0352632975827,175.96489388268373,1320.8615092059322,2.281207292803031,0.1419203961805428,0.1576172552716961,0.0223691033130488,2.3814039123652906,2.622250571918908,-240.66,-419.0352632975827
S19S_0011-M,-83.438589,33.957827,24.0,6.7,,,-2420.08,-83.438589,33.957827,-419.0352632975827,175.96489388268373,1320.8615092059322,2.281207292803031,0.1419203961805428,0.1576172552716961,0.0223691033130488,3.3838297225855105,2.622250571918908,-2420.08,-419.0352632975827
S19S_0011-U,-83.437673,33.95569,24.0,6.7,,,-17.53,-83.437673,33.95569,-419.0352632975827,175.96489388268373,1320.8615092059322,2.281207292803031,0.1419203961805428,0.1576172552716961,0.0223691033130488,1.243781916093795,2.622250571918908,-17.53,-419.0352632975827
S19S_0015-D,-84.439009,31.184396,28.2,7.0,6.87,88.3,-12.16,-84.439009,31.184396,-150.49088145478825,173.80873145757545,1320.4353009634142,4.197650307167979,0.1400990946522468,0.2900315644674456,0.0406331596024638,1.0849335749367162,2.177510185950844,-12.16,-150.49088145478825
S19S_0015-M,-84.437802,31.184508,28.2,7.0,6.87,88.3,-1.38,-84.437802,31.184508,-150.49088145478825,173.80873145757545,1320.4353009634142,4.197650307167979,0.1400990946522468,0.2900315644674456,0.0406331596024638,0.13987908640123647,2.177510185950844,-1.38,-150.49088145478825
S19S_0015-U,-84.437254,31.185895,28.2,7.0,6.87,88.3,-9.4,-84.437254,31.185895,-150.49088145478825,173.80873145757545,1320.4353009634142,4.197650307167979,0.1400990946522468,0.2900315644674456,0.0406331596024638,0.9731278535996987,2.177510185950844,-9.4,-150.49088145478825
S19S_0018-D,-83.504941,35.6922935,18.3,6.5,9.8,103.2,-4.62,-83.504941,35.6922935,-94.56300790829842,179.28602519224046,1321.1773761526329,4.2762221201376605,0.1438861473970989,0.2954603887312787,0.0425126570429928,0.6646419755561255,1.9757212780168738,-4.62,-94.56300790829842
S19S_0018-M,-83.5044488,35.692083,18.3,6.5,9.8,103.2,-1.45,-83.5044488,35.692083,-94.56300790829842,179.28602519224046,1321.1773761526329,4.2762221201376605,0.1438861473970989,0.2954603887312787,0.0425126570429928,0.16136800223497488,1.9757212780168738,-1.45,-94.56300790829842
S19S_0018-U,-83.5041467,35.6918387,18.3,6.5,9.8,103.2,-8.99,-83.5041467,35.6918387,-94.56300790829842,179.28602519224046,1321.1773761526329,4.2762221201376605,0.1438861473970989,0.2954603887312787,0.0425126570429928,0.9537596917332288,1.9757212780168738,-8.99,-94.56300790829842
S19S_0022-D,-87.40811,32.96161,22.3,7.0,7.45,84.9,-0.77,-87.40811,32.96161,-115.3860368386109,177.02153286442103,1320.8653015798104,1.3509872832717384,0.1423185485386269,0.0933448302432035,0.0132847007537972,-0.11350927482751812,2.062153256905986,-0.77,-115.3860368386109
S19S_0022-M,-87.40821,32.96156,22.3,7.0,7.45,84.9,-0.87,-87.40821,32.96156,-115.3860368386109,177.02153286442103,1320.8653015798104,1.3509872832717384,0.1423185485386269,0.0933448302432035,0.0132847007537972,-0.060480747381381476,2.062153256905986,-0.87,-115.3860368386109
S19S_0022-U,-87.40828,32.96142,22.3,7.0,7.45,84.9,-0.37,-87.40828,32.96142,-115.3860368386109,177.02153286442103,1320.8653015798104,1.3509872832717384,0.1423185485386269,0.0933448302432035,0.0132847007537972,-0.431798275933005,2.062153256905986,-0.37,-115.3860368386109
S19S_0026-D,-105.54327,40.03489,9.5,6.0,8.25,98.9,-17.98,-105.54327,40.03489,-94.31201629503256,179.56204249999467,1321.2199792077515,5.9483492163242095,0.1439290732058344,0.410993985435904,0.0591539834169618,1.25478968739721,1.9745670297273583,-17.98,-94.31201629503256
S19S_0026-M,-105.54371,40.03496,9.5,6.0,8.25,98.9,-3.11,-105.54371,40.03496,-94.31201629503256,179.56204249999467,1321.2199792077515,5.9483492163242095,0.1439290732058344,0.410993985435904,0.0591539834169618,0.4927603890268375,1.9745670297273583,-3.11,-94.31201629503256
S19S_0026-U,-105.54393,40.03497,9.5,6.0,8.25,98.9,-5.64,-105.54393,40.03497,-94.31201629503256,179.56204249999467,1321.2199792077515,5.9483492163242095,0.1439290732058344,0.410993985435904,0.0591539834169618,0.7512791039833423,1.9745670297273583,-5.64,-94.31201629503256
S19S_0029-D,-111.80126,40.78319,12.0,7.5,9.72,90.0,-79.25,-111.80126,40.78319,-157.48318551381928,173.10029395643323,1320.342273685138,3.2470987009232126,0.1395126785255201,0.2243543523863343,0.0313002766402758,1.8989992708897891,2.1972341909612303,-79.25,-157.48318551381928
S19S_0029-M,-111.79582,40.78466,12.0,7.5,9.72,90.0,-110.45,-111.79582,40.78466,-157.48318551381928,173.10029395643323,1320.342273685138,3.2470987009232126,0.1395126785255201,0.2243543523863343,0.0313002766402758,2.043165720207454,2.1972341909612303,-110.45,-157.48318551381928
S19S_0029-U,-111.79547,40.78464,12.0,7.5,9.72,90.0,-10.71,-111.79547,40.78464,-157.48318551381928,173.10029395643323,1320.342273685138,3.2470987009232126,0.1395126785255201,0.2243543523863343,0.0313002766402758,1.0297894708318558,2.1972341909612303,-10.71,-157.48318551381928
S19S_0034-D,-106.5233,35.8677,13.8,7.0,9.719755395849626,94.0,-115.73,-106.52330000000002,35.8677,-149.2130480224689,172.5587565181897,1320.2472087842596,3.943017773721837,0.1398496242512061,0.2724380379381909,0.0381003572373918,2.063445953123033,2.173806801932813,-115.73,-149.2130480224689
S19S_0034-M,-106.5232,35.8678,13.8,7.0,9.719755395849626,94.0,-8.0,-106.5232,35.8678,-149.2130480224689,172.5587565181897,1320.2472087842596,3.943017773721837,0.1398496242512061,0.2724380379381909,0.0381003572373918,0.9030899869919435,2.173806801932813,-8.0,-149.2130480224689
S19S_0034-U,-106.5233,35.868,13.8,7.0,9.719755395849626,94.0,-27.46,-106.52330000000002,35.868,-149.2130480224689,172.5587565181897,1320.2472087842596,3.943017773721837,0.1398496242512061,0.2724380379381909,0.0381003572373918,1.4387005329007363,2.173806801932813,-27.46,-149.2130480224689
S19S_0036-D,-119.271902,46.372515,11.0,7.0,,,-41.22,-119.271902,46.372515,-177.4401173393429,180.17917413422248,1321.3155834470344,3.8339758476969417,0.1445334798579839,0.2649039181132165,0.0382874851129175,1.6151079874431942,2.2490518159996986,-41.22,-177.4401173393429
S19S_0036-M,-119.271921,46.372735,11.0,7.0,,,-4.84,-119.271921,46.372735,-177.4401173393429,180.17917413422248,1321.3155834470344,3.8339758476969417,0.1445334798579839,0.2649039181132165,0.0382874851129175,0.6848453616444125,2.2490518159996986,-4.84,-177.4401173393429
S19S_0036-U,-119.271963,46.372753,11.0,7.0,,,-16.74,-119.271963,46.372753,-177.4401173393429,180.17917413422248,1321.3155834470344,3.8339758476969417,0.1445334798579839,0.2649039181132165,0.0382874851129175,1.2237554536572413,2.2490518159996986,-16.74,-177.4401173393429
S19S_0039-D,-84.359197,35.966194,22.8,7.5,6.13,71.0,-1671.03,-84.359197,35.966194,-767.3422409340997,221.26117269529212,1329.7728065494914,1.1903014153414464,0.1790249649232252,0.0822424347949571,0.0147234490043678,3.2229842468518015,2.884989106059001,-1671.03,-767.3422409340997
S19S_0039-M,-84.358455,35.966319,22.8,7.5,6.13,71.0,-11.12,-84.358455,35.966319,-767.3422409340997,221.26117269529212,1329.7728065494914,1.1903014153414464,0.1790249649232252,0.0822424347949571,0.0147234490043678,1.0461047872460387,2.884989106059001,-11.12,-767.3422409340997
S19S_0039-U,-84.357361,35.966243,22.8,7.5,6.13,71.0,-1694.52,-84.357361,35.966243,-767.3422409340997,221.26117269529212,1329.7728065494914,1.1903014153414464,0.1790249649232252,0.0822424347949571,0.0147234490043678,3.229046699073886,2.884989106059001,-1694.52,-767.3422409340997
S19S_0040-D,-96.584725,39.087889,21.7,7.5,8.62,98.2,-26.93,-96.584725,39.087889,-258.7790964969901,166.78788813250935,1319.5114202198588,1.180779504075177,0.1356285303117059,0.0815845298673931,0.0110651898820859,1.4302363534115103,2.4129291922336815,-26.93,-258.7790964969901
S19S_0040-M,-96.584798,39.087692,21.7,7.5,8.62,98.2,-60.88,-96.584798,39.087692,-258.7790964969901,166.78788813250935,1319.5114202198588,1.180779504075177,0.1356285303117059,0.0815845298673931,0.0110651898820859,1.7844746437625165,2.4129291922336815,-60.88,-258.7790964969901
S19S_0040-U,-96.58479,39.08766,21.7,7.5,8.62,98.2,-1890.34,-96.58479,39.08766,-258.7790964969901,166.78788813250935,1319.5114202198588,1.180779504075177,0.1356285303117059,0.0815845298673931,0.0110651898820859,3.276539924196441,2.4129291922336815,-1890.34,-258.7790964969901
S19S_0041-D,-120.858196,44.299994,20.0,6.5,,,-4.81,-120.858196,44.299994,-193.9589492080699,178.76646676265202,1321.1333304258574,1.5996364371520666,0.1432961650587005,0.1105249424074473,0.0158378003903208,0.6821450763738317,2.2877098226162387,-4.81,-193.9589492080699
S19S_0041-M,-120.858255,44.300038,20.0,6.5,,,-88.82,-120.858255,44.300038,-193.9589492080699,178.76646676265202,1321.1333304258574,1.5996364371520666,0.1432961650587005,0.1105249424074473,0.0158378003903208,1.948510768837657,2.2877098226162387,-88.82,-193.9589492080699
S19S_0041-U,-120.85829,44.300082,20.0,6.5,,,-48.64,-120.85828999999998,44.300082,-193.9589492080699,178.76646676265202,1321.1333304258574,1.5996364371520666,0.1432961650587005,0.1105249424074473,0.0158378003903208,1.6869935662646784,2.2877098226162387,-48.64,-193.9589492080699
S19S_0042-D,-80.96434,25.40976,29.1,7.5,3.9,49.1,-19.26,-80.96434,25.40976,-182.2123894821744,170.52748421912915,1320.000599921012,3.4861165425758047,0.1379453933344352,0.2408690006960701,0.0332267690430917,1.2846562827885157,2.260577903376874,-19.26,-182.2123894821744
S19S_0042-M,-80.96423,25.40979,29.1,7.5,3.9,49.1,-31.19,-80.96423,25.40979,-182.2123894821744,170.52748421912915,1320.000599921012,3.4861165425758047,0.1379453933344352,0.2408690006960701,0.0332267690430917,1.4940153747571439,2.260577903376874,-31.19,-182.2123894821744
S19S_0042-U,-80.96423,25.40982,29.1,7.5,3.9,49.1,-50.32,-80.96423,25.40982,-182.2123894821744,170.52748421912915,1320.000599921012,3.4861165425758047,0.1379453933344352,0.2408690006960701,0.0332267690430917,1.7017406324372124,2.260577903376874,-50.32,-182.2123894821744
S19S_0043-D,-89.472992,43.14501,15.7,7.5,,,-19.4,-89.472992,43.14501,-320.3105016085891,186.8099381682877,1323.2924297676825,2.264060893592515,0.1488281332389755,0.156432545583155,0.0232815637369618,1.287801729930226,2.5055711775520395,-19.4,-320.3105016085891
S19S_0043-M,-89.472023,43.145025,15.7,7.5,,,-29.33,-89.472023,43.145025,-320.3105016085891,186.8099381682877,1323.2924297676825,2.264060893592515,0.1488281332389755,0.156432545583155,0.0232815637369618,1.467312062980552,2.5055711775520395,-29.33,-320.3105016085891
S19S_0054-D,-77.0237,37.57261,29.1,6.7,5.0,71.0,-2448.32,-77.0237,37.57261,-1858.331234084611,407.18619441174576,1378.318181774912,2.3617276572114445,0.3662531824225084,0.1631807123374222,0.0597654552035527,3.3888681802838656,3.2691231264035934,-2448.32,-1858.331234084611
S19S_0054-M,-77.0237,37.57267,29.1,6.7,5.0,71.0,-2675.86,-77.0237,37.57267,-1858.331234084611,407.18619441174576,1378.318181774912,2.3617276572114445,0.3662531824225084,0.1631807123374222,0.0597654552035527,3.4274633875644,3.2691231264035934,-2675.86,-1858.331234084611
S19S_0054-U,-77.02396,37.5728,29.1,6.7,5.0,71.0,-2907.84,-77.02396,37.5728,-1858.331234084611,407.18619441174576,1378.318181774912,2.3617276572114445,0.3662531824225084,0.1631807123374222,0.0597654552035527,3.4635705063724243,3.2691231264035934,-2907.84,-1858.331234084611
S19S_0055-D,-117.180863,46.732428,20.1,7.5,,,-1515.51,-117.180863,46.732428,-323.6586081749505,163.59234979868947,1319.1062609377966,2.576420919011211,0.1325282830363606,0.1780146832601729,0.0235919803277322,3.18055880637866,2.510087162205686,-1515.51,-323.6586081749505
S19S_0055-M,-117.180621,46.732323,20.1,7.5,,,-97.9,-117.180621,46.732323,-323.6586081749505,163.59234979868947,1319.1062609377966,2.576420919011211,0.1325282830363606,0.1780146832601729,0.0235919803277322,1.990782691803138,2.510087162205686,-97.9,-323.6586081749505
S19S_0055-U,-117.180384,46.7322206,20.1,7.5,,,-33.71,-117.180384,46.7322206,-323.6586081749505,163.59234979868947,1319.1062609377966,2.576420919011211,0.1325282830363606,0.1780146832601729,0.0235919803277322,1.527758752520972,2.510087162205686,-33.71,-323.6586081749505
S19S_0074-D,-119.272998,46.376172,11.0,6.5,,,-5.14,-119.272998,46.376172,-169.07736450243164,181.0250029244185,1321.431987164204,3.8662157312208096,0.1449990618560692,0.2671314938216333,0.0387338159963471,0.7109631189952758,2.228085469633847,-5.14,-169.07736450243164
S19S_0074-M,-119.272953,46.376303,11.0,6.5,,,-2.89,-119.272953,46.376303,-169.07736450243164,181.0250029244185,1321.431987164204,3.8662157312208096,0.1449990618560692,0.2671314938216333,0.0387338159963471,0.4608978427565479,2.228085469633847,-2.89,-169.07736450243164
S19S_0074-U,-119.272955,46.376327,11.0,6.5,,,-5.0,-119.272955,46.376327,-169.07736450243164,181.0250029244185,1321.431987164204,3.8662157312208096,0.1449990618560692,0.2671314938216333,0.0387338159963471,0.6989700043360189,2.228085469633847,-5.0,-169.07736450243164
S19S_0023-D,-102.44896,39.75841,24.7,7.5,3.83,52.7,-33.5,-102.44896,39.75841,-183.42773434047731,170.32718796516895,1319.9742362284535,1.5287674330886711,0.1377255570319612,0.1056283343966138,0.0145477211931318,1.5250448070368452,2.263465001783229,-33.5,-183.42773434047731
S19S_0023-M,-102.44896,39.75861,24.7,7.5,3.83,52.7,-22.89,-102.44896,39.75861,-183.42773434047731,170.32718796516895,1319.9742362284535,1.5287674330886711,0.1377255570319612,0.1056283343966138,0.0145477211931318,1.3596457926745429,2.263465001783229,-22.89,-183.42773434047731
S19S_0023-U,-102.44917,39.75854,24.7,7.5,3.83,52.7,-79.59,-102.44917,39.75854,-183.42773434047731,170.32718796516895,1319.9742362284535,1.5287674330886711,0.1377255570319612,0.1056283343966138,0.0145477211931318,1.9008585047019917,2.263465001783229,-79.59,-183.42773434047731
S19S_0025-D,-97.78275,33.37853,26.0,7.0,5.04,62.2,-47.08,-97.78275,33.37853,-229.45733504520496,167.30812883777466,1319.5825606902813,2.122394774409125,0.1358456183114296,0.1466442966409723,0.0199209851490375,1.6728364541713971,2.360701945311306,-47.08,-229.45733504520496
S19S_0025-M,-97.78307,33.37834,26.0,7.0,5.04,62.2,-61.3,-97.78307,33.37834,-229.45733504520496,167.30812883777466,1319.5825606902813,2.122394774409125,0.1358456183114296,0.1466442966409723,0.0199209851490375,1.787460474518415,2.360701945311306,-61.3,-229.45733504520496
S19S_0025-U,-97.78338,33.37834,26.0,7.0,5.04,62.2,-24.29,-97.78338,33.37834,-229.45733504520496,167.30812883777466,1319.5825606902813,2.122394774409125,0.1358456183114296,0.1466442966409723,0.0199209851490375,1.3854275148051305,2.360701945311306,-24.29,-229.45733504520496
S19S_0028-D,-111.507871,33.750675,23.8,7.5,,,-9.45,-111.507871,33.750675,-202.27748828962552,177.87665299217028,1321.0102290369584,0.2669100321197124,0.1429571488244491,0.01844182543161,0.0026363907828211,0.9754318085092629,2.305947552293272,-9.45,-202.27748828962552
S19S_0028-M,-111.508001,33.750788,23.8,7.5,,,-33.33,-111.508001,33.750788,-202.27748828962552,177.87665299217028,1321.0102290369584,0.2669100321197124,0.1429571488244491,0.01844182543161,0.0026363907828211,1.5228353136605302,2.305947552293272,-33.33,-202.27748828962552
S19S_0028-U,-111.508141,33.750837,23.8,7.5,,,-16.54,-111.508141,33.750837,-202.27748828962552,177.87665299217028,1321.0102290369584,0.2669100321197124,0.1429571488244491,0.01844182543161,0.0026363907828211,1.2185355052165279,2.305947552293272,-16.54,-202.27748828962552
S19S_0044-D,-79.811134,33.131027,24.0,6.0,,,-1011.81,-79.811134,33.131027,-1251.627840179707,286.773673940932,1342.530545146746,2.1482190766218228,0.2297873007271245,0.1484285955281948,0.0341070063171419,3.0050989673470667,3.0974752146706654,-1011.81,-1251.627840179707
S19S_0044-M,-79.810626,33.130966,24.0,6.0,,,-2785.54,-79.810626,33.130966,-1251.627840179707,286.773673940932,1342.530545146746,2.1482190766218228,0.2297873007271245,0.1484285955281948,0.0341070063171419,3.4449093992537447,3.0974752146706654,-2785.54,-1251.627840179707
S19S_0044-U,-79.810168,33.130796,24.0,6.0,,,-1906.69,-79.810168,33.130796,-1251.627840179707,286.773673940932,1342.530545146746,2.1482190766218228,0.2297873007271245,0.1484285955281948,0.0341070063171419,3.280280088833452,3.0974752146706654,-1906.69,-1251.627840179707
S19S_0075-D,-119.465555,46.694742,11.0,6.5,,,-3.99,-119.465555,46.694742,-101.19560719944454,178.40467924873371,1321.053652335157,3.973437845595311,0.1432245884559331,0.2745398759644814,0.0393208607497557,0.6009728956867483,2.005161660621884,-3.99,-101.19560719944454
S19S_0075-M,-119.465591,46.694842,11.0,6.5,,,-0.75,-119.465591,46.694842,-101.19560719944454,178.40467924873371,1321.053652335157,3.973437845595311,0.1432245884559331,0.2745398759644814,0.0393208607497557,-0.12493873660829995,2.005161660621884,-0.75,-101.19560719944454
S19S_0075-U,-119.465706,46.694858,11.0,6.5,,,-1.3,-119.465706,46.694858,-101.19560719944454,178.40467924873371,1321.053652335157,3.973437845595311,0.1432245884559331,0.2745398759644814,0.0393208607497557,0.11394335230683679,2.005161660621884,-1.3,-101.19560719944454
S19S_0076-D,-119.462605,46.679191,14.0,6.5,,,-15.42,-119.46260499999998,46.679191,-109.76795076270224,177.25191968616244,1320.89119566376,4.112982727045677,0.1424672896878465,0.2841815605543965,0.0404865767114474,1.1880843737149382,2.040475556519672,-15.42,-109.76795076270224
S19S_0076-M,-119.46257,46.679318,14.0,6.5,,,-11.67,-119.46257,46.679318,-109.76795076270224,177.25191968616244,1320.89119566376,4.112982727045677,0.1424672896878465,0.2841815605543965,0.0404865767114474,1.06707085604537,2.040475556519672,-11.67,-109.76795076270224
S19S_0076-U,-119.462645,46.679398,14.0,6.5,,,-22.07,-119.462645,46.679398,-109.76795076270224,177.25191968616244,1320.89119566376,4.112982727045677,0.1424672896878465,0.2841815605543965,0.0404865767114474,1.343802333161655,2.040475556519672,-22.07,-109.76795076270224
S19S_0016-D,-96.6025,39.10445,18.5,7.5,4.37,48.7,-9.12,-96.6025,39.10445,-307.91479748469084,180.49091959318417,1321.8652217040726,1.2444116250330783,0.1406302126594361,0.0859811142041796,0.012091542375229,0.9599948383284161,2.488430560327447,-9.12,-307.91479748469084
S19S_0016-M,-96.60286,39.10429,18.5,7.5,4.37,48.7,-1752.9,-96.60286,39.10429,-307.91479748469084,180.49091959318417,1321.8652217040726,1.2444116250330783,0.1406302126594361,0.0859811142041796,0.012091542375229,3.24375714102993,2.488430560327447,-1752.9,-307.91479748469084
S19S_0016-U,-96.60276,39.10415,18.5,7.5,4.37,48.7,-20.06,-96.60276,39.10415,-307.91479748469084,180.49091959318417,1321.8652217040726,1.2444116250330783,0.1406302126594361,0.0859811142041796,0.012091542375229,1.3023309286843994,2.488430560327447,-20.06,-307.91479748469084
S19S_0033-D,-119.2554,37.0576,16.6,7.0,9.46,97.3,-2.08,-119.25539999999998,37.0576,-96.1532578396916,179.04860274794072,1321.1439490793598,2.9399312341281765,0.1437673250384152,0.203130988259042,0.0292035988144121,0.31806333496276157,1.9829640034765448,-2.08,-96.1532578396916
S19S_0033-M,-119.2557,37.0582,16.6,7.0,9.46,97.3,-1.77,-119.2557,37.0582,-96.1532578396916,179.04860274794072,1321.1439490793598,2.9399312341281765,0.1437673250384152,0.203130988259042,0.0292035988144121,0.24797326636180664,1.9829640034765448,-1.77,-96.1532578396916
S19S_0033-U,-119.256,37.0581,16.6,7.0,9.46,97.3,-3.94,-119.256,37.0581,-96.1532578396916,179.04860274794072,1321.1439490793598,2.9399312341281765,0.1437673250384152,0.203130988259042,0.0292035988144121,0.5954962218255742,1.9829640034765448,-3.94,-96.1532578396916
S19S_0035-D,-110.757838,32.42735,18.4,6.5,5.88,63.1,-12.66,-110.75783800000002,32.42735,-101.41713176953849,178.5468893971113,1321.0763740077475,7.481820387748408,0.1433089340926403,0.5169473189364139,0.0740831692588256,1.1024337056813363,2.0061113238782258,-12.66,-101.41713176953849
S19S_0035-M,-110.758821,32.42728,18.4,6.5,5.88,63.1,-7.65,-110.75882099999998,32.42728,-101.41713176953849,178.5468893971113,1321.0763740077475,7.481820387748408,0.1433089340926403,0.5169473189364139,0.0740831692588256,0.8836614351536176,2.0061113238782258,-7.65,-101.41713176953849
S19S_0035-U,-110.759543,32.327329,18.4,6.5,5.88,63.1,-11.52,-110.75954299999998,32.327329,-99.63418932897191,178.72924053173207,1321.1008713657409,4.337192917620293,0.1434786543613072,0.2996730921455005,0.0429966920093284,1.0614524790871933,1.9984083915265647,-11.52,-99.63418932897191
S19S_0037-D,-75.7830393,39.8577967,19.4,6.5,8.97,98.6,-7.5,-75.7830393,39.8577967,-132.62585210215738,174.94784515208727,1320.5805207007602,0.3627197985671798,0.1409436055737266,0.0250616852152058,0.0035322842759848,0.8750612633917001,2.1226281871983788,-7.5,-132.62585210215738
S19S_0037-M,-75.7830477,39.8578837,19.4,6.5,8.97,98.6,-14.69,-75.7830477,39.8578837,-132.62585210215738,174.94784515208727,1320.5805207007602,0.3627197985671798,0.1409436055737266,0.0250616852152058,0.0035322842759848,1.1670217957902564,2.1226281871983788,-14.69,-132.62585210215738
S19S_0037-U,-75.7831181,39.8579143,19.4,6.5,8.97,98.6,-14.12,-75.7831181,39.8579143,-132.62585210215738,174.94784515208727,1320.5805207007602,0.3627197985671798,0.1409436055737266,0.0250616852152058,0.0035322842759848,1.1498346967157849,2.1226281871983788,-14.12,-132.62585210215738
S19S_0038-D,-75.7839486,39.8594333,19.5,6.5,8.62,95.1,-7.06,-75.7839486,39.8594333,-128.921302235195,175.36417830287368,1320.6376759321452,0.3590679817477845,0.1412220767353225,0.0248093673545519,0.0035036303802992,0.8488047010518037,2.110324683674791,-7.06,-128.921302235195
S19S_0038-M,-75.7840693,39.8595115,19.5,6.5,8.62,95.1,-3.59,-75.7840693,39.8595115,-128.921302235195,175.36417830287368,1320.6376759321452,0.3590679817477845,0.1412220767353225,0.0248093673545519,0.0035036303802992,0.5550944485783191,2.110324683674791,-3.59,-128.921302235195
S19S_0038-U,-75.784143,39.8595761,19.5,6.5,8.62,95.1,-10.78,-75.784143,39.8595761,-128.921302235195,175.36417830287368,1320.6376759321452,0.3590679817477845,0.1412220767353225,0.0248093673545519,0.0035036303802992,1.0326187608507198,2.110324683674791,-10.78,-128.921302235195
S19S_0059-D,-117.3915976,48.16874998,11.0,6.5,,,-1413.77,-117.3915976,48.16874998,-255.8788605953848,176.9590751031721,1320.9212950307592,2.539471255021497,0.1409983395866665,0.175461690974183,0.0247398070884285,3.150378761755404,2.408034408177154,-1413.77,-255.8788605953848
S19S_0059-M,-117.3913007,48.16841972,11.0,6.5,,,-42.76,-117.39130070000002,48.16841972,-255.8788605953848,176.9590751031721,1320.9212950307592,2.539471255021497,0.1409983395866665,0.175461690974183,0.0247398070884285,1.6310376965367404,2.408034408177154,-42.76,-255.8788605953848
S19S_0059-U,-117.3903992,48.16859001,11.0,6.5,,,-19.87,-117.3903992,48.16859001,-255.8788605953848,176.9590751031721,1320.9212950307592,2.539471255021497,0.1409983395866665,0.175461690974183,0.0247398070884285,1.298197867109815,2.408034408177154,-19.87,-255.8788605953848
S19S_0061-D,-89.6407,43.1095,16.9,7.5,7.56,78.0,-1953.6,-89.6407,43.1095,-1403.599364032293,304.9614941919512,1346.8379214293127,1.5628367906607326,0.248405893958369,0.1079823153988313,0.0268234435883412,3.290835646600807,3.147243162765563,-1953.6,-1403.599364032293
S19S_0061-M,-89.6405,43.1095,16.9,7.5,7.56,78.0,-1939.15,-89.6405,43.1095,-1403.599364032293,304.9614941919512,1346.8379214293127,1.5628367906607326,0.248405893958369,0.1079823153988313,0.0268234435883412,3.28761140456744,3.147243162765563,-1939.15,-1403.599364032293
S19S_0063-D,-97.709399,30.250335,24.0,7.5,,,-1.29,-97.709399,30.250335,-202.60506715974788,176.65854219648824,1320.8182681116436,3.735731318093576,0.1423658855592884,0.2581158313179502,0.0367468889024518,0.11058971029924898,2.306650302880126,-1.29,-202.60506715974788
S19S_0063-M,-97.70953,30.250384,24.0,7.5,,,-2.02,-97.70953,30.250384000000004,-202.60506715974788,176.65854219648824,1320.8182681116436,3.735731318093576,0.1423658855592884,0.2581158313179502,0.0367468889024518,0.3053513694466238,2.306650302880126,-2.02,-202.60506715974788
S19S_0063-U,-97.709566,30.250278,24.0,7.5,,,-1.67,-97.709566,30.250278,-202.60506715974788,176.65854219648824,1320.8182681116436,3.735731318093576,0.1423658855592884,0.2581158313179502,0.0367468889024518,0.22271647114758325,2.306650302880126,-1.67,-202.60506715974788
S19S_0064-D,-78.00803,40.61043,23.5,7.7,6.842986555712364,80.7,-74.17,-78.00803,40.61043,-204.6066472632578,171.16860016566767,1320.077619828394,0.2306864286147444,0.138418537016261,0.0159389994155281,0.0022062529806004,1.8702282790117946,2.3109197389697766,-74.17,-204.6066472632578
S19S_0064-M,-78.00808,40.64061,23.5,7.7,6.842986555712364,80.7,-64.33,-78.00808,40.64061,-171.88925625374392,171.11091243563558,1320.067970966965,1.441670903551025,0.1382186778323418,0.0996105051652572,0.0137680323221534,1.808413551400368,2.235248732443126,-64.33,-171.88925625374392
S19S_0064-U,-78.00688,40.61507,23.5,7.7,6.842986555712364,80.7,-24.54,-78.00688,40.61507,-204.6066472632578,171.16860016566767,1320.077619828394,0.2306864286147444,0.138418537016261,0.0159389994155281,0.0022062529806004,1.3898745583909855,2.3109197389697766,-24.54,-204.6066472632578
S19S_0067-D,-85.35412,42.3921,20.63,7.5,9.17,104.4,-988.01,-85.35412,42.3921,-1431.3449348392653,307.85465207347727,1346.1164674408633,0.9660340942005308,0.2466128764754195,0.0667469558365619,0.0164606587748322,2.9947613402585196,3.155744305489735,-988.01,-1431.3449348392653
S19S_0067-M,-85.354,42.39201,20.63,7.5,9.17,104.4,-1821.88,-85.354,42.39201,-1431.3449348392653,307.85465207347727,1346.1164674408633,0.9660340942005308,0.2466128764754195,0.0667469558365619,0.0164606587748322,3.2605197683262737,3.155744305489735,-1821.88,-1431.3449348392653
S19S_0067-U,-85.35402,42.39193,20.63,7.5,9.17,104.4,-2260.74,-85.35402,42.39193,-1431.3449348392653,307.85465207347727,1346.1164674408633,0.9660340942005308,0.2466128764754195,0.0667469558365619,0.0164606587748322,3.3542506184894902,3.155744305489735,-2260.74,-1431.3449348392653
S19S_0068-U,-122.257915,44.207269,14.7,6.0,,,-2.71,-122.257915,44.207269,-151.58304458254477,182.3641206673608,1321.6142964322496,5.446350902058264,0.1459644369592048,0.3763090198498113,0.0549277342050479,0.4329692908744057,2.1806506257283806,-2.71,-151.58304458254477
S19S_0069-D,-123.735151,39.362202,15.0,6.5,,,-0.99,-123.735151,39.362202,-150.3662919424663,182.6238730724872,1321.6520197013474,3.146453987874989,0.1461186679303288,0.2174004278226546,0.0317662609209298,-0.004364805402450088,2.1771504900846192,-0.99,-150.3662919424663
S19S_0069-M,-123.734753,39.362129,15.0,6.5,,,-1.09,-123.734753,39.362129,-150.3662919424663,182.6238730724872,1321.6520197013474,3.146453987874989,0.1461186679303288,0.2174004278226546,0.0317662609209298,0.037426497940623665,2.1771504900846192,-1.09,-150.3662919424663
S19S_0069-U,-123.734848,39.362343,15.0,6.5,,,-1.4,-123.734848,39.362343,-150.3662919424663,182.6238730724872,1321.6520197013474,3.146453987874989,0.1461186679303288,0.2174004278226546,0.0317662609209298,0.14612803567823798,2.1771504900846192,-1.4,-150.3662919424663
S19S_0070-D,-123.752414,39.339914,16.0,6.5,,,-1.55,-123.752414,39.339914,-155.6204050244203,182.1299595419437,1321.583290791186,2.750201732527928,0.1457420348331498,0.1900218581152606,0.0276941722644941,0.1903316981702915,2.1920665412944307,-1.55,-155.6204050244203
S19S_0070-M,-123.752441,39.339892,16.0,6.5,,,-1.78,-123.752441,39.339892,-155.6204050244203,182.1299595419437,1321.583290791186,2.750201732527928,0.1457420348331498,0.1900218581152606,0.0276941722644941,0.250420002308894,2.1920665412944307,-1.78,-155.6204050244203
S19S_0070-U,-123.752011,39.339682,16.0,6.5,,,-3.32,-123.752011,39.339682,-155.6204050244203,182.1299595419437,1321.583290791186,2.750201732527928,0.1457420348331498,0.1900218581152606,0.0276941722644941,0.5211380837040362,2.1920665412944307,-3.32,-155.6204050244203
S19S_0071-D,-105.458575,40.012917,11.5,7.0,,,-48.59,-105.458575,40.012917,-191.1050886924797,179.5852068974777,1321.245675958227,3.472780530184481,0.1438616663824454,0.2399475650702848,0.0345192565554214,1.6865468990630064,2.2812722514801322,-48.59,-191.1050886924797
S19S_0071-M,-105.4589026,40.0128376,11.5,7.0,,,-82.62,-105.45890260000002,40.0128376,-191.1050886924797,179.5852068974777,1321.245675958227,3.472780530184481,0.1438616663824454,0.2399475650702848,0.0345192565554214,1.9170851906405673,2.2812722514801322,-82.62,-191.1050886924797
S19S_0071-U,-105.4588818,40.0129961,11.5,7.0,,,-17.66,-105.4588818,40.0129961,-191.1050886924797,179.5852068974777,1321.245675958227,3.472780530184481,0.1438616663824454,0.2399475650702848,0.0345192565554214,1.2469906992415498,2.2812722514801322,-17.66,-191.1050886924797
S19S_0072-D,-71.1848201,42.5235645,18.5,6.0,8.19,87.4,-3.46,-71.1848201,42.5235645,-123.56510807275814,176.1677812453508,1320.749065753543,0.3679586392721035,0.1415874287346432,0.0254236565692869,0.0035996701626779,0.5390760987927766,2.09189585335196,-3.46,-123.56510807275814
S19S_0072-M,-71.18851406,42.5235479,18.5,6.0,8.19,87.4,-3.65,-71.18851406,42.5235479,-123.56510807275814,176.1677812453508,1320.749065753543,0.3679586392721035,0.1415874287346432,0.0254236565692869,0.0035996701626779,0.5622928644564748,2.09189585335196,-3.65,-123.56510807275814
S19S_0072-U,-71.1854501,42.5233858,18.5,6.0,8.19,87.4,-21.22,-71.1854501,42.5233858,-123.56510807275814,176.1677812453508,1320.749065753543,0.3679586392721035,0.1415874287346432,0.0254236565692869,0.0035996701626779,1.326745379565322,2.09189585335196,-21.22,-123.56510807275814
S19S_0073-D,-70.9164986,42.7688065,16.9,6.5,6.41,66.2,-82.36,-70.9164986,42.7688065,-189.787560916298,170.05202605105814,1319.934291432916,0.5903048813543988,0.1369355531563215,0.040786400896623,0.0055851083680345,1.9157163379459938,2.2782677444324513,-82.36,-189.787560916298
S19S_0073-M,-70.9167967,42.7694593,16.9,6.5,6.41,66.2,-77.62,-70.9167967,42.7694593,-189.787560916298,170.05202605105814,1319.934291432916,0.5903048813543988,0.1369355531563215,0.040786400896623,0.0055851083680345,1.8899736384039962,2.2782677444324513,-77.62,-189.787560916298
S19S_0012-D,-72.33027,42.47179,18.2,6.5,9.63,105.1,-2.7,-72.33027,42.47179,-107.1384487221838,177.93592669884976,1320.9897839013772,1.710277519681522,0.1429270699836909,0.1181695540144679,0.0168896281165673,0.43136376415898736,2.029945353850609,-2.7,-107.1384487221838
S19S_0012-M,-72.33038,42.47157,18.2,6.5,9.63,105.1,-5.86,-72.33038,42.47157,-107.1384487221838,177.93592669884976,1320.9897839013772,1.710277519681522,0.1429270699836909,0.1181695540144679,0.0168896281165673,0.7678976160180907,2.029945353850609,-5.86,-107.1384487221838
S19S_0012-U,-72.33105,42.47178,18.2,6.5,9.63,105.1,-2.46,-72.33105,42.47178,-107.1384487221838,177.93592669884976,1320.9897839013772,1.710277519681522,0.1429270699836909,0.1181695540144679,0.0168896281165673,0.39093510710337914,2.029945353850609,-2.46,-107.1384487221838
S19S_0027-D,-105.91125,39.89064,7.1,6.5,9.57,109.6,-1.25,-105.91125,39.89064,-92.4683485532679,179.72245766759178,1321.2408360703196,5.221590792614441,0.1441957829813794,0.3607794922804111,0.0520228813729983,0.09691001300805642,1.9659931013769463,-1.25,-92.4683485532679
S19S_0027-M,-105.91152,39.89078,7.1,6.5,9.57,109.6,-2.74,-105.91152,39.89078,-92.4683485532679,179.72245766759178,1321.2408360703196,5.221590792614441,0.1441957829813794,0.3607794922804111,0.0520228813729983,0.437750562820388,1.9659931013769463,-2.74,-92.4683485532679
S19S_0027-U,-105.91164,39.89071,7.1,6.5,9.57,109.6,-6.06,-105.91164,39.89071,-92.4683485532679,179.72245766759178,1321.2408360703196,5.221590792614441,0.1441957829813794,0.3607794922804111,0.0520228813729983,0.7824726241662862,1.9659931013769463,-6.06,-92.4683485532679
S19S_0030-U,-121.929928,45.792233,14.7,6.0,9.1,89.1,-9.01,-121.929928,45.792233,-91.82779345455326,179.51508749503938,1321.209026960751,6.372829592349075,0.1440647707266075,0.4403229429562557,0.063435023822658,0.9547247909790629,1.9629741487074472,-9.01,-91.82779345455326
S19S_0047-D,-149.40333,68.64278,8.5,6.5,10.26,97.2,-33.64,-149.40333,68.64278,-998.3619616374176,248.731325051636,1335.9527297060006,4.85471125308161,0.2271837930930491,0.3354303948007804,0.0762043494095402,1.5268559871258747,2.9992880256980485,-33.64,-998.3619616374176
S19S_0047-M,-149.40339,68.64274,8.5,6.5,10.26,97.2,-1175.43,-149.40339,68.64274,-998.3619616374176,248.731325051636,1335.9527297060006,4.85471125308161,0.2271837930930491,0.3354303948007804,0.0762043494095402,3.070196770833196,2.9992880256980485,-1175.43,-998.3619616374176
S19S_0047-U,-149.40346,68.6427,8.5,6.5,10.26,97.2,-2727.43,-149.40346,68.6427,-998.3619616374176,248.731325051636,1335.9527297060006,4.85471125308161,0.2271837930930491,0.3354303948007804,0.0762043494095402,3.435753613154477,2.9992880256980485,-2727.43,-998.3619616374176
S19S_0050-D,-149.14198,68.66953,9.6,6.5,12.44,108.2,-2.85,-149.14198,68.66953,-125.309513532539,175.65790805164988,1320.6761173883965,4.962672497638501,0.14146992720001,0.3428898462484673,0.0485086015863932,0.4548448600085102,2.0979840440016693,-2.85,-125.309513532539
S19S_0050-M,-149.14041,68.66967,9.6,6.5,12.44,108.2,-8.26,-149.14041,68.66967,-125.309513532539,175.65790805164988,1320.6761173883965,4.962672497638501,0.14146992720001,0.3428898462484673,0.0485086015863932,0.9169800473203822,2.0979840440016693,-8.26,-125.309513532539
S19S_0050-U,-149.5972,68.62722,9.6,6.5,12.44,108.2,-5.69,-149.5972,68.62722,-126.32449614802364,175.50184942073562,1320.6555183092453,4.811395338548171,0.141377960659575,0.3324375341432314,0.0469993406238678,0.7551122663950712,2.101487574707067,-5.69,-126.32449614802364
S19S_0062-D,-106.950417,38.544583,14.2,7.5,,,-2.37,-106.950417,38.544583,-127.7864092075187,175.74782302288506,1320.6946091054203,1.6614220429283066,0.1414198850843885,0.1147939440139536,0.016234146370837,0.37474834601010387,2.10648466665458,-2.37,-127.7864092075187
S19S_0062-M,-106.950472,38.544667,14.2,7.5,,,-21.63,-106.95047200000002,38.544667,-127.7864092075187,175.74782302288506,1320.6946091054203,1.6614220429283066,0.1414198850843885,0.1147939440139536,0.016234146370837,1.3350565194390915,2.10648466665458,-21.63,-127.7864092075187
S19S_0062-U,-106.950056,38.544778,14.2,7.5,,,-1.68,-106.950056,38.544778,-127.7864092075187,175.74782302288506,1320.6946091054203,1.6614220429283066,0.1414198850843885,0.1147939440139536,0.016234146370837,0.22530928172586284,2.10648466665458,-1.68,-127.7864092075187
S19S_0051-D,-147.50267,65.1531,4.5,6.5,12.9,101.0,-3.14,-147.50267,65.1531,-107.60765088512764,178.08842397088603,1321.0154578613087,4.64759714325446,0.1427862932430013,0.3211200962049506,0.0458515482229408,0.49692964807321494,2.031843150689727,-3.14,-107.60765088512764
S19S_0051-M,-147.50249,65.15298,4.5,6.5,12.9,101.0,-47.19,-147.50249,65.15298,-107.60765088512764,178.08842397088603,1321.0154578613087,4.64759714325446,0.1427862932430013,0.3211200962049506,0.0458515482229408,1.6738499773429494,2.031843150689727,-47.19,-107.60765088512764
S19S_0051-U,-147.80559,64.85568,4.5,6.5,12.9,101.0,-2.21,-147.80559,64.85568,-190.4830799336956,181.0167095533781,1321.4636347962637,3.8330441631162246,0.1450236366839438,0.2648395444954156,0.0384079938804442,0.3443922736851107,2.279856404590202,-2.21,-190.4830799336956
S19S_0090-D,-75.930606,37.291383,22.9,6.5,5.8,65.0,-43.22,-75.930606,37.291383,-166.31972462153038,171.71309613996166,1320.158448148258,2.146485552341241,0.1387173189140984,0.1483088197673885,0.0205730018494463,1.6356847625472226,2.220943757255058,-43.22,-166.31972462153038
S19S_0090-M,-75.930615,37.291374,22.9,6.5,5.8,65.0,-3.79,-75.930615,37.291374,-166.31972462153038,171.71309613996166,1320.158448148258,2.146485552341241,0.1387173189140984,0.1483088197673885,0.0205730018494463,0.5786392099680724,2.220943757255058,-3.79,-166.31972462153038
S19S_0090-U,-75.930807,37.291396,22.9,6.5,5.8,65.0,-3.97,-75.930807,37.291396,-166.31972462153038,171.71309613996166,1320.158448148258,2.146485552341241,0.1387173189140984,0.1483088197673885,0.0205730018494463,0.5987905067631151,2.220943757255058,-3.97,-166.31972462153038
S19S_0024-D,-96.6227,34.44205,25.9,7.0,8.68,101.7,-1918.37,-96.6227,34.44205,-1576.136968207412,341.25836363783657,1354.532368121147,2.337403374865424,0.2837360712884601,0.1615000555063095,0.0458233912622284,3.2829323741907976,3.197593955508842,-1918.37,-1576.136968207412
S19S_0024-M,-96.62255,34.44223,25.9,7.0,8.68,101.7,-1739.12,-96.62255,34.44223,-1576.136968207412,341.25836363783657,1354.532368121147,2.337403374865424,0.2837360712884601,0.1615000555063095,0.0458233912622284,3.2403295495356605,3.197593955508842,-1739.12,-1576.136968207412
S19S_0024-U,-96.62259,34.44251,25.9,7.0,8.68,101.7,-1841.16,-96.62259,34.44251,-1576.136968207412,341.25836363783657,1354.532368121147,2.337403374865424,0.2837360712884601,0.1615000555063095,0.0458233912622284,3.2650915310883395,3.197593955508842,-1841.16,-1576.136968207412
S19S_0066-D,-106.643178,35.19845,31.2,6.5,,,-2.71,-106.643178,35.19845,-473.7733618112653,184.75786482472205,1322.945779771388,2.6756740196890147,0.1575562670865914,0.1848724560524114,0.0291278140627478,0.4329692908744057,2.6755706386079345,-2.71,-473.7733618112653
S19S_0066-M,-106.643131,35.198511,31.2,6.5,,,-2086.43,-106.643131,35.198511,-473.7733618112653,184.75786482472205,1322.945779771388,2.6756740196890147,0.1575562670865914,0.1848724560524114,0.0291278140627478,3.3194038186553483,2.6755706386079345,-2086.43,-473.7733618112653
S19S_0066-U,-106.643074,35.198601,31.2,6.5,,,-2610.28,-106.643074,35.198601,-473.7733618112653,184.75786482472205,1322.945779771388,2.6756740196890147,0.1575562670865914,0.1848724560524114,0.0291278140627478,3.4166870958182285,2.6755706386079345,-2610.28,-473.7733618112653
S19S_0077-D,-105.223141,40.66403,18.0,6.5,,,-5.17,-105.22314099999998,40.66403,-162.2976051102906,181.67529249950692,1321.5236402327307,1.9161892942973515,0.1453604166851903,0.1323967787149429,0.019245250921781,0.7134905430939426,2.2103121113539004,-5.17,-162.2976051102906
S19S_0077-M,-105.223622,40.664282,18.0,6.5,,,-3.91,-105.223622,40.664282,-162.2976051102906,181.67529249950692,1321.5236402327307,1.9161892942973515,0.1453604166851903,0.1323967787149429,0.019245250921781,0.5921767573958668,2.2103121113539004,-3.91,-162.2976051102906
S19S_0077-U,-105.224786,40.664703,18.0,6.5,,,-4.97,-105.224786,40.664703,-162.2976051102906,181.67529249950692,1321.5236402327307,1.9161892942973515,0.1453604166851903,0.1323967787149429,0.019245250921781,0.6963563887333322,2.2103121113539004,-4.97,-162.2976051102906
S19S_0097-D,-111.8865,41.720847,16.9,8.49,12.18682522235462,126.0,-58.67,-111.8865,41.720847,-427.7738048469565,178.31775698036708,1321.5324685355754,3.523816652140456,0.1436064303155457,0.2434738441102436,0.0349644096278756,1.7684160882163318,2.6312141865965772,-58.67,-427.7738048469565
S19S_0097-M,-111.886477,41.720805,16.9,8.49,12.18682522235462,126.0,-29.12,-111.886477,41.720805,-427.7738048469565,178.31775698036708,1321.5324685355754,3.523816652140456,0.1436064303155457,0.2434738441102436,0.0349644096278756,1.4641913706409997,2.6312141865965772,-29.12,-427.7738048469565
S19S_0097-U,-111.88642,41.720744,16.9,8.49,12.18682522235462,126.0,-1531.16,-111.88642,41.720744,-427.7738048469565,178.31775698036708,1321.5324685355754,3.523816652140456,0.1436064303155457,0.2434738441102436,0.0349644096278756,3.1850205750786773,2.6312141865965772,-1531.16,-427.7738048469565
S19S_0098-D,-111.580533,41.950204,10.34,8.31,11.422737501053934,102.1,-24.5,-111.58053300000002,41.950204,-123.46125479318636,176.11942146275712,1320.7448706896405,4.514104391030371,0.1416001729827088,0.3118965761545777,0.0441646091362027,1.3891660843645326,2.0915306865869265,-24.5,-123.46125479318636
S19S_0098-M,-111.580451,41.950345,10.34,8.31,11.422737501053934,102.1,-17.33,-111.580451,41.950345,-123.46125479318636,176.11942146275712,1320.7448706896405,4.514104391030371,0.1416001729827088,0.3118965761545777,0.0441646091362027,1.2387985627139169,2.0915306865869265,-17.33,-123.46125479318636
S19S_0098-U,-111.580465,41.950373,10.34,8.31,11.422737501053934,102.1,-29.51,-111.580465,41.950373,-123.46125479318636,176.11942146275712,1320.7448706896405,4.514104391030371,0.1416001729827088,0.3118965761545777,0.0441646091362027,1.4699692094999595,2.0915306865869265,-29.51,-123.46125479318636
S19S_0013-D,-78.1476,38.8952,21.1,6.5,7.56,85.5,-2741.44,-78.1476,38.8952,-1615.139621352155,357.67744123105683,1359.646267658171,1.5743751129107764,0.2965866610534066,0.1087795418013725,0.0322625610937885,3.437978745220753,3.208210071039776,-2741.44,-1615.139621352155
S19S_0013-M,-78.1474,38.8945,21.1,6.5,7.56,85.5,-1806.3,-78.1474,38.8945,-1615.139621352155,357.67744123105683,1359.646267658171,1.5743751129107764,0.2965866610534066,0.1087795418013725,0.0322625610937885,3.2567898819268106,3.208210071039776,-1806.3,-1615.139621352155
S19S_0013-U,-78.1474,38.8944,21.1,6.5,7.56,85.5,-1788.7,-78.1474,38.8944,-1615.139621352155,357.67744123105683,1359.646267658171,1.5743751129107764,0.2965866610534066,0.1087795418013725,0.0322625610937885,3.252537506990004,3.208210071039776,-1788.7,-1615.139621352155
S19S_0014-D,-77.9808,39.0941,18.8,7.5,9.6,100.9,-1482.57,-77.9808,39.0941,-1025.3875281568153,271.2577323568309,1344.0362732098624,1.3833273276509814,0.213376462708368,0.095579326444624,0.0203943785848022,3.171015207868364,3.0108880307895625,-1482.57,-1025.3875281568153
S19S_0014-M,-77.9812,39.0942,18.8,7.5,9.6,100.9,-2738.74,-77.9812,39.0942,-1025.3875281568153,271.2577323568309,1344.0362732098624,1.3833273276509814,0.213376462708368,0.095579326444624,0.0203943785848022,3.437550804826088,3.0108880307895625,-2738.74,-1025.3875281568153
S19S_0014-U,-77.9815,39.0944,18.8,7.5,9.6,100.9,-41.92,-77.9815,39.0944,-1025.3875281568153,271.2577323568309,1344.0362732098624,1.3833273276509814,0.213376462708368,0.095579326444624,0.0203943785848022,1.6224212739756703,3.0108880307895625,-41.92,-1025.3875281568153
S19S_0020-D,-88.15755,31.85294,30.5,7.5,6.61,93.4,-4.81,-88.15755,31.85294,-210.92143242528687,170.52578616415695,1319.9948484669858,4.579758670650057,0.1368988105090081,0.316432879095193,0.0433192847540726,0.6821450763738317,2.3241207120823613,-4.81,-210.92143242528687
S19S_0020-M,-88.1575,31.85302,30.5,7.5,6.61,93.4,-1388.85,-88.1575,31.853020000000004,-210.92143242528687,170.52578616415695,1319.9948484669858,4.579758670650057,0.1368988105090081,0.316432879095193,0.0433192847540726,3.1426553431529918,2.3241207120823613,-1388.85,-210.92143242528687
S19S_0020-U,-88.15748,31.8531,30.5,7.5,6.61,93.4,-12.94,-88.15748,31.8531,-210.92143242528687,170.52578616415695,1319.9948484669858,4.579758670650057,0.1368988105090081,0.316432879095193,0.0433192847540726,1.1119342763326816,2.3241207120823613,-12.94,-210.92143242528687
S19S_0031-D,-122.1650676,44.2602628,12.4,6.0,9.56,96.6,-1.84,-122.1650676,44.2602628,-86.80748255045182,180.12491289614144,1321.2945579717243,5.979808515009091,0.1444777298881228,0.4131676275801873,0.0596935208960468,0.2648178230095365,1.9385571617008406,-1.84,-86.80748255045182
S19S_0031-M,-122.1647132,44.2602364,12.4,6.0,9.56,96.6,-1.15,-122.1647132,44.2602364,-86.80748255045182,180.12491289614144,1321.2945579717243,5.979808515009091,0.1444777298881228,0.4131676275801873,0.0596935208960468,0.06069784035361165,1.9385571617008406,-1.15,-86.80748255045182
S19S_0031-U,-122.1642723,44.2605576,12.4,6.0,9.56,96.6,-1.29,-122.1642723,44.2605576,-86.80748255045182,180.12491289614144,1321.2945579717243,5.979808515009091,0.1444777298881228,0.4131676275801873,0.0596935208960468,0.11058971029924898,1.9385571617008406,-1.29,-86.80748255045182
S19S_0060-D,-119.4768203,46.2531882,25.6,8.0,13.31,161.9,-16.99,-119.4768203,46.2531882,-193.32681864403372,170.27412768055703,1319.9660115785696,2.046204848161597,0.1376313363135438,0.1413800459556554,0.019458324652947,1.2301933788690456,2.286292104319392,-16.99,-193.32681864403372
S19S_0060-M,-119.4769597,46.253117,25.6,8.0,13.31,161.9,-5.77,-119.4769597,46.253117,-193.32681864403372,170.27412768055703,1319.9660115785696,2.046204848161597,0.1376313363135438,0.1413800459556554,0.019458324652947,0.7611758131557314,2.286292104319392,-5.77,-193.32681864403372
S19S_0060-U,-119.4772256,46.2530248,25.6,8.0,13.31,161.9,-3.65,-119.4772256,46.2530248,-193.32681864403372,170.27412768055703,1319.9660115785696,2.046204848161597,0.1376313363135438,0.1413800459556554,0.019458324652947,0.5622928644564748,2.286292104319392,-3.65,-193.32681864403372
S19S_0081-U,-76.9259674,38.9603293,27.0,6.5,,,-19.2,-76.9259674,38.9603293,-219.4632668039338,168.2093599880972,1319.6954516558244,1.9917619912422215,0.1360517062356769,0.1376183826890797,0.0187232157742435,1.2833012287035497,2.3413618395696307,-19.2,-219.4632668039338
S19S_0082-D,-76.5465418,38.8748619,31.4,7.0,,,-34.83,-76.5465418,38.8748619,-195.03790969998505,168.98017865077176,1319.782968032665,0.5942686976752465,0.1368363451177464,0.0410602759849871,0.0056185380953115,1.5419534744582362,2.2901190337899617,-34.83,-195.03790969998505
S19S_0082-M,-76.5464751,38.8748139,31.4,7.0,,,-37.03,-76.5464751,38.8748139,-195.03790969998505,168.98017865077176,1319.782968032665,0.5942686976752465,0.1368363451177464,0.0410602759849871,0.0056185380953115,1.5685537120494426,2.2901190337899617,-37.03,-195.03790969998505
S19S_0082-U,-76.5464942,38.8749661,31.4,7.0,,,-81.84,-76.5464942,38.8749661,-195.03790969998505,168.98017865077176,1319.782968032665,0.5942686976752465,0.1368363451177464,0.0410602759849871,0.0056185380953115,1.9129656207041037,2.2901190337899617,-81.84,-195.03790969998505
S19S_0083-D,-88.3227,40.31083,25.4,7.5,,,-14.63,-88.3227,40.31083,-221.5257633619358,168.01860935269053,1319.689028443498,3.190202219171845,0.1360347305495574,0.2204231588834206,0.0299852050255883,1.165244326125311,2.345424241779256,-14.63,-221.5257633619358
S19S_0083-M,-88.3227,40.31083,25.4,7.5,,,-23.85,-88.3227,40.31083,-221.5257633619358,168.01860935269053,1319.689028443498,3.190202219171845,0.1360347305495574,0.2204231588834206,0.0299852050255883,1.3774883833761327,2.345424241779256,-23.85,-221.5257633619358
S19S_0083-U,-88.3227,40.31083,25.4,7.5,,,-73.45,-88.3227,40.31083,-221.5257633619358,168.01860935269053,1319.689028443498,3.190202219171845,0.1360347305495574,0.2204231588834206,0.0299852050255883,1.8659918001262754,2.345424241779256,-73.45,-221.5257633619358
S19S_0084-D,-71.722778,43.954722,17.2,6.0,,,-3.47,-71.722778,43.954722,-158.16566891984957,181.97821526936025,1321.5631830078169,2.69658932977544,0.1456332974744819,0.1863175740736361,0.0271340426897896,0.5403294747908738,2.199112222418968,-3.47,-158.16566891984957
S19S_0084-M,-71.722778,43.954722,17.2,6.0,,,-4.24,-71.722778,43.954722,-158.16566891984957,181.97821526936025,1321.5631830078169,2.69658932977544,0.1456332974744819,0.1863175740736361,0.0271340426897896,0.6273658565927327,2.199112222418968,-4.24,-158.16566891984957
S19S_0084-U,-71.722778,43.954722,17.2,6.0,,,-2.41,-71.722778,43.954722,-158.16566891984957,181.97821526936025,1321.5631830078169,2.69658932977544,0.1456332974744819,0.1863175740736361,0.0271340426897896,0.3820170425748684,2.199112222418968,-2.41,-158.16566891984957
S19S_0086-D,-111.8064,40.7797,11.5,8.0,,,-14.92,-111.80639999999998,40.7797,-187.3969134391339,179.87064483895688,1321.2858708286174,3.33740624757102,0.1441894413130154,0.2305940429562595,0.0332492262239725,1.17376882313665,2.272762433470695,-14.92,-187.3969134391339
S19S_0086-M,-111.8054,40.7799,11.5,8.0,,,-3.07,-111.8054,40.7799,-187.3969134391339,179.87064483895688,1321.2858708286174,3.33740624757102,0.1441894413130154,0.2305940429562595,0.0332492262239725,0.48713837547718647,2.272762433470695,-3.07,-187.3969134391339
S19S_0086-U,-111.8054,40.7801,11.5,8.0,,,-52.27,-111.8054,40.7801,-187.3969134391339,179.87064483895688,1321.2858708286174,3.33740624757102,0.1441894413130154,0.2305940429562595,0.0332492262239725,1.7182525000977507,2.272762433470695,-52.27,-187.3969134391339
S19S_0099-D,-84.7119066,39.2385932,27.3,7.5,,,-5.57,-84.7119066,39.2385932,-130.01217047856142,175.4093808582039,1320.6476833187176,1.7721857455956758,0.141041988836255,0.1224470279109059,0.0172701723436425,0.7458551951737289,2.113984008647465,-5.57,-130.01217047856142
S19S_0099-M,-84.7121004,39.2386399,27.3,7.5,,,-8.93,-84.7121004,39.2386399,-130.01217047856142,175.4093808582039,1320.6476833187176,1.7721857455956758,0.141041988836255,0.1224470279109059,0.0172701723436425,0.9508514588885464,2.113984008647465,-8.93,-130.01217047856142
S19S_0099-U,-84.7123967,39.2386771,27.3,7.5,,,-4.29,-84.7123967,39.2386771,-130.01217047856142,175.4093808582039,1320.6476833187176,1.7721857455956758,0.141041988836255,0.1224470279109059,0.0172701723436425,0.6324572921847242,2.113984008647465,-4.29,-130.01217047856142
S19S_0021-D,-87.79835,32.54069,33.4,7.5,6.55,90.5,-2505.5,-87.79835,32.54069,-220.9668673970463,169.66778617304047,1319.9050592819565,4.030528125955287,0.1359789310542793,0.2784844597475598,0.0378680191517016,3.3988944070784957,2.344327158819168,-2505.5,-220.9668673970463
S19S_0021-M,-87.79828,32.54082,33.4,7.5,6.55,90.5,-23.78,-87.79828,32.54082,-220.9668673970463,169.66778617304047,1319.9050592819565,4.030528125955287,0.1359789310542793,0.2784844597475598,0.0378680191517016,1.3762118502826728,2.344327158819168,-23.78,-220.9668673970463
S19S_0021-U,-87.79821,32.54108,33.4,7.5,6.55,90.5,-35.1,-87.79821,32.54108,-220.9668673970463,169.66778617304047,1319.9050592819565,4.030528125955287,0.1359789310542793,0.2784844597475598,0.0378680191517016,1.545307116465824,2.344327158819168,-35.1,-220.9668673970463
S19S_0052-D,-74.69563,42.13187,20.3,6.5,,,-15.34,-74.69563,42.13187,-170.66397493157956,180.5430445751027,1321.3621869918827,2.0582457101068026,0.1446868160198736,0.1422119947298401,0.0205762007172955,1.1858253596129622,2.2321418565594073,-15.34,-170.66397493157956
S19S_0052-M,-74.69546,42.13233,20.3,6.5,,,-50.95,-74.69546,42.13233,-170.66397493157956,180.5430445751027,1321.3621869918827,2.0582457101068026,0.1446868160198736,0.1422119947298401,0.0205762007172955,1.7071441883424452,2.2321418565594073,-50.95,-170.66397493157956
S19S_0052-U,-74.69548,42.13247,20.3,6.5,,,-15.94,-74.69548,42.13247,-170.66397493157956,180.5430445751027,1321.3621869918827,2.0582457101068026,0.1446868160198736,0.1422119947298401,0.0205762007172955,1.2024883170600935,2.2321418565594073,-15.94,-170.66397493157956
S19S_0080-D,-106.681374,34.950811,22.7,8.11,6.66,76.9,-3.21,-106.681374,34.950811,-131.82247218080673,175.17050645801376,1320.6167643344284,2.630432100157936,0.1408971930928694,0.1817465204120122,0.0256075745804483,0.5065050324048721,2.1199894520804774,-3.21,-131.82247218080673
S19S_0080-M,-106.681271,34.950833,22.7,8.11,6.66,76.9,-20.32,-106.681271,34.950833,-131.82247218080673,175.17050645801376,1320.6167643344284,2.630432100157936,0.1408971930928694,0.1817465204120122,0.0256075745804483,1.3079237036118816,2.1199894520804774,-20.32,-131.82247218080673
S19S_0080-U,-106.681382,34.950903,22.7,8.11,6.66,76.9,-35.76,-106.681382,34.950903,-131.82247218080673,175.17050645801376,1320.6167643344284,2.630432100157936,0.1408971930928694,0.1817465204120122,0.0256075745804483,1.55339751012388,2.1199894520804774,-35.76,-131.82247218080673
S19S_0100-D,-106.950961,38.92352,14.2,7.24,7.6,71.5,-40.96,-106.950961,38.92352,-111.79381959984651,177.76855520218157,1320.975141819404,3.7665937252591135,0.142522421926986,0.260248231965562,0.0370912083219479,1.6123599479677744,2.0484177947143096,-40.96,-111.79381959984651
S19S_0100-M,-106.950743,38.922712,14.2,7.24,7.6,71.5,-8.65,-106.95074300000002,38.922712,-111.79381959984651,177.76855520218157,1320.975141819404,3.7665937252591135,0.142522421926986,0.260248231965562,0.0370912083219479,0.9370161074648142,2.0484177947143096,-8.65,-111.79381959984651
S19S_0100-U,-106.95145,38.922389,14.2,7.24,7.6,71.5,-4.28,-106.95145,38.922389,-111.79381959984651,177.76855520218157,1320.975141819404,3.7665937252591135,0.142522421926986,0.260248231965562,0.0370912083219479,0.631443769013172,2.0484177947143096,-4.28,-111.79381959984651
S19S_0087-D,-116.7743431,43.1233451,17.1,7.25,,,-991.01,-116.77434309999998,43.1233451,-284.6640500183679,173.51322981857066,1320.4778370888546,4.380913726020239,0.1391660880724588,0.3026939284544147,0.0421247299062856,2.99607803684946,2.4543326239278667,-991.01,-284.6640500183679
S19S_0087-M,-116.7744702,43.1233625,17.1,7.25,,,-38.08,-116.7744702,43.1233625,-284.6640500183679,173.51322981857066,1320.4778370888546,4.380913726020239,0.1391660880724588,0.3026939284544147,0.0421247299062856,1.5806969397124366,2.4543326239278667,-38.08,-284.6640500183679
S19S_0087-U,-116.7745057,43.1231912,17.1,7.25,,,-35.52,-116.7745057,43.1231912,-284.6640500183679,173.51322981857066,1320.4778370888546,4.380913726020239,0.1391660880724588,0.3026939284544147,0.0421247299062856,1.5504729571065634,2.4543326239278667,-35.52,-284.6640500183679
S19S_0053-D,-73.00222222,41.869567,22.78,6.5,,,-18.6,-73.00222222,41.869567,-351.6897170337228,178.99056646436298,1321.1819336809672,2.051235939938328,0.1435361226947599,0.1417276631491345,0.0203430392470157,1.2695129442179163,2.5461596702765705,-18.6,-351.6897170337228
S19S_0053-M,-72.796633,41.869617,22.78,6.5,,,-43.06,-72.796633,41.869617,-135.61990552871796,175.00400825745675,1320.5920889567974,1.5253123516470195,0.1407192423163408,0.1053896097286315,0.0148303460290278,1.6340740254874684,2.1323234375165048,-43.06,-135.61990552871796
S19S_0053-U,-72.796767,41.869583,22.78,6.5,,,-15.66,-72.796767,41.869583,-135.61990552871796,175.00400825745675,1320.5920889567974,1.5253123516470195,0.1407192423163408,0.1053896097286315,0.0148303460290278,1.1947917577219247,2.1323234375165048,-15.66,-135.61990552871796
S19S_0017-D,-96.44355,38.94668,20.7,7.5,7.3,85.4,-42.8,-96.44355,38.94668,-198.1734925722583,169.36935686866076,1319.8481454403332,1.2734837818480644,0.1375804556558267,0.0879898196718778,0.0121056794835309,1.631443769013172,2.297045563370849,-42.8,-198.1734925722583
S19S_0017-M,-96.44379,38.94667,20.7,7.5,7.3,85.4,-3.18,-96.44379,38.94667,-198.1734925722583,169.36935686866076,1319.8481454403332,1.2734837818480644,0.1375804556558267,0.0879898196718778,0.0121056794835309,0.5024271199844327,2.297045563370849,-3.18,-198.1734925722583
S19S_0017-U,-96.44389,38.94684,20.7,7.5,7.3,85.4,-13.09,-96.44389,38.94684,-198.1734925722583,169.36935686866076,1319.8481454403332,1.2734837818480644,0.1375804556558267,0.0879898196718778,0.0121056794835309,1.1169396465507557,2.297045563370849,-13.09,-198.1734925722583
S19S_0032-D,-119.02313,39.95545,13.1,7.0,9.35,87.5,-15.13,-119.02313,39.95545,-126.81036825449456,175.35927340247017,1320.6357430126602,2.335111691795967,0.1414102380139193,0.1613417144399365,0.0228153702405251,1.1798389280231867,2.103154763732048,-15.13,-126.81036825449456
S19S_0032-M,-119.02367,36.95503,13.1,7.0,9.35,87.5,-3.73,-119.02367,36.95503,-111.39598103001654,177.63973535087277,1320.957056371043,8.45203636354019,0.1426086922037087,0.5839832168171134,0.0832810828192034,0.5717088318086876,2.046869522543526,-3.73,-111.39598103001654
S19S_0032-U,-119.02375,36.95497,13.1,7.0,9.35,87.5,-46.77,-119.02375000000002,36.95497,-111.39598103001654,177.63973535087277,1320.957056371043,8.45203636354019,0.1426086922037087,0.5839832168171134,0.0832810828192034,1.6699673699085043,2.046869522543526,-46.77,-111.39598103001654
S19S_0089-D,-80.44539,37.21008,20.8,7.0,9.95,118.6,-1185.05,-80.44539,37.21008,-637.5350231639499,192.54668623127463,1323.7063534699937,0.1625796788480114,0.1627280800772169,0.0112332460201327,0.0018279645578911,3.073736674621221,2.8045040478495875,-1185.05,-637.5350231639499
S19S_0089-M,-80.44529,37.21012,20.8,7.0,9.95,118.6,-1138.3,-80.44529,37.21012,-637.568852550784,192.54771335070805,1323.7064795646309,0.1625796788480114,0.1627287883582229,0.0112332460201327,0.0018279725141859,3.056256735850139,2.8045270921149394,-1138.3,-637.568852550784
S19S_0089-U,-80.44513,37.21014,20.8,7.0,9.95,118.6,-47.16,-80.44513,37.21014,-637.568852550784,192.54771335070805,1323.7064795646309,0.1625796788480114,0.1627287883582229,0.0112332460201327,0.0018279725141859,1.6735737964230515,2.8045270921149394,-47.16,-637.568852550784
