Sample_Name,FIBOX_Station,Date,StartMeasureTime,StopMeasureTime,M1_DO_mg_per_L,M2_DO_mg_per_L,M3_DO_mg_per_L,AVG_DO_mg_per_L,Temperature_degreesC,Notes
STD 0% DO,Blue, 2022-08-10,9:56:00,9:56:00,0,0,0,0,21.7,N/A
STD 100% DO,Blue, 2022-08-10,9:55:00,9:55:00,8.57,8.59,8.6,8.59,22.2,N/A
SSS015_INC-1,Blue, 2022-08-10,10:07:00,10:08:00,7.79,7.78,7.75,7.77,21.9,N/A
SSS025_INC-1,Blue, 2022-08-10,10:10:00,10:11:00,0.01,0.01,0,0.01,21.7,N/A
SSS025_INC-3,Blue, 2022-08-10,10:19:00,10:19:00,0.04,0.03,0.03,0.03,21.7,N/A
SSS027_INC-2,Blue, 2022-08-10,10:21:00,10:21:00,8.09,8.07,8.06,8.07,21.8,N/A
SSS026_INC-1,Blue, 2022-08-10,10:25:00,10:25:00,1.56,1.4,1.36,1.44,21.7,N/A
SSS026_INC-3,Blue, 2022-08-10,10:37:00,10:37:00,3.28,3.14,3.02,3.15,21.7,N/A
SSS002_INC-3,Blue, 2022-08-10,10:39:00,10:39:00,8.79,8.76,8.71,8.75,21.9,N/A
SSS013_INC-3,Blue, 2022-08-10,10:41:00,10:41:00,7.78,7.77,7.77,7.77,21.9,N/A
SSS003_INC-1,Blue, 2022-08-10,10:55:00,10:55:00,7.18,7.18,7.16,7.17,21.8,N/A
SSS003_INC-3,Blue, 2022-08-10,10:57:00,10:57:00,6.22,6.22,6.18,6.21,21.8,N/A
SSS001_INC-2,Blue, 2022-08-10,11:00:00,11:00:00,0.07,0.06,0.06,0.06,21.8,N/A
SSS014_INC-1,Blue, 2022-08-10,11:15:00,11:15:00,5.13,5.04,5.04,5.07,21.9,N/A
SSS014_INC-3,Blue, 2022-08-10,11:17:00,11:17:00,1.79,1.61,1.42,1.61,21.8,N/A
SSS037_INC-2,Blue, 2022-08-10,11:33:00,11:33:00,8.23,8.21,8.21,8.22,21.7,N/A
SSS038_INC-1,Blue, 2022-08-10,11:35:00,11:35:00,8.04,8.01,8.02,8.02,21.6,N/A
SSS038_INC-3,Blue, 2022-08-10,11:44:00,11:45:00,7.75,7.74,7.69,7.73,21.8,N/A
SSS039_INC-2,Blue, 2022-08-10,11:45:00,11:45:00,8.26,8.25,8.26,8.26,22.1,N/A
SSS013_INC-1,Blue, 2022-08-10,12:09:00,12:09:00,8.38,8.32,8.35,8.35,21.7,N/A
SSS015_INC-2,Blue, 2022-08-10,10:13:00,10:13:00,7.51,7.41,7.29,7.4,21.9,N/A
SSS025_INC-1,Blue, 2022-08-10,10:16:00,10:16:00,0.01,0.01,0.01,0.01,21.8,N/A
SSS027_INC-2,Blue, 2022-08-10,10:26:00,10:26:00,7.7,7.65,7.61,7.65,21.8,N/A
SSS025_INC-3,Blue, 2022-08-10,10:24:00,10:24:00,0.01,0.01,0.01,0.01,21.8,N/A
SSS026_INC-1,Blue, 2022-08-10,10:29:00,10:29:00,0.44,0.52,0.57,0.51,21.7,N/A
SSS026_INC-3,Blue, 2022-08-10,10:42:00,10:42:00,1.92,1.95,1.85,1.91,21.7,N/A
SSS002_INC-3,Blue, 2022-08-10,10:44:00,10:44:00,8.63,8.63,8.67,8.64,21.6,N/A
SSS013_INC-3,Blue, 2022-08-10,10:46:00,10:46:00,7.51,7.53,7.51,7.52,21.7,N/A
SSS003_INC-1,Blue, 2022-08-10,11:00:00,11:00:00,6.52,6.44,6.44,6.47,21.7,N/A
SSS003_INC-3,Blue, 2022-08-10,11:03:00,11:03:00,4.37,4.46,4.46,4.43,21.7,N/A
SSS001_INC-2,Blue, 2022-08-10,11:05:00,11:05:00,0.02,0.02,0.02,0.02,21.8,N/A
SSS014_INC-1,Blue, 2022-08-10,11:20:00,11:20:00,3,2.97,2.95,2.97,21.8,N/A
SSS014_INC-3,Blue, 2022-08-10,11:22:00,11:22:00,0.05,0.03,0.02,0.03,21.7,N/A
SSS037_INC-2,Blue, 2022-08-10,11:38:00,11:38:00,7.67,7.72,7.79,7.73,21.4,N/A
SSS038_INC-1,Blue, 2022-08-10,11:40:00,11:40:00,7.95,7.85,7.82,7.87,21.7,N/A
SSS038_INC-3,Blue, 2022-08-10,11:52:00,11:52:00,7.24,7.24,7.22,7.23,21.7,N/A
SSS039_INC-2,Blue, 2022-08-10,###############################################################################################################################################################################################################################################################,-9999,-9999,-9999,-9999,-9999,-9999,Missed measurements
SSS013_INC-1,Blue, 2022-08-10,12:14:00,12:14:00,7.92,7.93,7.97,7.94,21.6,N/A
SSS015_INC-2,Blue, 2022-08-10,10:18:00,10:18:00,6.68,6.66,6.62,6.65,21.8,N/A
SSS027_INC-2,Blue, 2022-08-10,10:31:00,10:31:00,7,6.99,6.98,6.99,21.6,N/A
SSS002_INC-3,Blue, 2022-08-10,10:49:00,10:49:00,8.5,8.48,8.49,8.49,21.6,N/A
SSS013_INC-3,Blue, 2022-08-10,10:51:00,10:51:00,7.24,7.19,7.2,7.21,21.7,N/A
SSS003_INC-1,Blue, 2022-08-10,11:05:00,11:05:00,5.36,5.39,5.38,5.38,21.7,N/A
SSS037_INC-2,Blue, 2022-08-10,11:43:00,11:43:00,7.39,7.44,7.44,7.42,21.6,N/A
SSS038_INC-1,Blue, 2022-08-10,11:51:00,11:51:00,7.12,7.12,7.05,7.1,21.7,N/A
SSS038_INC-3,Blue, 2022-08-10,11:52:00,11:52:00,7.24,7.24,7.22,7.23,21.7,N/A
SSS039_INC-2,Blue, 2022-08-10,11:55:00,11:55:00,7.75,7.72,7.72,7.73,21.8,N/A
SSS013_INC-1,Blue, 2022-08-10,12:19:00,12:19:00,7.53,7.56,7.58,7.56,21.8,N/A
SSS015_INC-2,Blue, 2022-08-10,10:23:00,10:23:00,6.19,6.23,6.21,6.21,21.9,N/A
SSS027_INC-2,Blue, 2022-08-10,10:36:00,10:36:00,6.58,6.59,6.57,6.58,21.6,N/A
SSS002_INC-3,Blue, 2022-08-10,10:54:00,10:54:00,8.2,8.18,8.25,8.21,21.4,N/A
SSS013_INC-3,Blue, 2022-08-10,10:56:00,10:56:00,6.86,6.85,6.82,6.84,21.7,N/A
SSS003_INC-1,Blue, 2022-08-10,11:10:00,11:10:00,4.83,4.81,4.79,4.81,21.9,N/A
SSS038_INC-1,Blue, 2022-08-10,11:56:00,11:56:00,6.81,6.8,6.81,6.81,-9999,Temp not recorded
SSS038_INC-3,Blue, 2022-08-10,11:57:00,11:57:00,6.91,6.88,6.85,6.88,21.7,N/A
SSS039_INC-2,Blue, 2022-08-10,12:00:00,12:00:00,7.28,7.29,7.27,7.28,21.8,N/A
SSS037_INC-2,Blue, 2022-08-10,11:48:00,11:48:00,7.07,7.08,7.05,7.07,21.3,N/A
SSS013_INC-1,Blue, 2022-08-10,12:24:00,12:24:00,7.19,7.21,7.18,7.19,21.8,N/A
SSS015_INC-2,Blue, 2022-08-10,10:38:00,10:38:00,4.45,4.49,4.51,4.48,21.7,N/A
SSS027_INC-2,Blue, 2022-08-10,10:53:00,10:53:00,5.23,5.33,5.34,5.3,21.9,N/A
SSS002_INC-3,Blue, 2022-08-10,10:59:00,10:59:00,7.96,7.94,7.92,7.94,21.8,N/A
SSS013_INC-3,Blue, 2022-08-10,11:02:00,11:02:00,5.9,5.95,5.97,5.94,21.8,N/A
SSS037_INC-2,Blue, 2022-08-10,12:03:00,12:03:00,5.55,5.59,5.6,5.58,22,N/A
SSS038_INC-1,Blue, 2022-08-10,12:04:00,12:04:00,6.4,6.38,6.38,6.39,21.8,N/A
SSS038_INC-3,Blue, 2022-08-10,12:13:00,12:13:00,5.8,5.79,5.73,5.77,21.6,N/A
SSS039_INC-2,Blue, 2022-08-10,12:15:00,12:15:00,5.83,5.9,5.93,5.89,21.9,N/A
SSS013_INC-1,Blue, 2022-08-10,12:39:00,12:59:00,6.4,6.38,6.4,6.39,21.6,N/A
SSS027_INC-2,Blue, 2022-08-10,11:23:00,11:23:00,2.84,2.99,3.22,3.02,21.8,N/A
SSS002_INC-3,Blue, 2022-08-10,11:29:00,11:29:00,6.89,6.93,6.89,6.9,21.6,N/A
SSS013_INC-3,Blue, 2022-08-10,11:32:00,11:32:00,4.9,4.89,4.88,4.89,21.8,N/A
SSS037_INC-2,Blue, 2022-08-10,12:33:00,12:33:00,2.52,2.74,2.9,2.72,21.8,N/A
SSS038_INC-1,Blue, 2022-08-10,12:34:00,12:34:00,5.29,5.28,5.26,5.28,22,N/A
SSS038_INC-3,Blue, 2022-08-10,12:43:00,12:43:00,4.48,4.5,4.5,4.49,21.7,N/A
SSS039_INC-2,Blue, 2022-08-10,12:45:00,12:45:00,5.1,5.13,5.17,5.13,21.4,N/A
SSS013_INC-1,Blue, 2022-08-10,13:09:00,13:09:00,5.05,5.03,5.03,5.04,21.9,N/A
SSS002_INC-3,Blue, 2022-08-10,11:59:00,11:59:00,5.9,5.91,5.96,5.92,21.8,N/A
SSS038_INC-1,Blue, 2022-08-10,13:04:00,13:05:00,4.05,4.11,4.18,4.11,21.9,N/A
SSS039_INC-2,Blue, 2022-08-10,13:15:00,13:15:00,3.88,3.9,3.9,3.89,21.9,N/A
SSS013_INC-1,Blue, 2022-08-10,13:39:00,13:39:00,4.2,4.19,4.19,4.19,21.7,N/A
SSS002_INC-3,Blue, 2022-08-10,12:29:00,12:29:00,5.15,5.18,5.19,5.17,21.7,N/A
STD 0% DO,Pink, 2022-08-10,9:15:00,9:15:00,0,0,0,0,22.2,N/A
STD 100% DO,Pink, 2022-08-10,9:17:00,9:17:00,8.66,8.66,8.64,8.65,22.1,N/A
SSS002_INC-1,Pink, 2022-08-10,9:27:00,9:28:00,8.56,8.56,8.54,8.55,22.5,N/A
SSS002_INC-2,Pink, 2022-08-10,9:30:00,9:30:00,8.31,8.31,8.31,8.31,22.2,N/A
SSS003_INC-2,Pink, 2022-08-10,9:39:00,9:39:00,7.14,7.14,7.13,7.14,22.3,N/A
SSS001_INC-1,Pink, 2022-08-10,9:41:00,9:42:00,3.84,3.8,3.74,3.79,22.2,N/A
SSS001_INC-3,Pink, 2022-08-10,9:45:00,9:45:00,0.13,0.11,0.09,0.11,22.2,N/A
SSS014_INC-2,Pink, 2022-08-10,9:57:00,9:57:00,0.39,0.3,0.23,0.31,22.3,N/A
SSS037_INC-1,Pink, 2022-08-10,9:59:00,9:59:00,7.96,7.99,7.97,7.97,22.3,N/A
SSS037_INC-3,Pink, 2022-08-10,10:02:00,10:02:00,8.17,8.16,8.17,8.17,22.3,N/A
SSS038_INC-2,Pink, 2022-08-10,10:15:00,10:15:00,7.72,7.72,7.75,7.73,22.2,N/A
SSS039_INC-1,Pink, 2022-08-10,10:18:00,10:18:00,8.43,8.4,8.4,8.41,22.3,N/A
SSS039_INC-3,Pink, 2022-08-10,10:19:00,10:19:00,8.18,8.17,8.17,8.17,22.2,N/A
SSS013_INC-2,Pink, 2022-08-10,10:37:00,10:37:00,7.86,7.86,7.85,7.86,22.2,N/A
SSS015_INC-1,Pink, 2022-08-10,10:38:00,10:38:00,7.18,7.18,7.18,7.18,22.2,N/A
SSS015_INC-3,Pink, 2022-08-10,11:00:00,11:00:00,7.72,7.74,7.74,7.73,22.4,N/A
SSS025_INC-2,Pink, 2022-08-10,11:10:00,11:11:00,0.18,0.15,0.15,0.16,22.3,N/A
SSS027_INC-1,Pink, 2022-08-10,11:20:00,11:21:00,7.64,7.65,7.64,7.64,22.3,N/A
SSS027_INC-3,Pink, 2022-08-10,11:29:00,11:30:00,7.64,7.64,7.62,7.63,22.4,N/A
SSS026_INC-2,Pink, 2022-08-10,11:33:00,11:33:00,1.55,1.43,1.32,1.43,22.2,N/A
SSS002_INC-1,Pink, 2022-08-10,9:33:00,9:33:00,8.14,8.12,8.12,8.13,22.3,N/A
SSS002_INC-2,Pink, 2022-08-10,9:35:00,9:35:00,8.2,8.2,8.2,8.2,22.2,N/A
SSS003_INC-2,Pink, 2022-08-10,9:44:00,9:44:00,6.09,6.15,6.15,6.13,22.3,N/A
SSS001_INC-1,Pink, 2022-08-10,9:47:00,9:47:00,2.68,2.52,2.42,2.54,22.2,N/A
SSS001_INC-3,Pink, 2022-08-10,9:50:00,9:51:00,0.02,0.01,0.01,0.01,22.2,N/A
SSS014_INC-2,Pink, 2022-08-10,10:02:00,10:03:00,0,0,0,0,22.3,N/A
SSS037_INC-1,Pink, 2022-08-10,10:04:00,10:04:00,7.61,7.6,7.59,7.6,22.2,N/A
SSS037_INC-3,Pink, 2022-08-10,10:07:00,10:07:00,7.55,7.57,7.63,7.58,22.2,N/A
SSS038_INC-2,Pink, 2022-08-10,10:20:00,10:20:00,7.38,7.38,7.36,7.37,22.4,N/A
SSS039_INC-1,Pink, 2022-08-10,10:23:00,10:23:00,8.09,8.09,8.08,8.09,22.4,N/A
SSS039_INC-3,Pink, 2022-08-10,10:24:00,10:24:00,8.07,8.04,8.04,8.05,22.2,N/A
SSS013_INC-2,Pink, 2022-08-10,10:42:00,10:42:00,7.41,7.43,7.4,7.41,22.2,N/A
SSS015_INC-1,Pink, 2022-08-10,10:43:00,10:43:00,5.14,5.48,5.6,5.41,22.3,N/A
SSS015_INC-3,Pink, 2022-08-10,11:05:00,11:05:00,7.31,7.25,7.24,7.27,22.3,N/A
SSS025_INC-2,Pink, 2022-08-10,11:15:00,11:16:00,0,0,0,0,22.3,N/A
SSS027_INC-1,Pink, 2022-08-10,11:25:00,11:25:00,7.17,7.16,7.19,7.17,22.3,N/A
SSS027_INC-3,Pink, 2022-08-10,11:34:00,11:35:00,7.06,7.01,7.01,7.03,22.3,N/A
SSS026_INC-2,Pink, 2022-08-10,11:38:00,11:39:00,0.22,0.25,0.25,0.24,22.4,N/A
SSS002_INC-1,Pink, 2022-08-10,9:38:00,9:38:00,8.15,8.18,8.18,8.17,22.2,N/A
SSS002_INC-2,Pink, 2022-08-10,9:40:00,9:41:00,7.97,7.97,7.97,7.97,22.3,N/A
SSS003_INC-2,Pink, 2022-08-10,9:49:00,9:50:00,5.64,5.64,5.6,5.63,22.3,N/A
SSS037_INC-1,Pink, 2022-08-10,10:09:00,10:09:00,7.33,7.31,7.3,7.31,22.3,N/A
SSS037_INC-3,Pink, 2022-08-10,10:12:00,10:12:00,7.51,7.5,7.5,7.5,22.3,N/A
SSS038_INC-2,Pink, 2022-08-10,10:25:00,10:25:00,7.03,7.05,7.05,7.04,22.3,N/A
SSS039_INC-1,Pink, 2022-08-10,10:28:00,10:28:00,7.88,7.89,7.86,7.88,22.4,N/A
SSS039_INC-3,Pink, 2022-08-10,10:29:00,10:29:00,7.79,7.79,7.78,7.79,22.2,N/A
SSS013_INC-2,Pink, 2022-08-10,10:47:00,10:47:00,7.02,7.01,7.06,7.03,22.3,N/A
SSS015_INC-1,Pink, 2022-08-10,10:48:00,10:49:00,5.27,5.28,5.28,5.28,22.4,N/A
SSS015_INC-3,Pink, 2022-08-10,11:10:00,11:10:00,6.67,6.64,6.61,6.64,22.3,N/A
SSS027_INC-1,Pink, 2022-08-10,11:30:00,11:31:00,6.83,6.8,6.79,6.81,22.4,N/A
SSS027_INC-3,Pink, 2022-08-10,11:39:00,11:40:00,6.72,6.69,6.69,6.7,22.3,N/A
SSS002_INC-1,Pink, 2022-08-10,9:42:00,9:43:00,8.09,8.08,8.08,8.08,22.2,N/A
SSS002_INC-2,Pink, 2022-08-10,9:45:00,9:45:00,7.44,7.44,7.44,7.44,22.3,N/A
SSS003_INC-2,Pink, 2022-08-10,9:54:00,9:55:00,5.03,5,4.97,5,22.3,N/A
SSS037_INC-1,Pink, 2022-08-10,10:14:00,10:14:00,7.03,7.02,7.02,7.02,22.2,N/A
SSS037_INC-3,Pink, 2022-08-10,10:17:00,10:17:00,7.19,7.22,7.2,7.2,22.2,N/A
SSS038_INC-2,Pink, 2022-08-10,10:30:00,10:30:00,6.74,6.74,6.76,6.75,22.3,N/A
SSS039_INC-1,Pink, 2022-08-10,10:33:00,10:34:00,7.68,7.66,7.66,7.67,22.2,N/A
SSS039_INC-3,Pink, 2022-08-10,10:34:00,10:35:00,7.31,7.31,7.31,7.31,22.2,N/A
SSS013_INC-2,Pink, 2022-08-10,10:52:00,10:53:00,6.89,6.85,6.84,6.86,22.3,N/A
SSS015_INC-1,Pink, 2022-08-10,10:53:00,10:53:00,4.71,4.71,4.72,4.71,22.3,N/A
SSS015_INC-3,Pink, 2022-08-10,11:15:00,11:16:00,5.82,5.82,5.83,5.82,22.3,N/A
SSS027_INC-1,Pink, 2022-08-10,11:35:00,11:36:00,6.29,6.31,6.31,6.3,22.3,N/A
SSS027_INC-3,Pink, 2022-08-10,11:44:00,11:45:00,6.34,6.31,6.31,6.32,22.3,N/A
SSS002_INC-1,Pink, 2022-08-10,9:57:00,9:58:00,7.57,7.57,7.53,7.56,22.3,N/A
SSS002_INC-2,Pink, 2022-08-10,10:00:00,10:01:00,7.2,7.19,7.19,7.19,22.3,N/A
SSS037_INC-1,Pink, 2022-08-10,10:29:00,10:30:00,4.69,4.69,4.84,4.74,22.3,N/A
SSS037_INC-3,Pink, 2022-08-10,10:32:00,10:33:00,6.36,6.37,6.37,6.37,22.2,N/A
SSS038_INC-2,Pink, 2022-08-10,10:45:00,10:45:00,5.87,5.87,5.87,5.87,22.2,N/A
SSS039_INC-1,Pink, 2022-08-10,10:48:00,10:49:00,7.15,7.16,7.14,7.15,22.3,N/A
SSS039_INC-3,Pink, 2022-08-10,10:49:00,10:50:00,6.62,6.68,6.71,6.67,22.2,N/A
SSS013_INC-2,Pink, 2022-08-10,11:07:00,11:07:00,6.02,6.01,6,6.01,22.3,N/A
SSS015_INC-3,Pink, 2022-08-10,11:30:00,11:31:00,4.22,4.23,4.23,4.23,22.3,N/A
SSS027_INC-1,Pink, 2022-08-10,11:50:00,11:51:00,5.35,5.33,5.32,5.33,22.3,N/A
SSS027_INC-3,Pink, 2022-08-10,11:59:00,11:59:00,4.87,4.88,4.91,4.89,22.3,N/A
SSS002_INC-1,Pink, 2022-08-10,10:27:00,10:27:00,6.81,6.81,6.81,6.81,22.3,N/A
SSS002_INC-2,Pink, 2022-08-10,10:30:00,10:31:00,6.28,6.28,6.32,6.29,22.2,N/A
SSS037_INC-3,Pink, 2022-08-10,11:02:00,11:02:00,5.1,5.09,5.09,5.09,22.4,N/A
SSS038_INC-2,Pink, 2022-08-10,11:15:00,11:16:00,4.59,4.59,4.59,4.59,22.4,N/A
SSS039_INC-1,Pink, 2022-08-10,11:18:00,11:18:00,6.12,6.12,6.12,6.12,22.3,N/A
SSS039_INC-3,Pink, 2022-08-10,11:19:00,11:19:00,6.03,6.03,6.06,6.04,22.3,N/A
SSS013_INC-2,Pink, 2022-08-10,11:37:00,11:38:00,4.27,4.32,4.35,4.31,22.3,N/A
SSS027_INC-1,Pink, 2022-08-10,12:20:00,12:20:00,3.66,3.67,3.66,3.66,22.2,N/A
SSS002_INC-1,Pink, 2022-08-10,10:57:00,10:57:00,5.95,5.95,5.95,5.95,22.2,N/A
SSS002_INC-2,Pink, 2022-08-10,11:00:00,11:00:00,5.91,5.9,5.91,5.91,22.2,N/A
SSS037_INC-3,Pink, 2022-08-10,11:32:00,11:33:00,2.48,2.48,2.62,2.53,22.2,N/A
SSS039_INC-1,Pink, 2022-08-10,11:48:00,11:48:00,5.28,5.29,5.29,5.29,22.3,N/A
SSS039_INC-3,Pink, 2022-08-10,11:49:00,11:49:00,5.44,5.4,5.38,5.41,22.3,N/A
SSS002_INC-1,Pink, 2022-08-10,11:27:00,11:27:00,5.28,5.31,5.31,5.3,22.3,N/A
SSS002_INC-2,Pink, 2022-08-10,11:30:00,11:30:00,5.29,5.26,5.25,5.27,22.5,N/A
SSS039_INC-1,Pink, 2022-08-10,12:18:00,12:18:00,3.88,4.01,4.06,3.98,22.4,N/A
SSS039_INC-3,Pink, 2022-08-10,12:19:00,12:19:00,4.07,4.14,4.17,4.13,22.3,N/A
STD 0% DO,Blue, 2022-08-11,9:53:00,9:53:00,0,0,0,0,21.6,N/A
STD 100% DO,Blue, 2022-08-11,9:53:00,9:53:00,8.77,8.8,8.75,8.77,21.6,N/A
SSS042_INC-2,Blue, 2022-08-11,10:02:00,10:02:00,8.97,8.95,8.93,8.95,21.6,N/A
SSS040_INC-1,Blue, 2022-08-11,10:03:00,10:03:00,8.61,8.6,8.6,8.6,21.7,N/A
SSS040_INC-3,Blue, 2022-08-11,10:06:00,10:06:00,8.95,8.94,8.94,8.94,21.7,N/A
SSS004_INC-2,Blue, 2022-08-11,10:20:00,10:20:00,2.36,2.16,1.94,2.15,21.7,N/A
SSS017_INC-2,Blue, 2022-08-11,10:23:00,10:23:00,8.8,8.79,8.81,8.8,21.8,N/A
SSS006_INC-2,Blue, 2022-08-11,10:36:00,10:36:00,6.15,6.07,6.03,6.08,21.8,N/A
SSS028_INC-1,Blue, 2022-08-11,10:40:00,10:40:00,8.28,8.27,8.28,8.28,21.8,N/A
SSS028_INC-3,Blue, 2022-08-11,10:53:00,10:53:00,8.28,8.28,8.28,8.28,21.8,N/A
SSS030_INC-1,Blue, 2022-08-11,11:12:00,11:12:00,8.52,8.55,8.55,8.54,21.9,N/A
SSS041_INC-2,Blue, 2022-08-11,11:15:00,11:15:00,8.22,8.29,8.29,8.27,21.8,N/A
SSS030_INC-3,Blue, 2022-08-11,11:31:00,11:31:00,8.79,8.8,8.78,8.79,21.8,N/A
SSS005_INC-2,Blue, 2022-08-11,11:34:00,11:34:00,8.89,8.89,8.86,8.88,21.8,N/A
SSS029_INC-1,Blue, 2022-08-11,11:50:00,11:50:00,6.73,6.79,6.82,6.78,21.8,N/A
SSS016_INC-3,Blue, 2022-08-11,11:54:00,11:54:00,5.69,5.65,5.6,5.65,21.8,N/A
SSS029_INC-3,Blue, 2022-08-11,12:14:00,12:14:00,7.31,7.27,7.2,7.26,21.8,N/A
SSS016_INC-1,Blue, 2022-08-11,12:18:00,12:18:00,6.04,6.04,6.01,6.03,21.8,N/A
SSS042_INC-2,Blue, 2022-08-11,10:07:00,10:07:00,8.92,8.83,8.82,8.86,21.7,N/A
SSS040_INC-1,Blue, 2022-08-11,10:08:00,10:08:00,8.56,8.55,8.55,8.55,21.7,N/A
SSS040_INC-3,Blue, 2022-08-11,10:11:00,10:11:00,8.75,8.78,8.8,8.78,21.7,N/A
SSS004_INC-2,Blue, 2022-08-11,10:25:00,10:25:00,0.04,0.03,0.03,0.03,21.8,N/A
SSS017_INC-2,Blue, 2022-08-11,10:28:00,10:28:00,8.74,8.73,8.73,8.73,21.8,N/A
SSS006_INC-2,Blue, 2022-08-11,10:41:00,10:41:00,4.99,4.83,4.69,4.84,21.8,N/A
SSS028_INC-1,Blue, 2022-08-11,10:45:00,10:45:00,8.05,7.99,8,8.01,21.8,N/A
SSS028_INC-3,Blue, 2022-08-11,10:58:00,10:58:00,7.9,7.9,7.92,7.91,21.7,N/A
SSS030_INC-1,Blue, 2022-08-11,11:17:00,11:17:00,8.42,8.4,8.37,8.4,21.8,N/A
SSS041_INC-2,Blue, 2022-08-11,11:20:00,11:20:00,8.05,8.02,7.99,8.02,21.8,N/A
SSS030_INC-3,Blue, 2022-08-11,11:36:00,11:36:00,8.58,8.55,8.58,8.57,21.8,N/A
SSS005_INC-2,Blue, 2022-08-11,11:39:00,11:40:00,8.81,8.78,8.78,8.79,21.8,N/A
SSS029_INC-1,Blue, 2022-08-11,11:55:00,11:55:00,6.44,6.36,6.22,6.34,21.8,N/A
SSS016_INC-3,Blue, 2022-08-11,11:59:00,11:59:00,4.15,4.1,4.03,4.09,21.7,N/A
SSS029_INC-3,Blue, 2022-08-11,12:19:00,12:19:00,6.27,6.25,6.2,6.24,21.7,N/A
SSS016_INC-1,Blue, 2022-08-11,12:23:00,12:23:00,2.88,3.42,3.6,3.3,21.8,N/A
SSS042_INC-2,Blue, 2022-08-11,10:12:00,10:12:00,8.56,8.57,8.57,8.57,21.7,N/A
SSS040_INC-1,Blue, 2022-08-11,10:13:00,10:13:00,8.24,8.27,8.24,8.25,21.7,N/A
SSS040_INC-3,Blue, 2022-08-11,10:16:00,10:16:00,8.53,8.51,8.5,8.51,21.7,N/A
SSS017_INC-2,Blue, 2022-08-11,10:33:00,10:33:00,8.54,8.5,8.5,8.51,21.8,N/A
SSS028_INC-1,Blue, 2022-08-11,10:50:00,10:50:00,7.33,7.3,7.34,7.32,21.9,N/A
SSS028_INC-3,Blue, 2022-08-11,11:03:00,11:03:00,7.42,7.42,7.42,7.42,21.6,N/A
SSS030_INC-1,Blue, 2022-08-11,11:22:00,11:22:00,7.81,7.83,7.83,7.82,21.8,N/A
SSS041_INC-2,Blue, 2022-08-11,11:25:00,11:25:00,7.6,7.55,7.55,7.57,21.8,N/A
SSS030_INC-3,Blue, 2022-08-11,11:41:00,11:41:00,8.34,8.31,8.28,8.31,21.8,N/A
SSS005_INC-2,Blue, 2022-08-11,-9999,-9999,-9999,-9999,-9999,-9999,-9999,Missed measurement
SSS029_INC-1,Blue, 2022-08-11,12:00:00,12:00:00,5.14,5,5.05,5.06,21.8,N/A
SSS029_INC-3,Blue, 2022-08-11,12:24:00,12:24:00,5.31,5.47,5.5,5.43,21.6,N/A
SSS042_INC-2,Blue, 2022-08-11,10:17:00,10:17:00,8.39,8.36,8.35,8.37,21.8,N/A
SSS040_INC-1,Blue, 2022-08-11,10:18:00,10:18:00,7.98,8.01,8,8,21.7,N/A
SSS040_INC-3,Blue, 2022-08-11,10:21:00,10:21:00,8.25,8.25,8.24,8.25,21.7,N/A
SSS017_INC-2,Blue, 2022-08-11,10:38:00,10:38:00,8.38,8.38,8.38,8.38,21.7,N/A
SSS028_INC-1,Blue, 2022-08-11,10:55:00,10:55:00,6.91,6.95,6.94,6.93,21.7,N/A
SSS028_INC-3,Blue, 2022-08-11,11:08:00,11:08:00,7.29,7.2,7.19,7.23,21.7,N/A
SSS030_INC-1,Blue, 2022-08-11,11:27:00,11:27:00,7.53,7.53,7.51,7.52,21.8,N/A
SSS041_INC-2,Blue, 2022-08-11,11:30:00,11:30:00,6.8,6.81,6.89,6.83,21.9,N/A
SSS030_INC-3,Blue, 2022-08-11,11:46:00,11:46:00,7.99,7.93,7.93,7.95,21.8,N/A
SSS005_INC-2,Blue, 2022-08-11,11:49:00,11:49:00,8.55,8.59,8.56,8.57,21.7,N/A
SSS029_INC-1,Blue, 2022-08-11,12:05:00,12:05:00,3.94,3.92,3.91,3.92,21.7,N/A
SSS029_INC-3,Blue, 2022-08-11,12:29:00,12:39:00,3.62,3.83,3.98,3.81,21.7,N/A
SSS042_INC-2,Blue, 2022-08-11,10:32:00,10:32:00,7.86,7.83,7.88,7.86,21.7,N/A
SSS040_INC-1,Blue, 2022-08-11,10:33:00,10:33:00,7.52,7.48,7.49,7.5,21.7,N/A
SSS040_INC-3,Blue, 2022-08-11,10:36:00,10:36:00,7.66,7.69,7.67,7.67,21.8,N/A
SSS017_INC-2,Blue, 2022-08-11,10:53:00,10:53:00,7.76,7.78,7.81,7.78,21.9,N/A
SSS028_INC-1,Blue, 2022-08-11,11:10:00,11:10:00,5.13,5.24,5.39,5.25,21.9,N/A
SSS028_INC-3,Blue, 2022-08-11,11:23:00,11:23:00,6.05,6.08,6.09,6.07,21.7,N/A
SSS030_INC-1,Blue, 2022-08-11,11:43:00,11:43:00,6.52,6.54,6.56,6.54,21.9,N/A
SSS041_INC-2,Blue, 2022-08-11,11:45:00,11:45:00,6.09,6.1,6.09,6.09,21.7,N/A
SSS030_INC-3,Blue, 2022-08-11,12:01:00,12:01:00,6.81,6.87,6.92,6.87,21.8,N/A
SSS005_INC-2,Blue, 2022-08-11,12:04:00,12:04:00,8.18,8.21,8.21,8.2,21.7,N/A
SSS042_INC-2,Blue, 2022-08-11,11:02:00,11:02:00,7.4,7.42,7.43,7.42,21.7,N/A
SSS040_INC-1,Blue, 2022-08-11,11:03:00,11:03:00,6.33,6.32,6.36,6.34,21.7,N/A
SSS040_INC-3,Blue, 2022-08-11,11:06:00,11:06:00,6.97,6.96,6.97,6.97,21.9,N/A
SSS017_INC-2,Blue, 2022-08-11,11:23:00,11:23:00,7.4,7.32,7.27,7.33,21.7,N/A
SSS028_INC-1,Blue, 2022-08-11,11:40:00,11:40:00,4.94,4.78,4.63,4.78,21.8,N/A
SSS028_INC-3,Blue, 2022-08-11,11:53:00,11:53:00,4.28,3.68,3.67,3.88,21.9,N/A
SSS030_INC-1,Blue, 2022-08-11,12:13:00,12:13:00,6.18,6.1,6.04,6.11,21.8,N/A
SSS041_INC-2,Blue, 2022-08-11,12:15:00,12:15:00,5.11,5.04,5.01,5.05,21.8,N/A
SSS030_INC-3,Blue, 2022-08-11,12:31:00,12:31:00,5.63,5.67,5.72,5.67,21.6,N/A
SSS005_INC-2,Blue, 2022-08-11,12:34:00,12:34:00,7.87,7.82,7.75,7.81,21.7,N/A
SSS042_INC-2,Blue, 2022-08-11,11:32:00,11:32:00,6.41,6.47,6.49,6.46,21.8,N/A
SSS040_INC-1,Blue, 2022-08-11,11:33:00,11:33:00,4.69,4.88,4.95,4.84,21.7,N/A
SSS040_INC-3,Blue, 2022-08-11,11:39:00,11:39:00,6.5,6.53,6.5,6.51,21.8,N/A
SSS017_INC-2,Blue, 2022-08-11,11:53:00,11:53:00,6.36,6.39,6.37,6.37,21.7,N/A
SSS030_INC-1,Blue, 2022-08-11,12:43:00,12:43:00,1.9,1.88,2.05,1.94,21.8,N/A
SSS041_INC-2,Blue, 2022-08-11,12:45:00,12:45:00,4.9,4.89,4.86,4.88,21.7,N/A
SSS030_INC-3,Blue, 2022-08-11,13:01:00,13:01:00,4.97,4.97,4.95,4.96,21.8,N/A
SSS005_INC-2,Blue, 2022-08-11,13:04:00,13:04:00,7.09,7.09,7.11,7.1,21.8,N/A
SSS042_INC-2,Blue, 2022-08-11,12:02:00,12:02:00,6.33,6.32,6.28,6.31,21.7,N/A
SSS040_INC-3,Blue, 2022-08-11,12:06:00,12:06:00,5.99,5.92,5.87,5.93,21.6,N/A
SSS017_INC-2,Blue, 2022-08-11,12:23:00,12:23:00,5.81,5.88,5.85,5.85,21.4,N/A
SSS005_INC-2,Blue, 2022-08-11,13:34:00,13:34:00,6.75,6.74,6.74,6.74,21.9,N/A
STD 0% DO,Pink, 2022-08-11,9:13:00,9:13:00,0,0,0,0,22.2,N/A
STD 100% DO,Pink, 2022-08-11,9:14:00,9:14:00,8.69,8.71,8.69,8.7,22.1,N/A
SSS017_INC-1,Pink, 2022-08-11,9:22:00,9:23:00,8.33,8.35,8.37,8.35,22.2,N/A
SSS017_INC-3,Pink, 2022-08-11,9:24:00,9:25:00,8.35,8.37,8.36,8.36,22.2,N/A
SSS016_INC-2,Pink, 2022-08-11,9:27:00,9:27:00,4.29,4.3,4.3,4.3,22.2,N/A
SSS041_INC-1,Pink, 2022-08-11,9:40:00,9:41:00,7.85,7.85,7.9,7.87,22.2,N/A
SSS041_INC-3,Pink, 2022-08-11,9:44:00,9:44:00,7.8,7.79,7.79,7.79,22.2,N/A
SSS030_INC-2,Pink, 2022-08-11,9:57:00,9:57:00,8.3,8.26,8.26,8.27,22.4,N/A
SSS005_INC-1,Pink, 2022-08-11,10:01:00,10:01:00,8.46,8.46,8.48,8.47,22.5,N/A
SSS005_INC-3,Pink, 2022-08-11,10:13:00,10:13:00,8.52,8.52,8.49,8.51,22.5,N/A
SSS029_INC-2,Pink, 2022-08-11,10:33:00,10:33:00,7.23,7.25,7.29,7.26,22.3,N/A
SSS006_INC-1,Pink, 2022-08-11,10:35:00,10:36:00,5.16,5.23,5.27,5.22,22.4,N/A
SSS040_INC-2,Pink, 2022-08-11,10:51:00,10:51:00,7.97,7.98,7.97,7.97,22.5,N/A
SSS028_INC-2,Pink, 2022-08-11,10:55:00,10:55:00,7.8,7.84,7.85,7.83,22.4,N/A
SSS042_INC-1,Pink, 2022-08-11,11:10:00,11:11:00,8.11,8.1,8.16,8.12,22.3,N/A
SSS042_INC-3,Pink, 2022-08-11,11:14:00,11:14:00,8.22,8.25,8.21,8.23,22.4,N/A
SSS004_INC-1,Pink, 2022-08-11,11:34:00,11:34:00,2.18,2.06,1.95,2.06,22.4,N/A
SSS004_INC-3,Pink, 2022-08-11,11:37:00,11:38:00,1.87,1.65,1.41,1.64,22.3,N/A
SSS006_INC-3,Pink, 2022-08-11,11:46:00,11:46:00,5.56,5.58,5.58,5.57,22.3,N/A
SSS017_INC-1,Pink, 2022-08-11,9:27:00,9:27:00,8.25,8.22,8.19,8.22,22.4,N/A
SSS017_INC-3,Pink, 2022-08-11,9:29:00,9:29:00,8.36,8.34,8.36,8.35,22.3,N/A
SSS016_INC-2,Pink, 2022-08-11,9:32:00,9:32:00,1.76,1.89,1.89,1.85,22.4,N/A
SSS041_INC-1,Pink, 2022-08-11,9:45:00,9:45:00,7.5,7.51,7.49,7.5,22.5,N/A
SSS041_INC-3,Pink, 2022-08-11,9:49:00,9:49:00,6.84,6.93,6.97,6.91,22.4,N/A
SSS030_INC-2,Pink, 2022-08-11,10:02:00,10:02:00,8.06,8.07,8.07,8.07,22.4,N/A
SSS005_INC-1,Pink, 2022-08-11,10:06:00,10:06:00,8.37,8.39,8.44,8.4,22.3,N/A
SSS005_INC-3,Pink, 2022-08-11,10:18:00,10:18:00,8.56,8.5,8.51,8.52,22.5,N/A
SSS029_INC-2,Pink, 2022-08-11,10:38:00,10:38:00,6.36,6.38,6.4,6.38,22.3,N/A
SSS006_INC-1,Pink, 2022-08-11,10:40:00,10:40:00,4.07,3.94,3.87,3.96,22.3,N/A
SSS040_INC-2,Pink, 2022-08-11,10:56:00,10:56:00,7.88,7.88,7.89,7.88,22.4,N/A
SSS028_INC-2,Pink, 2022-08-11,11:00:00,11:00:00,7.68,7.69,7.68,7.68,22.3,N/A
SSS042_INC-1,Pink, 2022-08-11,11:15:00,11:15:00,8.11,8.09,8.08,8.09,22.3,N/A
SSS042_INC-3,Pink, 2022-08-11,11:19:00,11:19:00,8.33,8.33,8.32,8.33,22.5,N/A
SSS004_INC-1,Pink, 2022-08-11,11:39:00,11:39:00,0.11,0.09,0.08,0.09,22.4,N/A
SSS004_INC-3,Pink, 2022-08-11,11:42:00,11:42:00,0.03,0.03,0.02,0.03,22.4,N/A
SSS006_INC-3,Pink, 2022-08-11,11:51:00,11:51:00,3.47,3.56,3.68,3.57,22.4,N/A
SSS017_INC-1,Pink, 2022-08-11,9:32:00,9:34:00,8.83,8.83,8.73,8.8,22.5,N/A
SSS017_INC-3,Pink, 2022-08-11,9:34:00,9:34:00,8.12,8.17,8.17,8.15,22.3,N/A
SSS041_INC-1,Pink, 2022-08-11,9:50:00,9:50:00,7.24,7.26,7.25,7.25,22.3,N/A
SSS041_INC-3,Pink, 2022-08-11,9:54:00,9:54:00,7.14,7.14,7.07,7.12,22.4,N/A
SSS030_INC-2,Pink, 2022-08-11,10:07:00,10:07:00,7.83,7.81,7.8,7.81,22.4,N/A
SSS005_INC-1,Pink, 2022-08-11,10:11:00,10:11:00,8.19,8.19,8.21,8.2,22.2,N/A
SSS005_INC-3,Pink, 2022-08-11,10:23:00,10:23:00,8.37,8.36,8.38,8.37,22.5,N/A
SSS029_INC-2,Pink, 2022-08-11,10:43:00,10:44:00,5.67,5.71,5.66,5.68,22.3,N/A
SSS040_INC-2,Pink, 2022-08-11,11:01:00,11:01:00,7.77,7.74,7.76,7.76,22.3,N/A
SSS028_INC-2,Pink, 2022-08-11,11:05:00,11:05:00,7.29,7.25,7.25,7.26,22.4,N/A
SSS042_INC-1,Pink, 2022-08-11,11:20:00,11:20:00,7.94,7.98,8,7.97,22.4,N/A
SSS042_INC-3,Pink, 2022-08-11,11:24:00,11:24:00,8.09,8.1,8.12,8.1,22.4,N/A
SSS017_INC-1,Pink, 2022-08-11,9:37:00,9:37:00,8.57,8.58,8.53,8.56,22.4,N/A
SSS017_INC-3,Pink, 2022-08-11,9:39:00,9:39:00,8.07,8.09,8.12,8.09,22.2,N/A
SSS041_INC-1,Pink, 2022-08-11,9:55:00,9:56:00,6.78,6.76,6.72,6.75,22.5,N/A
SSS041_INC-3,Pink, 2022-08-11,9:59:00,9:59:00,6.94,6.85,6.83,6.87,22.6,N/A
SSS030_INC-2,Pink, 2022-08-11,10:12:00,10:12:00,7.53,7.53,7.52,7.53,22.5,N/A
SSS005_INC-1,Pink, 2022-08-11,10:16:00,10:10:00,8.15,8.16,8.16,8.16,22.2,N/A
SSS005_INC-3,Pink, 2022-08-11,10:28:00,10:28:00,8.28,8.27,8.27,8.27,22.5,N/A
SSS029_INC-2,Pink, 2022-08-11,10:48:00,10:48:00,5.26,5.26,5.23,5.25,22.4,N/A
SSS040_INC-2,Pink, 2022-08-11,11:06:00,11:06:00,7.48,7.49,7.51,7.49,22.2,N/A
SSS028_INC-2,Pink, 2022-08-11,11:15:00,11:16:00,6.45,6.44,6.39,6.43,22.5,N/A
SSS042_INC-1,Pink, 2022-08-11,11:25:00,11:25:00,7.85,7.81,7.82,7.83,22.4,N/A
SSS042_INC-3,Pink, 2022-08-11,11:29:00,11:29:00,7.99,7.96,7.94,7.96,22.7,N/A
SSS017_INC-1,Pink, 2022-08-11,9:52:00,9:52:00,7.64,7.67,7.67,7.66,22.3,N/A
SSS017_INC-3,Pink, 2022-08-11,9:54:00,9:55:00,7.73,7.72,7.76,7.74,22.3,N/A
SSS041_INC-1,Pink, 2022-08-11,10:00:00,10:00:00,6.36,6.34,6.34,6.35,22.3,N/A
SSS041_INC-3,Pink, 2022-08-11,10:04:00,10:04:00,6.11,6.15,6.21,6.16,22.4,N/A
SSS030_INC-2,Pink, 2022-08-11,10:27:00,10:27:00,7.06,7.02,6.98,7.02,22.4,N/A
SSS005_INC-1,Pink, 2022-08-11,10:31:00,10:31:00,7.83,7.81,7.79,7.81,22.5,N/A
SSS005_INC-3,Pink, 2022-08-11,10:43:00,10:43:00,8.11,8.07,8.05,8.08,22.3,N/A
SSS029_INC-2,Pink, 2022-08-11,11:03:00,11:03:00,3.89,3.88,3.88,3.88,22.3,N/A
SSS040_INC-2,Pink, 2022-08-11,11:21:00,11:21:00,7.01,6.99,6.96,6.99,22.6,N/A
SSS028_INC-2,Pink, 2022-08-11,11:25:00,11:26:00,5.81,5.82,5.81,5.81,22.5,N/A
SSS042_INC-1,Pink, 2022-08-11,11:40:00,11:40:00,7.55,7.56,7.53,7.55,22.4,N/A
SSS042_INC-3,Pink, 2022-08-11,11:44:00,11:44:00,7.78,7.77,7.77,7.77,22.3,N/A
SSS017_INC-1,Pink, 2022-08-11,10:22:00,10:22:00,6.98,7.03,7.02,7.01,22.2,N/A
SSS017_INC-3,Pink, 2022-08-11,10:24:00,10:24:00,7.44,7.53,7.54,7.5,22.3,N/A
SSS041_INC-1,Pink, 2022-08-11,10:40:00,10:41:00,4.13,4.12,4.13,4.13,22.2,N/A
SSS041_INC-3,Pink, 2022-08-11,10:44:00,10:45:00,4.87,4.82,4.77,4.82,22.3,N/A
SSS030_INC-2,Pink, 2022-08-11,10:57:00,10:57:00,5.67,5.67,5.67,5.67,22.5,N/A
SSS005_INC-1,Pink, 2022-08-11,11:01:00,11:02:00,7.38,7.35,7.32,7.35,22.3,N/A
SSS005_INC-3,Pink, 2022-08-11,11:13:00,11:13:00,7.6,7.6,7.52,7.57,22.6,N/A
SSS040_INC-2,Pink, 2022-08-11,11:51:00,11:52:00,5.79,5.78,5.8,5.79,22.3,N/A
SSS028_INC-2,Pink, 2022-08-11,11:55:00,11:55:00,4.56,4.53,4.5,4.53,22.4,N/A
SSS042_INC-1,Pink, 2022-08-11,12:10:00,12:10:00,6.67,6.7,6.69,6.69,22.4,N/A
SSS042_INC-3,Pink, 2022-08-11,12:14:00,12:14:00,7.29,7.25,7.23,7.26,22.3,N/A
SSS017_INC-1,Pink, 2022-08-11,10:52:00,10:52:00,6.34,6.35,6.34,6.34,22.3,N/A
SSS017_INC-3,Pink, 2022-08-11,10:54:00,10:54:00,6.37,6.4,6.38,6.38,22.3,N/A
SSS030_INC-2,Pink, 2022-08-11,11:27:00,11:27:00,4.96,4.91,4.91,4.93,22.4,N/A
SSS005_INC-1,Pink, 2022-08-11,11:31:00,11:31:00,6.6,6.64,6.66,6.63,22.5,N/A
SSS005_INC-3,Pink, 2022-08-11,11:43:00,11:43:00,6.71,6.77,6.82,6.77,22.4,N/A
SSS040_INC-2,Pink, 2022-08-11,12:21:00,12:21:00,5.48,5.47,5.43,5.46,22.3,N/A
SSS042_INC-1,Pink, 2022-08-11,12:40:00,12:41:00,6.13,6.17,6.21,6.17,22.2,N/A
SSS042_INC-3,Pink, 2022-08-11,12:44:00,12:44:00,5.84,5.94,5.98,5.92,22.4,N/A
SSS017_INC-1,Pink, 2022-08-11,11:22:00,11:22:00,5.91,5.91,5.91,5.91,22.3,N/A
SSS017_INC-3,Pink, 2022-08-11,11:24:00,11:25:00,5.6,5.61,5.62,5.61,22.5,N/A
SSS005_INC-1,Pink, 2022-08-11,12:01:00,12:01:00,5.83,5.92,5.96,5.9,22.4,N/A
SSS005_INC-3,Pink, 2022-08-11,12:13:00,12:13:00,6.48,6.47,6.53,6.49,22.6,N/A
SSS040_INC-2,Pink, 2022-08-11,12:51:00,12:51:00,4.8,4.76,4.75,4.77,22.2,N/A
SSS042_INC-1,Pink, 2022-08-11,13:10:00,13:10:00,6.17,6.16,6.16,6.16,22.3,N/A
SSS042_INC-3,Pink, 2022-08-11,13:14:00,13:14:00,6.4,6.4,6.39,6.4,22.2,N/A
STD 0% DO,Blue, 2022-08-12,9:20:00,9:20:00,0,0,0,0,21.5,N/A
STD 100% DO,Blue, 2022-08-12,9:19:00,9:19:00,8.71,8.71,8.71,8.71,21.5,N/A
SSS020_INC-1,Blue, 2022-08-12,9:27:00,9:27:00,7.53,7.55,7.56,7.55,21.6,N/A
SSS020_INC-3,Blue, 2022-08-12,9:30:00,9:30:00,6.52,6.48,6.47,6.49,21.7,N/A
SSS032_INC-2,Blue, 2022-08-12,9:31:00,9:31:00,8.52,8.47,8.5,8.5,21.8,N/A
SSS019_INC-1,Blue, 2022-08-12,9:44:00,9:44:00,7.94,8,7.99,7.98,21.7,N/A
SSS019_INC-3,Blue, 2022-08-12,9:47:00,9:47:00,8.29,8.3,8.31,8.3,21.7,N/A
SSS018_INC-2,Blue, 2022-08-12,10:02:00,10:02:00,9.26,9.22,9.21,9.23,21.7,N/A
SSS007_INC-1,Blue, 2022-08-12,10:03:00,10:03:00,8.89,8.89,8.89,8.89,21.8,N/A
SSS007_INC-3,Blue, 2022-08-12,10:05:00,10:05:00,9.09,9.06,9.06,9.07,21.8,N/A
SSS033_INC-2,Blue, 2022-08-12,10:20:00,10:20:00,8.95,8.96,8.96,8.96,21.4,N/A
SSS031_INC-1,Blue, 2022-08-12,10:24:00,10:24:00,8.9,8.92,8.91,8.91,21.4,N/A
SSS031_INC-3,Blue, 2022-08-12,10:41:00,10:41:00,9.27,9.28,9.31,9.29,21.4,N/A
SSS045_INC-2,Blue, 2022-08-12,10:48:00,10:48:00,8.92,8.93,8.93,8.93,21.4,N/A
SSS009_INC-1,Blue, 2022-08-12,11:00:00,11:00:00,8.72,8.72,8.71,8.72,21.6,N/A
SSS009_INC-3,Blue, 2022-08-12,11:05:00,11:05:00,8.78,8.78,8.77,8.78,21.6,N/A
SSS008_INC-2,Blue, 2022-08-12,11:32:00,11:32:00,0.04,0.03,0.03,0.03,21.4,N/A
SSS044_INC-1,Blue, 2022-08-12,11:35:00,11:35:00,8.31,8.39,8.29,8.33,21.7,N/A
SSS044_INC-3,Blue, 2022-08-12,11:55:00,11:55:00,8.43,8.46,8.48,8.46,21.6,N/A
SSS043_INC-2,Blue, 2022-08-12,12:01:00,12:01:00,8.79,8.74,8.72,8.75,21.6,N/A
SSS020_INC-1,Blue, 2022-08-12,9:32:00,9:32:00,5.87,5.87,5.89,5.88,21.6,N/A
SSS020_INC-3,Blue, 2022-08-12,9:35:00,9:35:00,4.56,4.54,4.55,4.55,21.6,N/A
SSS032_INC-2,Blue, 2022-08-12,9:36:00,9:36:00,8.51,8.51,8.53,8.52,21.6,N/A
SSS019_INC-1,Blue, 2022-08-12,9:49:00,9:49:00,6.76,6.89,7,6.88,21.8,N/A
SSS019_INC-3,Blue, 2022-08-12,9:52:00,9:52:00,8.02,7.92,7.87,7.94,21.7,N/A
SSS018_INC-2,Blue, 2022-08-12,10:01:00,10:07:00,9.13,9.1,9.1,9.11,21.7,N/A
SSS007_INC-1,Blue, 2022-08-12,10:08:00,10:08:00,8.89,8.83,8.83,8.85,21.7,N/A
SSS007_INC-3,Blue, 2022-08-12,10:10:00,10:10:00,8.86,8.88,8.87,8.87,21.7,N/A
SSS033_INC-2,Blue, 2022-08-12,10:25:00,10:25:00,8.66,8.72,8.7,8.69,21.4,N/A
SSS031_INC-1,Blue, 2022-08-12,10:29:00,10:29:00,8.85,8.87,8.83,8.85,21.6,N/A
SSS031_INC-3,Blue, 2022-08-12,10:46:00,10:46:00,9.22,9.18,9.2,9.2,21.6,N/A
SSS045_INC-2,Blue, 2022-08-12,10:53:00,10:53:00,8.41,8.5,8.52,8.48,21.4,N/A
SSS009_INC-1,Blue, 2022-08-12,11:05:00,11:05:00,8.73,8.74,8.8,8.76,21.6,N/A
SSS009_INC-3,Blue, 2022-08-12,11:10:00,11:10:00,8.72,8.79,8.76,8.76,21.4,N/A
SSS008_INC-2,Blue, 2022-08-12,11:37:00,11:37:00,0.01,0.01,0.01,0.01,21.7,N/A
SSS044_INC-1,Blue, 2022-08-12,11:40:00,11:40:00,8.13,8.1,8.1,8.11,21.7,N/A
SSS044_INC-3,Blue, 2022-08-12,12:00:00,12:00:00,8.2,8.15,8.15,8.17,21.6,N/A
SSS043_INC-2,Blue, 2022-08-12,12:07:00,12:07:00,8.54,8.53,8.53,8.53,21.4,N/A
SSS020_INC-1,Blue, 2022-08-12,9:37:00,9:37:00,2.83,3.12,3.66,3.2,21.4,N/A
SSS032_INC-2,Blue, 2022-08-12,9:41:00,9:41:00,8.32,8.35,8.31,8.33,21.7,N/A
SSS019_INC-1,Blue, 2022-08-12,9:54:00,9:54:00,6.8,6.85,6.89,6.85,21.7,N/A
SSS019_INC-3,Blue, 2022-08-12,9:57:00,9:57:00,7.36,7.3,7.2,7.29,21.8,N/A
SSS018_INC-2,Blue, 2022-08-12,10:12:00,10:12:00,8.86,8.81,8.82,8.83,21.7,N/A
SSS007_INC-1,Blue, 2022-08-12,10:13:00,10:13:00,8.54,8.59,8.61,8.58,21.6,N/A
SSS007_INC-3,Blue, 2022-08-12,10:15:00,10:15:00,8.82,8.81,8.77,8.8,21.6,N/A
SSS033_INC-2,Blue, 2022-08-12,10:30:00,10:30:00,8.68,8.66,8.65,8.66,21.6,N/A
SSS031_INC-1,Blue, 2022-08-12,10:34:00,10:34:00,8.67,8.7,8.68,8.68,21.6,N/A
SSS031_INC-3,Blue, 2022-08-12,10:51:00,10:51:00,9.11,9.09,9.12,9.11,21.4,N/A
SSS045_INC-2,Blue, 2022-08-12,10:58:00,10:58:00,8.12,8.12,8.2,8.15,21.6,N/A
SSS009_INC-1,Blue, 2022-08-12,11:10:00,11:10:00,8.8,8.79,8.74,8.78,21.4,N/A
SSS009_INC-3,Blue, 2022-08-12,11:15:00,11:15:00,8.69,8.64,8.63,8.65,21.6,N/A
SSS044_INC-1,Blue, 2022-08-12,11:45:00,11:45:00,7.86,7.86,7.85,7.86,21.6,N/A
SSS044_INC-3,Blue, 2022-08-12,12:05:00,12:05:00,7.98,7.95,7.93,7.95,21.6,N/A
SSS043_INC-2,Blue, 2022-08-12,12:11:00,12:11:00,8.25,8.24,8.24,8.24,21.4,N/A
SSS032_INC-2,Blue, 2022-08-12,9:46:00,9:46:00,7.96,7.93,7.93,7.94,21.7,N/A
SSS019_INC-1,Blue, 2022-08-12,9:59:00,9:59:00,6.74,6.68,6.65,6.69,21.7,N/A
SSS019_INC-3,Blue, 2022-08-12,10:02:00,10:02:00,6.37,6.38,6.47,6.41,21.6,N/A
SSS018_INC-2,Blue, 2022-08-12,10:17:00,10:17:00,8.78,8.77,8.74,8.76,21.6,N/A
SSS007_INC-1,Blue, 2022-08-12,10:18:00,10:18:00,8.39,8.39,8.4,8.39,21.6,N/A
SSS007_INC-3,Blue, 2022-08-12,10:20:00,10:20:00,8.55,8.53,8.53,8.54,21.6,N/A
SSS033_INC-2,Blue, 2022-08-12,10:35:00,10:35:00,8.51,8.56,8.54,8.54,21.6,N/A
SSS031_INC-1,Blue, 2022-08-12,10:39:00,10:39:00,8.48,8.52,8.52,8.51,21.6,N/A
SSS031_INC-3,Blue, 2022-08-12,10:56:00,10:56:00,9.02,9.01,9.01,9.01,21.4,N/A
SSS045_INC-2,Blue, 2022-08-12,11:03:00,11:03:00,7.96,7.98,8.02,7.99,21.6,N/A
SSS009_INC-1,Blue, 2022-08-12,11:15:00,11:15:00,8.61,8.61,8.6,8.61,21.7,N/A
SSS009_INC-3,Blue, 2022-08-12,11:21:00,11:21:00,8.54,8.54,8.5,8.53,21.6,N/A
SSS044_INC-1,Blue, 2022-08-12,11:50:00,11:50:00,7.58,7.55,7.53,7.55,21.6,N/A
SSS044_INC-3,Blue, 2022-08-12,12:11:00,12:11:00,7.72,7.76,7.76,7.75,21.4,N/A
SSS043_INC-2,Blue, 2022-08-12,12:16:00,12:16:00,8.15,8.16,8.16,8.16,21.4,N/A
SSS032_INC-2,Blue, 2022-08-12,10:01:00,10:01:00,7.88,7.88,7.87,7.88,21.6,N/A
SSS019_INC-1,Blue, 2022-08-12,10:14:00,10:14:00,6.02,6,5.98,6,21.6,N/A
SSS019_INC-3,Blue, 2022-08-12,10:17:00,10:17:00,6.24,5.95,5.65,5.95,21.6,N/A
SSS018_INC-2,Blue, 2022-08-12,10:32:00,10:32:00,8.64,8.66,8.62,8.64,21.4,N/A
SSS007_INC-1,Blue, 2022-08-12,10:33:00,10:33:00,7.8,7.83,7.83,7.82,21.6,N/A
SSS007_INC-3,Blue, 2022-08-12,10:35:00,10:35:00,7.97,7.97,7.99,7.98,21.6,N/A
SSS033_INC-2,Blue, 2022-08-12,10:50:00,10:50:00,8.19,7.78,7.74,7.9,21.4,N/A
SSS031_INC-1,Blue, 2022-08-12,10:54:00,10:54:00,8.18,8.18,8.17,8.18,21.4,N/A
SSS031_INC-3,Blue, 2022-08-12,11:11:00,11:11:00,8.67,8.68,8.66,8.67,21.4,N/A
SSS045_INC-2,Blue, 2022-08-12,11:18:00,11:18:00,7.28,7.29,7.29,7.29,21.7,N/A
SSS009_INC-1,Blue, 2022-08-12,11:30:00,11:30:00,8.49,8.5,8.47,8.49,21.6,N/A
SSS009_INC-3,Blue, 2022-08-12,11:35:00,11:35:00,8.36,8.37,8.37,8.37,21.7,N/A
SSS044_INC-1,Blue, 2022-08-12,12:05:00,12:05:00,6.33,6.39,6.43,6.38,21.4,N/A
SSS044_INC-3,Blue, 2022-08-12,12:25:00,12:25:00,7.07,7.09,7.09,7.08,21.4,N/A
SSS043_INC-2,Blue, 2022-08-12,12:31:00,12:31:00,7.84,7.8,7.74,7.79,21.4,N/A
SSS032_INC-2,Blue, 2022-08-12,10:31:00,10:31:00,7.62,7.56,7.53,7.57,21.6,N/A
SSS019_INC-1,Blue, 2022-08-12,10:44:00,10:44:00,4.66,4.68,4.71,4.68,21.6,N/A
SSS019_INC-3,Blue, 2022-08-12,10:47:00,10:47:00,0.95,1.25,1.49,1.23,21.4,N/A
SSS018_INC-2,Blue, 2022-08-12,11:02:00,11:02:00,7.15,7.22,7.23,7.2,21.6,N/A
SSS007_INC-1,Blue, 2022-08-12,11:03:00,11:03:00,7.2,7.2,7.18,7.19,21.4,N/A
SSS007_INC-3,Blue, 2022-08-12,11:05:00,11:05:00,6.91,6.95,7,6.95,21.6,N/A
SSS033_INC-2,Blue, 2022-08-12,11:21:00,11:21:00,6.88,6.85,6.84,6.86,21.6,N/A
SSS031_INC-1,Blue, 2022-08-12,11:24:00,11:24:00,7.26,7.29,7.31,7.29,21.6,N/A
SSS031_INC-3,Blue, 2022-08-12,11:41:00,11:41:00,7.91,7.95,7.99,7.95,21.7,N/A
SSS045_INC-2,Blue, 2022-08-12,12:00:00,12:00:00,6.13,6.09,6.07,6.1,21.6,N/A
SSS009_INC-1,Blue, 2022-08-12,12:07:00,12:07:00,8.16,8.11,8.13,8.13,21.4,N/A
SSS009_INC-3,Blue, 2022-08-12,12:07:00,12:07:00,7.94,7.93,8,7.96,21.6,N/A
SSS044_INC-1,Blue, 2022-08-12,12:35:00,12:35:00,5.96,5.87,5.81,5.88,21.4,N/A
SSS044_INC-3,Blue, 2022-08-12,12:55:00,12:55:00,6.8,6.73,6.68,6.74,21.3,N/A
SSS043_INC-2,Blue, 2022-08-12,13:01:00,13:01:00,6.62,6.63,6.64,6.63,21.4,N/A
SSS032_INC-2,Blue, 2022-08-12,11:01:00,11:01:00,7.09,7,6.94,7.01,21.6,N/A
SSS018_INC-2,Blue, 2022-08-12,11:32:00,11:32:00,6.61,6.59,6.6,6.6,21.6,N/A
SSS007_INC-1,Blue, 2022-08-12,11:33:00,11:33:00,6.69,6.71,6.69,6.7,21.4,N/A
SSS007_INC-3,Blue, 2022-08-12,11:35:00,-9999,-9999,-9999,-9999,-9999,-9999,broke
SSS033_INC-2,Blue, 2022-08-12,11:51:00,-9999,-9999,-9999,-9999,-9999,-9999,missed 
SSS031_INC-1,Blue, 2022-08-12,11:54:00,-9999,-9999,-9999,-9999,-9999,-9999,missed 
SSS031_INC-3,Blue, 2022-08-12,12:13:00,12:13:00,7.5,7.54,7.59,7.54,21.4,N/A
SSS045_INC-2,Blue, 2022-08-12,12:30:00,12:30:00,4.58,4.59,4.59,4.59,21.4,N/A
SSS009_INC-1,Blue, 2022-08-12,12:37:00,12:37:00,7.89,7.91,7.9,7.9,21.4,N/A
SSS009_INC-3,Blue, 2022-08-12,12:37:00,12:37:00,7.77,7.78,7.74,7.76,21.6,N/A
SSS044_INC-1,Blue, 2022-08-12,13:05:00,13:05:00,4.86,4.89,4.9,4.88,21.4,N/A
SSS044_INC-3,Blue, 2022-08-12,13:25:00,13:25:00,5.7,5.66,5.66,5.67,21.5,N/A
SSS043_INC-2,Blue, 2022-08-12,13:31:00,13:31:00,6.2,6.17,6.17,6.18,21.5,N/A
SSS032_INC-2,Blue, 2022-08-12,11:31:00,11:31:00,6.29,6.33,6.37,6.33,21.4,N/A
SSS018_INC-2,Blue, 2022-08-12,12:02:00,12:02:00,6.17,6.17,6.17,6.17,21.6,N/A
SSS007_INC-1,Blue, 2022-08-12,12:03:00,12:03:00,5.79,5.7,5.72,5.74,21.6,N/A
SSS033_INC-2,Blue, 2022-08-12,12:21:00,12:21:00,5.15,5.18,5.24,5.19,21.4,N/A
SSS031_INC-1,Blue, 2022-08-12,12:24:00,12:24:00,6.74,6.68,6.7,6.71,21.4,N/A
SSS031_INC-3,Blue, 2022-08-12,12:41:00,12:41:00,7.28,7.27,7.26,7.27,21.6,N/A
SSS009_INC-1,Blue, 2022-08-12,13:07:00,13:07:00,7.76,7.77,7.76,7.76,21.4,N/A
SSS009_INC-3,Blue, 2022-08-12,13:07:00,13:07:00,7.52,7.53,7.57,7.54,21.4,N/A
SSS044_INC-3,Blue, 2022-08-12,13:55:00,13:55:00,4.91,4.9,4.9,4.9,21.2,N/A
SSS043_INC-2,Blue, 2022-08-12,14:01:00,14:01:00,3.65,3.65,3.86,3.72,21.2,N/A
STD 0% DO,Pink, 2022-08-12,8:40:00,8:40:00,0:00,0,0,0,22.1,N/A
STD 100% DO,Pink, 2022-08-12,8:40:00,8:41:00,8.54,8.55,8.55,8.55,22.1,N/A
SSS007_INC-2,Pink, 2022-08-12,8:48:00,8:49:00,8.27,8.24,8.27,8.26,22.6,N/A
SSS033_INC-1,Pink, 2022-08-12,8:50:00,8:51:00,8.07,8.07,8.06,8.07,22.7,N/A
SSS033_INC-3,Pink, 2022-08-12,8:52:00,8:53:00,8.03,8.06,8.06,8.05,22.5,N/A
SSS031_INC-2,Pink, 2022-08-12,9:05:00,9:06:00,8.16,8.18,8.19,8.18,22.6,N/A
SSS045_INC-1,Pink, 2022-08-12,9:08:00,9:08:00,7.95,7.96,7.95,7.95,22.9,N/A
SSS045_INC-3,Pink, 2022-08-12,9:23:00,9:23:00,8.06,8.07,8.08,8.07,23,N/A
SSS009_INC-2,Pink, 2022-08-12,9:26:00,9:26:00,8.09,8.09,8.09,8.09,22.9,N/A
SSS008_INC-1,Pink, 2022-08-12,9:41:00,9:41:00,0.59,0.59,0.46,0.55,22.8,N/A
SSS008_INC-3,Pink, 2022-08-12,9:45:00,9:45:00,0.25,0.25,0.2,0.23,22.9,N/A
SSS044_INC-2,Pink, 2022-08-12,10:02:00,10:02:00,7.87,7.88,7.88,7.88,22.9,N/A
SSS043_INC-1,Pink, 2022-08-12,10:05:00,10:06:00,7.87,7.83,7.85,7.85,23,N/A
SSS043_INC-3,Pink, 2022-08-12,10:21:00,10:21:00,7.94,7.93,7.94,7.94,22.8,N/A
SSS020_INC-2,Pink, 2022-08-12,10:23:00,10:23:00,5.29,5.28,5.26,5.28,22.9,N/A
SSS032_INC-1,Pink, 2022-08-12,10:24:00,10:25:00,7.99,8,7.98,7.99,22.8,N/A
SSS032_INC-3,Pink, 2022-08-12,10:52:00,10:53:00,7.79,7.79,7.82,7.8,22.7,N/A
SSS019_INC-2,Pink, 2022-08-12,10:56:00,10:57:00,7.67,7.67,7.63,7.66,22.9,N/A
SSS018_INC-1,Pink, 2022-08-12,11:15:00,11:16:00,8.18,8.2,8.19,8.19,22.9,N/A
SSS018_INC-3,Pink, 2022-08-12,11:19:00,11:19:00,7.82,7.83,7.84,7.83,23,N/A
SSS007_INC-2,Pink, 2022-08-12,8:53:00,8:53:00,7.86,7.9,7.94,7.9,22.6,N/A
SSS033_INC-1,Pink, 2022-08-12,8:55:00,8:55:00,8.15,8.18,8.13,8.15,22.7,N/A
SSS033_INC-3,Pink, 2022-08-12,8:57:00,8:57:00,7.73,7.76,7.78,7.76,22.6,N/A
SSS031_INC-2,Pink, 2022-08-12,9:10:00,9:10:00,8.29,8.15,8.18,8.21,22.9,N/A
SSS045_INC-1,Pink, 2022-08-12,9:13:00,9:13:00,7.78,7.81,7.79,7.79,23,N/A
SSS045_INC-3,Pink, 2022-08-12,9:28:00,9:28:00,7.67,7.7,7.7,7.69,22.8,N/A
SSS009_INC-2,Pink, 2022-08-12,9:31:00,9:31:00,8.14,8.14,8.17,8.15,22.6,N/A
SSS008_INC-1,Pink, 2022-08-12,9:46:00,9:46:00,0.01,0,0,0,22.8,N/A
SSS008_INC-3,Pink, 2022-08-12,9:50:00,9:50:00,0,0,0,0,22.7,N/A
SSS044_INC-2,Pink, 2022-08-12,10:07:00,10:07:00,7.55,7.55,7.52,7.54,23.1,N/A
SSS043_INC-1,Pink, 2022-08-12,10:10:00,10:10:00,8.01,8,8,8,23,N/A
SSS043_INC-3,Pink, 2022-08-12,10:26:00,10:26:00,7.71,7.7,7.71,7.71,23.1,N/A
SSS020_INC-2,Pink, 2022-08-12,10:28:00,10:28:00,4.62,4.5,4.5,4.54,23,N/A
SSS032_INC-1,Pink, 2022-08-12,10:29:00,10:29:00,7.87,7.89,7.91,7.89,22.6,N/A
SSS032_INC-3,Pink, 2022-08-12,10:57:00,10:57:00,7.75,7.75,7.76,7.75,23,N/A
SSS019_INC-2,Pink, 2022-08-12,11:01:00,11:01:00,6.97,7.03,7.03,7.01,23,N/A
SSS018_INC-1,Pink, 2022-08-12,11:20:00,11:20:00,8.16,8.15,8.16,8.16,22.9,N/A
SSS018_INC-3,Pink, 2022-08-12,11:24:00,11:25:00,7.9,7.9,7.93,7.91,22.5,N/A
SSS007_INC-2,Pink, 2022-08-12,8:58:00,8:58:00,8.02,8.02,8.01,8.02,22.7,N/A
SSS033_INC-1,Pink, 2022-08-12,9:00:00,9:00:00,8.05,7.91,7.87,7.94,22.7,N/A
SSS033_INC-3,Pink, 2022-08-12,9:02:00,9:02:00,7.73,7.74,7.76,7.74,22.7,N/A
SSS031_INC-2,Pink, 2022-08-12,9:15:00,9:15:00,7.88,7.9,7.94,7.91,22.7,N/A
SSS045_INC-1,Pink, 2022-08-12,9:18:00,9:18:00,7.6,7.61,7.62,7.61,22.9,N/A
SSS045_INC-3,Pink, 2022-08-12,9:33:00,9:33:00,7.61,7.64,7.63,7.63,22.7,N/A
SSS009_INC-2,Pink, 2022-08-12,9:36:00,9:37:00,7.95,7.94,7.94,7.94,23.1,N/A
SSS044_INC-2,Pink, 2022-08-12,10:12:00,10:12:00,7.13,7.16,7.22,7.17,22.7,N/A
SSS043_INC-1,Pink, 2022-08-12,10:15:00,10:15:00,7.6,7.58,7.57,7.58,22.8,N/A
SSS043_INC-3,Pink, 2022-08-12,10:31:00,10:31:00,7.66,7.69,7.69,7.68,22.7,N/A
SSS032_INC-1,Pink, 2022-08-12,10:34:00,10:34:00,7.76,7.76,7.79,7.77,22.6,N/A
SSS032_INC-3,Pink, 2022-08-12,11:02:00,11:02:00,7.62,7.6,7.65,7.62,22.8,N/A
SSS019_INC-2,Pink, 2022-08-12,11:06:00,11:07:00,6.79,6.71,6.71,6.74,23.2,N/A
SSS018_INC-1,Pink, 2022-08-12,11:25:00,11:26:00,8.08,8.08,8.06,8.07,22.9,N/A
SSS018_INC-3,Pink, 2022-08-12,11:29:00,11:29:00,7.76,7.76,7.76,7.76,23,N/A
SSS007_INC-2,Pink, 2022-08-12,9:03:00,9:03:00,7.83,7.82,7.82,7.82,22.8,N/A
SSS033_INC-1,Pink, 2022-08-12,9:05:00,9:05:00,7.71,7.72,7.72,7.72,22.7,N/A
SSS033_INC-3,Pink, 2022-08-12,9:07:00,9:07:00,7.87,7.64,7.64,7.72,22.7,N/A
SSS031_INC-2,Pink, 2022-08-12,9:20:00,9:21:00,8.05,8.05,8.06,8.05,23,had bubble show up
SSS045_INC-1,Pink, 2022-08-12,9:23:00,9:24:00,7.38,7.39,7.38,7.38,22.8,N/A
SSS045_INC-3,Pink, 2022-08-12,9:38:00,9:39:00,6.98,7.06,7.1,7.05,22.8,N/A
SSS009_INC-2,Pink, 2022-08-12,9:41:00,9:42:00,7.95,7.97,7.98,7.97,22.8,N/A
SSS044_INC-2,Pink, 2022-08-12,10:17:00,10:17:00,7.14,7.11,7.11,7.12,23,N/A
SSS043_INC-1,Pink, 2022-08-12,10:20:00,10:21:00,7.51,7.46,7.49,7.49,23,N/A
SSS043_INC-3,Pink, 2022-08-12,10:36:00,10:37:00,7.56,7.56,7.55,7.56,22.7,N/A
SSS032_INC-1,Pink, 2022-08-12,10:39:00,10:39:00,7.67,7.62,7.65,7.65,22.7,N/A
SSS032_INC-3,Pink, 2022-08-12,11:07:00,11:08:00,7.34,7.35,7.35,7.35,23,N/A
SSS019_INC-2,Pink, 2022-08-12,11:11:00,11:11:00,6.41,6.39,6.37,6.39,22.8,N/A
SSS018_INC-1,Pink, 2022-08-12,11:30:00,11:30:00,8,7.96,7.96,7.97,22.9,N/A
SSS018_INC-3,Pink, 2022-08-12,11:34:00,11:35:00,7.82,7.82,7.81,7.82,22.5,N/A
SSS007_INC-2,Pink, 2022-08-12,9:18:00,9:18:00,7.55,7.51,7.51,7.52,23,N/A
SSS033_INC-1,Pink, 2022-08-12,9:20:00,9:20:00,7.21,7.22,7.23,7.22,23.1,N/A
SSS033_INC-3,Pink, 2022-08-12,9:22:00,9:23:00,7.11,7.11,7.1,7.11,22.9,N/A
SSS031_INC-2,Pink, 2022-08-12,9:35:00,9:35:00,8.06,8.07,8.06,8.06,22.8,N/A
SSS045_INC-1,Pink, 2022-08-12,9:38:00,9:38:00,7.13,7.09,7.07,7.1,22.7,N/A
SSS045_INC-3,Pink, 2022-08-12,9:53:00,9:53:00,6.78,6.77,6.78,6.78,23,N/A
SSS009_INC-2,Pink, 2022-08-12,9:56:00,9:56:00,7.89,7.89,7.88,7.89,22.9,N/A
SSS044_INC-2,Pink, 2022-08-12,10:32:00,10:32:00,6.79,6.76,6.78,6.78,22.6,N/A
SSS043_INC-1,Pink, 2022-08-12,10:35:00,10:36:00,6.97,6.96,6.95,6.96,22.8,N/A
SSS043_INC-3,Pink, 2022-08-12,10:51:00,10:52:00,6.07,6.08,6.08,6.08,22.8,N/A
SSS032_INC-1,Pink, 2022-08-12,10:54:00,10:55:00,7,7.01,7.02,7.01,22.8,N/A
SSS032_INC-3,Pink, 2022-08-12,11:22:00,11:23:00,7.27,7.27,7.27,7.27,23,N/A
SSS019_INC-2,Pink, 2022-08-12,11:26:00,11:26:00,5.62,5.51,5.41,5.51,23,N/A
SSS018_INC-1,Pink, 2022-08-12,11:45:00,11:45:00,7.92,7.91,7.91,7.91,22.8,N/A
SSS018_INC-3,Pink, 2022-08-12,11:49:00,11:49:00,7.57,7.57,7.57,7.57,22.9,N/A
SSS007_INC-2,Pink, 2022-08-12,9:48:00,9:48:00,7.39,7.36,7.39,7.38,22.7,N/A
SSS033_INC-1,Pink, 2022-08-12,9:50:00,9:50:00,6.56,6.58,6.59,6.58,22.8,N/A
SSS033_INC-3,Pink, 2022-08-12,9:52:00,9:52:00,6.63,6.64,6.63,6.63,22.7,N/A
SSS031_INC-2,Pink, 2022-08-12,10:05:00,10:05:00,7.6,7.57,7.55,7.57,22.7,N/A
SSS045_INC-1,Pink, 2022-08-12,10:08:00,10:08:00,6.23,6.14,6.08,6.15,23,N/A
SSS045_INC-3,Pink, 2022-08-12,10:23:00,10:23:00,6.05,6.02,6.01,6.03,22.9,N/A
SSS009_INC-2,Pink, 2022-08-12,10:26:00,10:27:00,7.7,7.68,7.08,7.49,23,N/A
SSS044_INC-2,Pink, 2022-08-12,11:02:00,11:03:00,5.77,5.77,5.77,5.77,22.9,N/A
SSS043_INC-1,Pink, 2022-08-12,11:05:00,11:06:00,5.86,5.86,5.89,5.87,23,N/A
SSS043_INC-3,Pink, 2022-08-12,11:21:00,11:21:00,6,6.04,6.06,6.03,22.9,N/A
SSS032_INC-1,Pink, 2022-08-12,11:24:00,11:24:00,6.78,6.77,6.77,6.77,22.9,N/A
SSS032_INC-3,Pink, 2022-08-12,11:52:00,11:52:00,6.93,6.86,6.81,6.87,23,N/A
SSS019_INC-2,Pink, 2022-08-12,11:56:00,11:56:00,2.11,2.33,2.49,2.31,22.7,N/A
SSS018_INC-1,Pink, 2022-08-12,12:15:00,12:15:00,7.67,7.68,7.66,7.67,22.6,N/A
SSS018_INC-3,Pink, 2022-08-12,12:19:00,12:20:00,7.47,7.45,7.47,7.46,22.6,N/A
SSS007_INC-2,Pink, 2022-08-12,10:18:00,10:18:00,6.8,6.78,6.74,6.77,22.9,N/A
SSS033_INC-1,Pink, 2022-08-12,10:20:00,10:20:00,6,5.95,5.95,5.97,23,N/A
SSS033_INC-3,Pink, 2022-08-12,10:22:00,10:22:00,5.69,5.69,5.7,5.69,23.1,N/A
SSS031_INC-2,Pink, 2022-08-12,10:35:00,10:35:00,7.35,7.39,7.36,7.37,22.7,N/A
SSS045_INC-1,Pink, 2022-08-12,10:38:00,10:38:00,4.6,4.6,4.64,4.61,22.6,N/A
SSS045_INC-3,Pink, 2022-08-12,10:53:00,10:53:00,5.24,5.15,5.15,5.18,22.7,N/A
SSS009_INC-2,Pink, 2022-08-12,10:56:00,10:56:00,7.59,7.57,7.59,7.58,22.8,N/A
SSS044_INC-2,Pink, 2022-08-12,11:32:00,11:32:00,4.69,4.69,4.67,4.68,22.8,N/A
SSS043_INC-1,Pink, 2022-08-12,11:35:00,11:36:00,5.28,5.27,5.28,5.28,22.9,N/A
SSS043_INC-3,Pink, 2022-08-12,11:51:00,11:51:00,5.89,5.89,5.88,5.89,22.8,N/A
SSS032_INC-1,Pink, 2022-08-12,11:54:00,11:54:00,6.47,6.39,6.38,6.41,22.8,N/A
SSS032_INC-3,Pink, 2022-08-12,12:22:00,12:21:00,4.94,5.04,5.06,5.01,22.6,N/A
SSS018_INC-1,Pink, 2022-08-12,12:45:00,12:45:00,7.33,7.39,7.39,7.37,22.7,N/A
SSS018_INC-3,Pink, 2022-08-12,12:49:00,12:49:00,7.28,7.27,7.27,7.27,22.3,N/A
SSS007_INC-2,Pink, 2022-08-12,10:48:00,10:48:00,6.37,6.37,6.37,6.37,22.6,N/A
SSS033_INC-1,Pink, 2022-08-12,10:50:00,10:50:00,5.31,5.32,5.32,5.32,22.4,N/A
SSS033_INC-3,Pink, 2022-08-12,10:52:00,10:52:00,5.19,5.2,5.2,5.2,22.6,N/A
SSS031_INC-2,Pink, 2022-08-12,11:05:00,11:05:00,6.81,6.81,6.81,6.81,22.9,N/A
SSS045_INC-3,Pink, 2022-08-12,11:23:00,11:24:00,3.93,3.93,3.93,3.93,22.9,N/A
SSS009_INC-2,Pink, 2022-08-12,11:26:00,11:27:00,7.49,7.49,7.49,7.49,22.9,N/A
SSS043_INC-1,Pink, 2022-08-12,12:05:00,12:05:00,4.86,4.86,4.86,4.86,22,N/A
SSS043_INC-3,Pink, 2022-08-12,12:21:00,12:22:00,5.18,5.18,5.18,5.18,22.8,N/A
SSS032_INC-1,Pink, 2022-08-12,12:24:00,12:24:00,5.63,5.69,5.74,5.69,22.4,N/A
SSS032_INC-3,Pink, 2022-08-12,12:52:00,12:53:00,5.92,5.96,5.96,5.95,22.3,N/A
SSS018_INC-1,Pink, 2022-08-12,13:15:00,13:15:00,7.15,7.19,7.19,7.18,22.1,N/A
SSS018_INC-3,Pink, 2022-08-12,13:19:00,13:19:00,7.1,7.08,7.12,7.1,22.4,N/A
STD 0% DO,Blue, 2022-08-13,8:57:00,8:57:00,0.01,0.01,0.01,0.01,21.2,N/A
STD 100% DO,Blue, 2022-08-13,8:56:00,8:56:00,8.93,8.9,8.89,8.91,21.2,N/A
SSS046_INC-1,Blue, 2022-08-13,9:05:00,9:05:00,8.2,8.23,8.24,8.22,21.5,N/A
SSS046_INC-3,Blue, 2022-08-13,9:09:00,9:09:00,7.47,7.45,8.48,7.8,21.5,N/A
SSS035_INC-2,Blue, 2022-08-13,9:18:00,9:18:00,8.4,8.43,8.4,8.41,21.4,N/A
SSS048_INC-1,Blue, 2022-08-13,9:27:00,9:27:00,8.34,8.36,8.38,8.36,21.6,N/A
SSS048_INC-3,Blue, 2022-08-13,9:31:00,9:31:00,8.37,8.4,8.41,8.39,21.6,N/A
SSS034_INC-2,Blue, 2022-08-13,9:41:00,9:41:00,8.45,8.39,8.48,8.44,21.6,N/A
SSS047_INC-1,Blue, 2022-08-13,9:52:00,9:52:00,5.65,5.61,5.5,5.59,21.6,N/A
SSS047_INC-3,Blue, 2022-08-13,10:00:00,10:00:00,6.29,6.33,6.36,6.33,21.6,N/A
SSS010_INC-2,Blue, 2022-08-13,10:02:00,10:02:00,8.56,8.6,8.61,8.59,21.6,N/A
SSS021_INC-1,Blue, 2022-08-13,10:11:00,10:11:00,8.73,8.72,8.74,8.73,21.6,*spilled minor amount of slury when aerating
SSS021_INC-3,Blue, 2022-08-13,10:21:00,10:21:00,8.31,8.28,8.28,8.29,21.6,N/A
SSS011_INC-2,Blue, 2022-08-13,10:35:00,10:35:00,8.1,8.12,8.13,8.12,21.6,N/A
SSS022_INC-1,Blue, 2022-08-13,10:46:00,10:46:00,8.51,8.49,8.51,8.5,21.6,N/A
SSS022_INC-3,Blue, 2022-08-13,10:58:00,10:58:00,8.63,8.65,8.64,8.64,21.6,N/A
SSS012_INC-2,Blue, 2022-08-13,11:10:00,11:10:00,6.91,6.87,6.88,6.89,21.7,N/A
SSS046_INC-1,Blue, 2022-08-13,9:10:00,9:10:00,7.81,7.79,7.74,7.78,21.5,N/A
SSS046_INC-3,Blue, 2022-08-13,9:14:00,9:14:00,4.54,5.15,5.32,5,21.4,N/A
SSS035_INC-2,Blue, 2022-08-13,9:23:00,9:23:00,8.27,8.29,8.31,8.29,21.4,N/A
SSS048_INC-1,Blue, 2022-08-13,9:32:00,9:32:00,7.5,7.62,7.69,7.6,21.4,N/A
SSS048_INC-3,Blue, 2022-08-13,9:36:00,9:36:00,7.98,7.95,7.99,7.97,21.4,N/A
SSS034_INC-2,Blue, 2022-08-13,9:46:00,9:46:00,8.46,8.46,8.46,8.46,21.6,N/A
SSS047_INC-1,Blue, 2022-08-13,9:57:00,9:57:00,4.4,4.31,4.23,4.31,21.6,N/A
SSS047_INC-3,Blue, 2022-08-13,10:05:00,10:05:00,5.11,5.02,4.99,5.04,21.6,N/A
SSS010_INC-2,Blue, 2022-08-13,10:07:00,10:07:00,8.52,8.54,8.54,8.53,21.6,N/A
SSS021_INC-1,Blue, 2022-08-13,10:16:00,10:16:00,8.56,8.57,8.58,8.57,21.6,N/A
SSS021_INC-3,Blue, 2022-08-13,10:26:00,10:26:00,8.21,8.15,8.15,8.17,21.6,N/A
SSS011_INC-2,Blue, 2022-08-13,10:40:00,10:40:00,7.39,7.49,7.62,7.5,21.6,N/A
SSS022_INC-1,Blue, 2022-08-13,10:51:00,10:51:00,8.41,8.43,8.45,8.43,21.6,N/A
SSS022_INC-3,Blue, 2022-08-13,11:03:00,11:03:00,8.51,8.54,8.52,8.52,21.6,N/A
SSS012_INC-2,Blue, 2022-08-13,11:15:00,11:15:00,6.7,6.75,6.72,6.72,21.6,N/A
SSS046_INC-1,Blue, 2022-08-13,9:15:00,9:15:00,7.24,7.25,7.22,7.24,21.4,N/A
SSS046_INC-3,Blue, 2022-08-13,9:19:00,9:19:00,6.12,6.07,6,6.06,21.6,N/A
SSS035_INC-2,Blue, 2022-08-13,9:28:00,9:28:00,8.19,8.18,8.23,8.2,21.6,N/A
SSS048_INC-1,Blue, 2022-08-13,9:37:00,9:37:00,7.98,7.98,7.95,7.97,21.4,N/A
SSS048_INC-3,Blue, 2022-08-13,9:41:00,9:41:00,7.4,7.51,7.59,7.5,21.6,N/A
SSS034_INC-2,Blue, 2022-08-13,9:51:00,9:51:00,8.22,8.24,8.22,8.23,21.6,N/A
SSS010_INC-2,Blue, 2022-08-13,10:12:00,10:12:00,8.33,8.34,8.36,8.34,21.6,N/A
SSS021_INC-1,Blue, 2022-08-13,10:21:00,10:21:00,8.3,8.33,8.37,8.33,21.6,N/A
SSS021_INC-3,Blue, 2022-08-13,10:31:00,10:31:00,8.11,8.05,8.01,8.06,21.6,N/A
SSS011_INC-2,Blue, 2022-08-13,10:45:00,10:45:00,7.76,7.76,7.73,7.75,21.6,N/A
SSS022_INC-1,Blue, 2022-08-13,10:56:00,10:56:00,8.41,8.43,8.46,8.43,21.7,N/A
SSS022_INC-3,Blue, 2022-08-13,11:08:00,11:08:00,8.48,8.5,8.5,8.49,21.6,N/A
SSS012_INC-2,Blue, 2022-08-13,11:20:00,11:20:00,6.55,6.47,6.36,6.46,21.4,N/A
SSS046_INC-1,Blue, 2022-08-13,9:20:00,9:20:00,6.93,6.87,6.78,6.86,21.4,N/A
SSS046_INC-3,Blue, 2022-08-13,9:24:00,9:24:00,5.14,5.25,5.28,5.22,21.4,N/A
SSS035_INC-2,Blue, 2022-08-13,9:33:00,9:33:00,8.15,8.14,8.13,8.14,21.4,N/A
SSS048_INC-1,Blue, 2022-08-13,9:42:00,9:42:00,7.53,7.48,7.46,7.49,21.6,N/A
SSS048_INC-3,Blue, 2022-08-13,9:46:00,9:46:00,7.55,7.53,7.53,7.54,21.6,N/A
SSS034_INC-2,Blue, 2022-08-13,9:56:00,9:56:00,8.22,8.22,8.19,8.21,21.6,N/A
SSS010_INC-2,Blue, 2022-08-13,10:17:00,10:17:00,8.3,8.27,8.28,8.28,21.6,N/A
SSS021_INC-1,Blue, 2022-08-13,10:26:00,10:26:00,8.32,8.31,8.31,8.31,21.6,N/A
SSS021_INC-3,Blue, 2022-08-13,10:36:00,10:36:00,7.66,7.65,7.62,7.64,21.6,N/A
SSS011_INC-2,Blue, 2022-08-13,10:50:00,10:50:00,7.59,7.58,7.56,7.58,21.6,N/A
SSS022_INC-1,Blue, 2022-08-13,11:01:00,11:01:00,8.36,8.38,8.35,8.36,21.6,N/A
SSS022_INC-3,Blue, 2022-08-13,11:13:00,11:13:00,8.42,8.45,8.42,8.43,21.6,N/A
SSS012_INC-2,Blue, 2022-08-13,11:25:00,11:25:00,5.2,5.13,5.1,5.14,21.4,N/A
SSS046_INC-1,Blue, 2022-08-13,9:35:00,9:35:00,5.35,5.37,5.38,5.37,21.6,N/A
SSS046_INC-3,Blue, 2022-08-13,9:38:00,9:38:00,3.93,3.92,3.89,3.91,21.4,N/A
SSS035_INC-2,Blue, 2022-08-13,9:48:00,9:48:00,7.62,7.6,7.58,7.6,21.6,N/A
SSS048_INC-1,Blue, 2022-08-13,9:57:00,9:57:00,6.93,6.91,6.88,6.91,21.6,N/A
SSS048_INC-3,Blue, 2022-08-13,10:01:00,10:01:00,7.08,7,6.93,7,21.6,N/A
SSS034_INC-2,Blue, 2022-08-13,10:11:00,10:11:00,7.89,7.9,7.9,7.9,21.6,N/A
SSS010_INC-2,Blue, 2022-08-13,10:32:00,10:32:00,8.02,7.99,7.98,8,21.6,N/A
SSS021_INC-1,Blue, 2022-08-13,10:41:00,10:41:00,6.36,6.51,6.74,6.54,21.6,N/A
SSS021_INC-3,Blue, 2022-08-13,10:51:00,10:51:00,6.11,6.13,6.26,6.17,21.6,N/A
SSS011_INC-2,Blue, 2022-08-13,11:05:00,11:05:00,6.58,6.59,6.61,6.59,21.6,N/A
SSS022_INC-1,Blue, 2022-08-13,11:16:00,11:16:00,8,8.01,8.03,8.01,21.6,N/A
SSS022_INC-3,Blue, 2022-08-13,11:28:00,11:28:00,8.33,8.32,8.29,8.31,21.4,N/A
SSS012_INC-2,Blue, 2022-08-13,11:40:00,11:40:00,0.01,0.01,0,0.01,21.4,N/A
SSS046_INC-1,Blue, 2022-08-13,10:05:00,10:05:00,3.63,3.59,3.5,3.57,21.6,N/A
SSS035_INC-2,Blue, 2022-08-13,10:23:00,10:23:00,6.77,6.78,6.83,6.79,21.6,N/A
SSS048_INC-1,Blue, 2022-08-13,10:27:00,10:27:00,5.15,5.15,5.19,5.16,21.6,N/A
SSS048_INC-3,Blue, 2022-08-13,10:31:00,10:32:00,5.63,5.61,5.6,5.61,21.6,N/A
SSS034_INC-2,Blue, 2022-08-13,10:41:00,10:41:00,5.77,5.92,6.23,5.97,21.6,N/A
SSS010_INC-2,Blue, 2022-08-13,11:02:00,11:02:00,7.25,7.24,7.3,7.26,21.6,N/A
SSS021_INC-1,Blue, 2022-08-13,11:14:00,11:14:00,7.16,7.14,7.07,7.12,21.6,N/A
SSS021_INC-3,Blue, 2022-08-13,11:21:00,11:21:00,4.63,4.8,5,4.81,21.4,N/A
SSS011_INC-2,Blue, 2022-08-13,11:35:00,11:35:00,5.51,5.43,5.4,5.45,21.4,N/A
SSS022_INC-1,Blue, 2022-08-13,11:46:00,11:46:00,7.63,7.66,7.62,7.64,21.4,N/A
SSS022_INC-3,Blue, 2022-08-13,12:10:00,12:10:00,7.77,7.73,7.69,7.73,21.4,N/A
SSS035_INC-2,Blue, 2022-08-13,10:48:00,10:48:00,6.41,6.4,6.37,6.39,21.7,N/A
SSS048_INC-1,Blue, 2022-08-13,10:57:00,10:57:00,4.74,4.67,4.65,4.69,21.6,N/A
SSS048_INC-3,Blue, 2022-08-13,11:11:00,11:11:00,4.35,4.36,4.35,4.35,21.6,N/A
SSS034_INC-2,Blue, 2022-08-13,11:12:00,11:12:00,6.78,6.8,6.79,6.79,21.6,N/A
SSS010_INC-2,Blue, 2022-08-13,11:32:00,11:32:00,6.73,6.75,6.74,6.74,21.4,N/A
SSS021_INC-1,Blue, 2022-08-13,11:45:00,11:45:00,6.52,6.47,6.45,6.48,21.4,N/A
SSS011_INC-2,Blue, 2022-08-13,12:05:00,12:05:00,4.01,4,3.97,3.99,21.4,N/A
SSS022_INC-1,Blue, 2022-08-13,12:16:00,12:16:00,7.26,7.19,7.18,7.21,21.3,N/A
SSS022_INC-3,Blue, 2022-08-13,12:40:00,12:40:00,7.39,7.38,7.35,7.37,21.2,N/A
SSS035_INC-2,Blue, 2022-08-13,11:18:00,11:18:00,5.71,5.72,5.73,5.72,21.6,N/A
SSS034_INC-2,Blue, 2022-08-13,11:41:00,11:41:00,6.66,6.63,6.61,6.63,21.4,N/A
SSS010_INC-2,Blue, 2022-08-13,12:02:00,12:02:00,6.21,6.21,6.22,6.21,21.3,N/A
SSS021_INC-1,Blue, 2022-08-13,12:14:00,12:14:00,5.94,5.91,5.9,5.92,21.4,N/A
SSS022_INC-1,Blue, 2022-08-13,12:46:00,12:46:00,6.76,6.77,6.76,6.76,21.2,N/A
SSS022_INC-3,Blue, 2022-08-13,12:58:00,12:58:00,6.52,6.59,6.64,6.58,21.2,N/A
STD 0% DO,Pink, 2022-08-13,8:15:00,8:16:00,0.01,0,0.01,0.01,22.4,N/A
STD 100% DO,Pink, 2022-08-13,8:17:00,8:18:00,8.56,8.56,8.51,8.54,22.4,N/A
SSS046_INC-2,Pink, 2022-08-13,8:28:00,8:28:00,7.55,7.38,7.39,7.44,22.6,N/A
SSS035_INC-1,Pink, 2022-08-13,8:37:00,8:37:00,9.06,9.29,9.13,9.16,22.5,N/A
SSS035_INC-3,Pink, 2022-08-13,8:41:00,8:41:00,8.41,8.42,8.39,8.41,22.4,N/A
SSS048_INC-2,Pink, 2022-08-13,8:50:00,8:50:00,8.27,8.27,8.26,8.27,22.5,N/A
SSS034_INC-1,Pink, 2022-08-13,9:02:00,9:02:00,8.4,8.38,8.35,8.38,22.6,N/A
SSS034_INC-3,Pink, 2022-08-13,9:09:00,9:09:00,8.18,8.18,8.19,8.18,22.4,N/A
SSS047_INC-2,Pink, 2022-08-13,9:12:00,9:12:00,5.03,5.02,4.97,5.01,22.7,N/A
SSS010_INC-1,Pink, 2022-08-13,9:30:00,9:30:00,8.28,8.29,8.31,8.29,22.6,N/A
SSS010_INC-3,Pink, 2022-08-13,9:34:00,9:34:00,8.15,8.17,8.2,8.17,22.6,N/A
SSS021_INC-2,Pink, 2022-08-13,9:43:00,9:43:00,7.74,7.82,7.87,7.81,22.6,N/A
SSS011_INC-1,Pink, 2022-08-13,9:54:00,9:54:00,7.74,7.77,7.81,7.77,22.9,N/A
SSS011_INC-3,Pink, 2022-08-13,10:03:00,10:03:00,7.85,7.88,7.87,7.87,22.7,N/A
SSS022_INC-2,Pink, 2022-08-13,10:14:00,10:14:00,8.29,8.31,8.26,8.29,22.4,N/A
SSS012_INC-1,Pink, 2022-08-13,10:28:00,10:28:00,6.55,6.63,6.67,6.62,22.5,N/A
SSS012_INC-3,Pink, 2022-08-13,10:38:00,10:39:00,7.35,7.42,7.45,7.41,22.7,N/A
SSS046_INC-2,Pink, 2022-08-13,8:33:00,8:33:00,7.3,7.26,7.2,7.25,22.7,N/A
SSS035_INC-1,Pink, 2022-08-13,8:42:00,8:42:00,8.19,8.2,8.2,8.2,22.6,N/A
SSS035_INC-3,Pink, 2022-08-13,8:46:00,8:46:00,8.38,8.33,8.34,8.35,22.6,N/A
SSS048_INC-2,Pink, 2022-08-13,8:55:00,8:55:00,7.99,7.95,7.96,7.97,22.8,N/A
SSS034_INC-1,Pink, 2022-08-13,9:08:00,9:08:00,8.23,8.24,8.22,8.23,22.6,N/A
SSS034_INC-3,Pink, 2022-08-13,9:14:00,9:14:00,8.18,8.15,8.17,8.17,22.6,N/A
SSS047_INC-2,Pink, 2022-08-13,9:17:00,9:17:00,1.47,1.85,2.13,1.82,22.7,N/A
SSS010_INC-1,Pink, 2022-08-13,9:35:00,9:35:00,8.25,8.24,8.28,8.26,22.6,N/A
SSS010_INC-3,Pink, 2022-08-13,9:39:00,9:40:00,8.28,8.3,8.31,8.3,22.7,N/A
SSS021_INC-2,Pink, 2022-08-13,9:48:00,9:48:00,7.82,7.79,7.81,7.81,22.7,N/A
SSS011_INC-1,Pink, 2022-08-13,9:59:00,9:59:00,7.83,7.84,7.87,7.85,22.7,N/A
SSS011_INC-3,Pink, 2022-08-13,10:08:00,10:08:00,7.74,7.76,7.75,7.75,22.7,N/A
SSS022_INC-2,Pink, 2022-08-13,10:19:00,10:19:00,8.2,8.18,8.2,8.19,22.6,N/A
SSS012_INC-1,Pink, 2022-08-13,10:33:00,10:34:00,5.74,5.78,5.81,5.78,22.5,N/A
SSS012_INC-3,Pink, 2022-08-13,10:43:00,10:44:00,7.27,7.23,7.21,7.24,22.4,N/A
SSS046_INC-2,Pink, 2022-08-13,8:38:00,8:38:00,6.27,6.25,6.2,6.24,22.5,N/A
SSS035_INC-1,Pink, 2022-08-13,8:47:00,8:47:00,8.11,8.09,8.1,8.1,22.6,N/A
SSS035_INC-3,Pink, 2022-08-13,8:51:00,8:51:00,8.21,8.2,8.18,8.2,22.6,N/A
SSS048_INC-2,Pink, 2022-08-13,9:00:00,9:00:00,7.61,7.61,7.63,7.62,22.6,N/A
SSS034_INC-1,Pink, 2022-08-13,9:12:00,9:12:00,8.35,8.38,8.36,8.36,22.5,N/A
SSS034_INC-3,Pink, 2022-08-13,9:19:00,9:19:00,8,8.02,7.99,8,22.8,N/A
SSS010_INC-1,Pink, 2022-08-13,9:40:00,9:41:00,8.06,8.09,8.09,8.08,22.5,N/A
SSS010_INC-3,Pink, 2022-08-13,9:44:00,9:45:00,8.07,8.05,8.06,8.06,22.7,N/A
SSS021_INC-2,Pink, 2022-08-13,9:53:00,9:53:00,7.66,7.63,7.66,7.65,22.6,N/A
SSS011_INC-1,Pink, 2022-08-13,10:04:00,10:04:00,7.54,7.5,7.49,7.51,22.7,N/A
SSS011_INC-3,Pink, 2022-08-13,10:13:00,10:13:00,7.48,7.28,7.5,7.42,22.8,N/A
SSS022_INC-2,Pink, 2022-08-13,10:24:00,10:24:00,8.04,8.03,8.09,8.05,22.8,N/A
SSS012_INC-1,Pink, 2022-08-13,10:38:00,10:38:00,5.01,5.03,5.07,5.04,22.6,N/A
SSS012_INC-3,Pink, 2022-08-13,10:48:00,10:48:00,6.9,6.93,6.91,6.91,22.6,N/A
SSS046_INC-2,Pink, 2022-08-13,8:43:00,8:43:00,3.85,3.99,4.06,3.97,22.8,N/A
SSS035_INC-1,Pink, 2022-08-13,8:52:00,8:52:00,8.21,8.23,8.26,8.23,22.6,N/A
SSS035_INC-3,Pink, 2022-08-13,8:56:00,8:56:00,8.17,8.16,8.16,8.16,22.5,N/A
SSS048_INC-2,Pink, 2022-08-13,9:05:00,9:05:00,7.44,7.41,7.4,7.42,22.7,N/A
SSS034_INC-1,Pink, 2022-08-13,9:17:00,9:18:00,8.03,8.02,7.99,8.01,22.6,N/A
SSS034_INC-3,Pink, 2022-08-13,9:24:00,9:24:00,7.91,7.94,7.91,7.92,22.7,N/A
SSS010_INC-1,Pink, 2022-08-13,9:45:00,9:45:00,8.01,7.99,8.02,8.01,22.8,N/A
SSS010_INC-3,Pink, 2022-08-13,9:49:00,9:49:00,8.08,8.07,8.04,8.06,22.6,N/A
SSS021_INC-2,Pink, 2022-08-13,9:58:00,9:58:00,7.46,7.45,7.43,7.45,22.5,N/A
SSS011_INC-1,Pink, 2022-08-13,10:09:00,10:09:00,6.8,6.94,7,6.91,22.8,N/A
SSS011_INC-3,Pink, 2022-08-13,10:18:00,10:18:00,7.32,7.3,7.28,7.3,22.7,N/A
SSS022_INC-2,Pink, 2022-08-13,10:29:00,10:29:00,8,7.97,7.98,7.98,23,N/A
SSS012_INC-1,Pink, 2022-08-13,10:45:00,10:46:00,3.92,4,4.06,3.99,22.4,N/A
SSS012_INC-3,Pink, 2022-08-13,10:53:00,10:53:00,6.61,6.58,6.56,6.58,22.6,N/A
SSS035_INC-1,Pink, 2022-08-13,9:07:00,9:07:00,7.65,7.63,7.62,7.63,22.6,N/A
SSS035_INC-3,Pink, 2022-08-13,9:11:00,9:11:00,6.99,7.16,7.23,7.13,22.4,N/A
SSS048_INC-2,Pink, 2022-08-13,9:20:00,9:21:00,7.03,7.13,7.06,7.07,22.9,N/A
SSS034_INC-1,Pink, 2022-08-13,9:32:00,9:32:00,7.76,7.75,7.74,7.75,22.7,N/A
SSS034_INC-3,Pink, 2022-08-13,9:39:00,9:39:00,7.43,7.46,7.5,7.46,22.8,N/A
SSS010_INC-1,Pink, 2022-08-13,10:00:00,10:00:00,7.67,7.67,7.69,7.68,23,N/A
SSS010_INC-3,Pink, 2022-08-13,10:04:00,10:05:00,7.68,7.66,7.68,7.67,22.7,N/A
SSS021_INC-2,Pink, 2022-08-13,10:13:00,10:14:00,6.43,6.41,6.42,6.42,22.8,N/A
SSS011_INC-1,Pink, 2022-08-13,10:25:00,10:25:00,6.61,6.53,6.48,6.54,22.9,N/A
SSS011_INC-3,Pink, 2022-08-13,10:34:00,10:34:00,6.32,6.32,6.32,6.32,22.6,N/A
SSS022_INC-2,Pink, 2022-08-13,10:44:00,10:44:00,7.73,7.7,7.72,7.72,22.6,N/A
SSS012_INC-3,Pink, 2022-08-13,11:08:00,11:09:00,2.76,3.1,3.34,3.07,22.9,N/A
SSS035_INC-1,Pink, 2022-08-13,9:37:00,9:37:00,7.18,7.14,7.13,7.15,22.5,N/A
SSS035_INC-3,Pink, 2022-08-13,9:41:00,9:42:00,7.29,7.24,7.25,7.26,22.6,N/A
SSS048_INC-2,Pink, 2022-08-13,9:50:00,9:50:00,5.15,5.13,5.11,5.13,22.7,N/A
SSS034_INC-1,Pink, 2022-08-13,10:02:00,10:02:00,7.26,7.24,7.26,7.25,22.7,N/A
SSS034_INC-3,Pink, 2022-08-13,10:09:00,10:09:00,6.92,6.95,6.96,6.94,22.9,N/A
SSS010_INC-1,Pink, 2022-08-13,10:30:00,10:30:00,7,7.01,7.02,7.01,23,N/A
SSS010_INC-3,Pink, 2022-08-13,10:34:00,10:35:00,7,6.99,7.01,7,22.6,N/A
SSS021_INC-2,Pink, 2022-08-13,10:43:00,10:44:00,5.03,5.07,5.04,5.05,22.7,N/A
SSS011_INC-1,Pink, 2022-08-13,10:54:00,10:55:00,4.81,4.78,4.79,4.79,22.8,N/A
SSS011_INC-3,Pink, 2022-08-13,11:03:00,11:03:00,5.09,5.18,5.23,5.17,22.2,N/A
SSS022_INC-2,Pink, 2022-08-13,11:14:00,11:15:00,7.4,7.37,7.35,7.37,22.4,N/A
SSS035_INC-1,Pink, 2022-08-13,10:07:00,10:07:00,6.42,6.4,6.39,6.4,22.6,N/A
SSS035_INC-3,Pink, 2022-08-13,10:11:00,10:11:00,6.6,6.61,6.65,6.62,22.8,N/A
SSS048_INC-2,Pink, 2022-08-13,10:20:00,10:20:00,4.06,4.05,4.06,4.06,22.4,N/A
SSS034_INC-1,Pink, 2022-08-13,10:32:00,10:33:00,6.57,6.55,6.58,6.57,22.6,N/A
SSS034_INC-3,Pink, 2022-08-13,10:39:00,10:40:00,6.58,6.55,6.54,6.56,22.6,N/A
SSS010_INC-1,Pink, 2022-08-13,11:00:00,11:01:00,6.54,6.55,6.59,6.56,22.6,N/A
SSS010_INC-3,Pink, 2022-08-13,11:04:00,11:05:00,6.43,6.44,6.41,6.43,22.4,N/A
SSS011_INC-3,Pink, 2022-08-13,11:33:00,11:33:00,3.45,3.47,3.51,3.48,22.6,N/A
SSS022_INC-2,Pink, 2022-08-13,11:44:00,11:44:00,6.7,6.69,6.79,6.73,22.5,N/A
SSS035_INC-1,Pink, 2022-08-13,10:37:00,10:37:00,5.72,5.7,5.71,5.71,22.8,N/A
SSS035_INC-3,Pink, 2022-08-13,10:41:00,10:41:00,6.16,6.16,6.15,6.16,22.7,N/A
SSS034_INC-1,Pink, 2022-08-13,11:02:00,11:02:00,6.38,6.61,6.65,6.55,22.7,N/A
SSS034_INC-3,Pink, 2022-08-13,11:09:00,11:09:00,5.94,5.98,5.97,5.96,22.8,N/A
SSS010_INC-1,Pink, 2022-08-13,11:30:00,11:30:00,6.1,6.12,6.15,6.12,22.5,N/A
SSS010_INC-3,Pink, 2022-08-13,11:34:00,11:34:00,6.02,6.04,6.02,6.03,22,N/A
SSS022_INC-2,Pink, 2022-08-13,12:14:00,12:14:00,6.57,6.56,6.58,6.57,22,N/A
0% Saturation,Blue, 2022-08-14,9:12:00,9:13:00,0,0,0,0,21.1,N/A
100% Saturation,Blue, 2022-08-14,9:13:00,9:13:00,8.88,8.87,8.89,8.88,21.2,N/A
SSS036_INC-1,Blue, 2022-08-14,9:42:00,9:43:00,6.69,6.71,6.77,6.72,21.3,N/A
SSS036_INC-3,Blue, 2022-08-14,9:46:00,9:46:00,7.46,7.51,7.52,7.5,21.3,N/A
SSS023_INC-1,Blue, 2022-08-14,9:54:00,9:54:00,2.11,1.94,1.77,1.94,21.4,N/A
SSS023_INC-3,Blue, 2022-08-14,9:58:00,9:58:00,4.78,4.77,4.71,4.75,21.3,N/A
SSS024_INC-2,Blue, 2022-08-14,10:05:00,10:05:00,3.99,3.87,3.78,3.88,21.4,N/A
SSS036_INC-1,Blue, 2022-08-14,9:47:00,9:47:00,6.44,6.32,6.22,6.33,21.3,N/A
SSS036_INC-3,Blue, 2022-08-14,9:51:00,9:51:00,7,6.91,6.92,6.94,22,N/A
SSS023_INC-1,Blue, 2022-08-14,9:59:00,9:59:00,0.01,0.01,0.01,0.01,21.4,N/A
SSS023_INC-3,Blue, 2022-08-14,10:03:00,10:03:00,1,1.16,1.27,1.14,21.4,N/A
SSS024_INC-2,Blue, 2022-08-14,10:08:00,10:08:00,0.98,1.15,1.27,1.13,21.4,N/A
SSS036_INC-1,Blue, 2022-08-14,9:52:00,9:52:00,4.66,4.67,4.66,4.66,21.3,N/A
SSS036_INC-3,Blue, 2022-08-14,9:56:00,9:56:00,5.33,5.4,5.43,5.39,21.3,N/A
SSS036_INC-3,Blue, 2022-08-14,10:01:00,10:01:00,3.55,3.78,3.93,3.75,21.4,N/A
0% Saturation,Pink, 2022-08-14,8:31:00,8:32:00,0,0,0,0,22.3,N/A
100% Saturation,Pink, 2022-08-14,8:32:00,8:32:00,8.63,8.58,8.59,8.6,22.2,N/A
SSS023_INC-2,Pink, 2022-08-14,8:42:00,8:42:00,1.7,1.6,1.47,1.59,22.1,N/A
SSS024_INC-1,Pink, 2022-08-14,8:45:00,8:45:00,4.69,4.64,4.55,4.63,22.1,N/A
SSS024_INC-3,Pink, 2022-08-14,8:52:00,8:52:00,4.75,4.78,4.77,4.77,22.1,N/A
SSS036_INC-2,Pink, 2022-08-14,8:56:00,8:56:00,6.98,7.01,7.07,7.02,22.2,N/A
SSS023_INC-2,Pink, 2022-08-14,8:47:00,8:47:00,0.02,0.01,0.01,0.01,22.1,N/A
SSS024_INC-1,Pink, 2022-08-14,8:50:00,8:50:00,2.1,1.92,1.79,1.94,22.1,N/A
SSS024_INC-3,Pink, 2022-08-14,8:57:00,8:57:00,1.26,1.14,1.08,1.16,22.1,N/A
SSS036_INC-2,Pink, 2022-08-14,9:01:00,9:01:00,6.58,6.59,6.49,6.55,22.3,N/A
SSS036_INC-2,Pink, 2022-08-14,9:06:00,9:06:00,4.86,4.85,4.84,4.85,22.5,N/A
